{"format":1,"version":"4.5.4","settings":"c085d9cbe29c0c2e1c4915b00d7d0680","files":{"pygeodesy___init___py":{"hash":"623d6672b196f9133581001deb74addd","index":{"nums":[1,107,3,3,0,0,0],"html_filename":"pygeodesy___init___py.html","relative_filename":"pygeodesy/__init__.py"}},"pygeodesy_bases_py":{"hash":"596b5e3e8befc65af13ec19f5e492823","index":{"nums":[1,6,0,0,0,0,0],"html_filename":"pygeodesy_bases_py.html","relative_filename":"pygeodesy/bases.py"}},"pygeodesy_cartesianBase_py":{"hash":"1a3298f26151a4e59f423e3bee59d494","index":{"nums":[1,102,4,9,0,0,0],"html_filename":"pygeodesy_cartesianBase_py.html","relative_filename":"pygeodesy/cartesianBase.py"}},"pygeodesy_clipy_py":{"hash":"effc96b95bf3c959f4eed2f6b03acbb0","index":{"nums":[1,198,8,12,0,0,0],"html_filename":"pygeodesy_clipy_py.html","relative_filename":"pygeodesy/clipy.py"}},"pygeodesy_css_py":{"hash":"1b72c716bbc38a8bb94203d41a7d1aa8","index":{"nums":[1,177,4,19,0,0,0],"html_filename":"pygeodesy_css_py.html","relative_filename":"pygeodesy/css.py"}},"pygeodesy_datum_py":{"hash":"d70bf0dd3ebe5d6379506c432ac46636","index":{"nums":[1,405,24,33,0,0,0],"html_filename":"pygeodesy_datum_py.html","relative_filename":"pygeodesy/datum.py"}},"pygeodesy_deprecated_py":{"hash":"34d5f0e4acaab422005c003a2ab0d511","index":{"nums":[1,77,0,0,0,0,0],"html_filename":"pygeodesy_deprecated_py.html","relative_filename":"pygeodesy/deprecated.py"}},"pygeodesy_dms_py":{"hash":"baff09044a3a826bc63b68a0ac806322","index":{"nums":[1,201,12,17,0,0,0],"html_filename":"pygeodesy_dms_py.html","relative_filename":"pygeodesy/dms.py"}},"pygeodesy_ecef_py":{"hash":"5e886b4b10dadd554231f29404d54e44","index":{"nums":[1,298,9,21,0,0,0],"html_filename":"pygeodesy_ecef_py.html","relative_filename":"pygeodesy/ecef.py"}},"pygeodesy_elevations_py":{"hash":"62cbedd1055aaedf271cc271f3069062","index":{"nums":[1,74,19,6,0,0,0],"html_filename":"pygeodesy_elevations_py.html","relative_filename":"pygeodesy/elevations.py"}},"pygeodesy_ellipsoidalBase_py":{"hash":"b875081488288e3610954ad502ce0212","index":{"nums":[1,189,3,11,0,0,0],"html_filename":"pygeodesy_ellipsoidalBase_py.html","relative_filename":"pygeodesy/ellipsoidalBase.py"}},"pygeodesy_ellipsoidalKarney_py":{"hash":"49b56a0c6c826e1b60e470980ca0eac6","index":{"nums":[1,88,2,3,0,0,0],"html_filename":"pygeodesy_ellipsoidalKarney_py.html","relative_filename":"pygeodesy/ellipsoidalKarney.py"}},"pygeodesy_ellipsoidalNvector_py":{"hash":"9634aaf827fdad8a5bf4122735e454f1","index":{"nums":[1,158,0,17,0,0,0],"html_filename":"pygeodesy_ellipsoidalNvector_py.html","relative_filename":"pygeodesy/ellipsoidalNvector.py"}},"pygeodesy_ellipsoidalVincenty_py":{"hash":"69b92fed40d7aed4e55e8e67d8330635","index":{"nums":[1,151,5,3,0,0,0],"html_filename":"pygeodesy_ellipsoidalVincenty_py.html","relative_filename":"pygeodesy/ellipsoidalVincenty.py"}},"pygeodesy_elliptic_py":{"hash":"f4cc41b3a89a191f06fd10c5ef547372","index":{"nums":[1,336,21,18,0,0,0],"html_filename":"pygeodesy_elliptic_py.html","relative_filename":"pygeodesy/elliptic.py"}},"pygeodesy_epsg_py":{"hash":"e1de7d2ab3d26fb4f0e2f12e42dae63a","index":{"nums":[1,92,5,4,0,0,0],"html_filename":"pygeodesy_epsg_py.html","relative_filename":"pygeodesy/epsg.py"}},"pygeodesy_etm_py":{"hash":"52f837b373c401f836560add34ee18c7","index":{"nums":[1,366,6,36,0,0,0],"html_filename":"pygeodesy_etm_py.html","relative_filename":"pygeodesy/etm.py"}},"pygeodesy_fmath_py":{"hash":"5cdcb95009635a02aeba8fe52cafd782","index":{"nums":[1,360,53,33,0,0,0],"html_filename":"pygeodesy_fmath_py.html","relative_filename":"pygeodesy/fmath.py"}},"pygeodesy_formy_py":{"hash":"bb551d6e15da46800bfbcea3fd5f4649","index":{"nums":[1,109,5,8,0,0,0],"html_filename":"pygeodesy_formy_py.html","relative_filename":"pygeodesy/formy.py"}},"pygeodesy_frechet_py":{"hash":"4358893f6c91ca40b3788e3f045f3f94","index":{"nums":[1,171,8,15,0,0,0],"html_filename":"pygeodesy_frechet_py.html","relative_filename":"pygeodesy/frechet.py"}},"pygeodesy_gars_py":{"hash":"d32f9419a14b429e99a95ad4475651c3","index":{"nums":[1,158,10,8,0,0,0],"html_filename":"pygeodesy_gars_py.html","relative_filename":"pygeodesy/gars.py"}},"pygeodesy_geohash_py":{"hash":"f52736df7b6c0d290faeed91861ea5c5","index":{"nums":[1,240,12,10,0,0,0],"html_filename":"pygeodesy_geohash_py.html","relative_filename":"pygeodesy/geohash.py"}},"pygeodesy_geoids_py":{"hash":"e6d069ae5087dea15ff0ad146448674b","index":{"nums":[1,635,68,60,0,0,0],"html_filename":"pygeodesy_geoids_py.html","relative_filename":"pygeodesy/geoids.py"}},"pygeodesy_hausdorff_py":{"hash":"d941061f2d3b150993ffc88cfe665489","index":{"nums":[1,184,6,18,0,0,0],"html_filename":"pygeodesy_hausdorff_py.html","relative_filename":"pygeodesy/hausdorff.py"}},"pygeodesy_heights_py":{"hash":"9710d65c0c1aca7790fa1312def2e3b0","index":{"nums":[1,286,31,25,0,0,0],"html_filename":"pygeodesy_heights_py.html","relative_filename":"pygeodesy/heights.py"}},"pygeodesy_latlonBase_py":{"hash":"b8adef411a06932735dacefacdac32da","index":{"nums":[1,197,2,20,0,0,0],"html_filename":"pygeodesy_latlonBase_py.html","relative_filename":"pygeodesy/latlonBase.py"}},"pygeodesy_lazily_py":{"hash":"35bc2cf6125bba2c98cd1bb51067c5a9","index":{"nums":[1,109,11,8,0,0,0],"html_filename":"pygeodesy_lazily_py.html","relative_filename":"pygeodesy/lazily.py"}},"pygeodesy_lcc_py":{"hash":"03aba23a35517c4f7c707412521851ee","index":{"nums":[1,211,7,20,0,0,0],"html_filename":"pygeodesy_lcc_py.html","relative_filename":"pygeodesy/lcc.py"}},"pygeodesy_mgrs_py":{"hash":"b3c95d3c4b941a01082db71f9d353f86","index":{"nums":[1,114,5,12,0,0,0],"html_filename":"pygeodesy_mgrs_py.html","relative_filename":"pygeodesy/mgrs.py"}},"pygeodesy_named_py":{"hash":"b7b63f4faf375b9efa6ff1eb1e2ec0b0","index":{"nums":[1,345,36,51,0,0,0],"html_filename":"pygeodesy_named_py.html","relative_filename":"pygeodesy/named.py"}},"pygeodesy_nvector_py":{"hash":"3dffc014e408f96a6ad1b7328c4d2dfd","index":{"nums":[1,5,0,0,0,0,0],"html_filename":"pygeodesy_nvector_py.html","relative_filename":"pygeodesy/nvector.py"}},"pygeodesy_nvectorBase_py":{"hash":"1489d97022bd176242a813947eacaac4","index":{"nums":[1,100,1,3,0,0,0],"html_filename":"pygeodesy_nvectorBase_py.html","relative_filename":"pygeodesy/nvectorBase.py"}},"pygeodesy_osgr_py":{"hash":"6d015f3ec5475c5f990cfcea1970b626","index":{"nums":[1,177,8,8,0,0,0],"html_filename":"pygeodesy_osgr_py.html","relative_filename":"pygeodesy/osgr.py"}},"pygeodesy_points_py":{"hash":"a298172c201d30cf07f2b0197ce3888f","index":{"nums":[1,475,23,50,0,0,0],"html_filename":"pygeodesy_points_py.html","relative_filename":"pygeodesy/points.py"}},"pygeodesy_simplify_py":{"hash":"99f3fa5215e79819109dae422c5e0477","index":{"nums":[1,220,3,19,0,0,0],"html_filename":"pygeodesy_simplify_py.html","relative_filename":"pygeodesy/simplify.py"}},"pygeodesy_sphericalBase_py":{"hash":"824ce9680c7e49a736f5586415150a76","index":{"nums":[1,103,3,7,0,0,0],"html_filename":"pygeodesy_sphericalBase_py.html","relative_filename":"pygeodesy/sphericalBase.py"}},"pygeodesy_sphericalNvector_py":{"hash":"8ae373f5b471d4862268ca7d6ea5e03d","index":{"nums":[1,298,4,19,0,0,0],"html_filename":"pygeodesy_sphericalNvector_py.html","relative_filename":"pygeodesy/sphericalNvector.py"}},"pygeodesy_sphericalTrigonometry_py":{"hash":"04c656f2f31c272af53c294c68328875","index":{"nums":[1,275,10,26,0,0,0],"html_filename":"pygeodesy_sphericalTrigonometry_py.html","relative_filename":"pygeodesy/sphericalTrigonometry.py"}},"pygeodesy_trf_py":{"hash":"79a972b86d31bc11c8165aea00d47a09","index":{"nums":[1,76,11,6,0,0,0],"html_filename":"pygeodesy_trf_py.html","relative_filename":"pygeodesy/trf.py"}},"pygeodesy_ups_py":{"hash":"6ed1367841f6526edfb4ac4861d5229c","index":{"nums":[1,174,9,19,0,0,0],"html_filename":"pygeodesy_ups_py.html","relative_filename":"pygeodesy/ups.py"}},"pygeodesy_utily_py":{"hash":"89f128e329e8d393e7204c6cbb19533b","index":{"nums":[1,205,12,7,0,0,0],"html_filename":"pygeodesy_utily_py.html","relative_filename":"pygeodesy/utily.py"}},"pygeodesy_utm_py":{"hash":"44653db4dd90080bc60e12d3f5cc606f","index":{"nums":[1,255,15,8,0,0,0],"html_filename":"pygeodesy_utm_py.html","relative_filename":"pygeodesy/utm.py"}},"pygeodesy_utmups_py":{"hash":"844ec6720485cd792a033c969c3b8001","index":{"nums":[1,100,4,10,0,0,0],"html_filename":"pygeodesy_utmups_py.html","relative_filename":"pygeodesy/utmups.py"}},"pygeodesy_utmupsBase_py":{"hash":"483048e263dda85a408634872def9e9a","index":{"nums":[1,127,4,6,0,0,0],"html_filename":"pygeodesy_utmupsBase_py.html","relative_filename":"pygeodesy/utmupsBase.py"}},"pygeodesy_vector3d_py":{"hash":"3a69b59e8242dc0ca3c7ba0a013e27b8","index":{"nums":[1,210,8,19,0,0,0],"html_filename":"pygeodesy_vector3d_py.html","relative_filename":"pygeodesy/vector3d.py"}},"pygeodesy_webmercator_py":{"hash":"7d3c48bebdb21673bbfef69702b7c30c","index":{"nums":[1,97,7,7,0,0,0],"html_filename":"pygeodesy_webmercator_py.html","relative_filename":"pygeodesy/webmercator.py"}},"pygeodesy_wgrs_py":{"hash":"d0dba373acbd782a117339eaeb9def69","index":{"nums":[1,214,13,18,0,0,0],"html_filename":"pygeodesy_wgrs_py.html","relative_filename":"pygeodesy/wgrs.py"}}}}