{"format":1,"version":"4.5.4","settings":"2a20cf5f480129a7584eadce148a4acc","files":{"pygeodesy___init___py":{"hash":"750d47a6a52773e8c502f60f9ea95364","index":{"nums":[1,112,3,3,0,0,0],"html_filename":"pygeodesy___init___py.html","relative_filename":"pygeodesy/__init__.py"}},"pygeodesy_bases_py":{"hash":"596b5e3e8befc65af13ec19f5e492823","index":{"nums":[1,6,0,0,0,0,0],"html_filename":"pygeodesy_bases_py.html","relative_filename":"pygeodesy/bases.py"}},"pygeodesy_basics_py":{"hash":"6095c8336d3a9ecd228a13dc0eac6196","index":{"nums":[1,155,30,7,0,0,0],"html_filename":"pygeodesy_basics_py.html","relative_filename":"pygeodesy/basics.py"}},"pygeodesy_cartesianBase_py":{"hash":"fe317ec4f23c1ce2aa74919cab2c326c","index":{"nums":[1,119,9,6,0,0,0],"html_filename":"pygeodesy_cartesianBase_py.html","relative_filename":"pygeodesy/cartesianBase.py"}},"pygeodesy_clipy_py":{"hash":"3360b99aded37cff410f6dc0472103b9","index":{"nums":[1,195,13,10,0,0,0],"html_filename":"pygeodesy_clipy_py.html","relative_filename":"pygeodesy/clipy.py"}},"pygeodesy_css_py":{"hash":"2b7b8b08c7419e110457470c0f7094ed","index":{"nums":[1,187,3,9,0,0,0],"html_filename":"pygeodesy_css_py.html","relative_filename":"pygeodesy/css.py"}},"pygeodesy_datum_py":{"hash":"8257eff8975cfc1493f35e370d78e2a8","index":{"nums":[1,421,27,10,0,0,0],"html_filename":"pygeodesy_datum_py.html","relative_filename":"pygeodesy/datum.py"}},"pygeodesy_deprecated_py":{"hash":"89649904e4325725ebc3e2810956e2c7","index":{"nums":[1,92,8,2,0,0,0],"html_filename":"pygeodesy_deprecated_py.html","relative_filename":"pygeodesy/deprecated.py"}},"pygeodesy_dms_py":{"hash":"63707cdd099a5e1a0b6f31547542c028","index":{"nums":[1,202,12,11,0,0,0],"html_filename":"pygeodesy_dms_py.html","relative_filename":"pygeodesy/dms.py"}},"pygeodesy_ecef_py":{"hash":"cfbb24b64a1a10e5e9b45c78e22c9837","index":{"nums":[1,311,20,18,0,0,0],"html_filename":"pygeodesy_ecef_py.html","relative_filename":"pygeodesy/ecef.py"}},"pygeodesy_elevations_py":{"hash":"61ba4c8a4d1e7d7b190f2624964aca5a","index":{"nums":[1,73,20,5,0,0,0],"html_filename":"pygeodesy_elevations_py.html","relative_filename":"pygeodesy/elevations.py"}},"pygeodesy_ellipsoidalBase_py":{"hash":"0bea6b37738b0fdec8f32b86fce3bec3","index":{"nums":[1,184,7,13,0,0,0],"html_filename":"pygeodesy_ellipsoidalBase_py.html","relative_filename":"pygeodesy/ellipsoidalBase.py"}},"pygeodesy_ellipsoidalKarney_py":{"hash":"6baebab3dbcbb62cd833b088b96a5114","index":{"nums":[1,89,5,2,0,0,0],"html_filename":"pygeodesy_ellipsoidalKarney_py.html","relative_filename":"pygeodesy/ellipsoidalKarney.py"}},"pygeodesy_ellipsoidalNvector_py":{"hash":"6f4212914afde90c0dad22a4e3654377","index":{"nums":[1,157,6,10,0,0,0],"html_filename":"pygeodesy_ellipsoidalNvector_py.html","relative_filename":"pygeodesy/ellipsoidalNvector.py"}},"pygeodesy_ellipsoidalVincenty_py":{"hash":"47eee771f1a48ba48c25b208a41aa753","index":{"nums":[1,142,16,2,0,0,0],"html_filename":"pygeodesy_ellipsoidalVincenty_py.html","relative_filename":"pygeodesy/ellipsoidalVincenty.py"}},"pygeodesy_elliptic_py":{"hash":"e2acefe5dee279891f4e0c47bcdb76c9","index":{"nums":[1,340,21,10,0,0,0],"html_filename":"pygeodesy_elliptic_py.html","relative_filename":"pygeodesy/elliptic.py"}},"pygeodesy_epsg_py":{"hash":"00af08f68b749f39302c66fe07b0f1e3","index":{"nums":[1,92,5,4,0,0,0],"html_filename":"pygeodesy_epsg_py.html","relative_filename":"pygeodesy/epsg.py"}},"pygeodesy_etm_py":{"hash":"6bce307185cb955c98f4057a21af2741","index":{"nums":[1,368,6,18,0,0,0],"html_filename":"pygeodesy_etm_py.html","relative_filename":"pygeodesy/etm.py"}},"pygeodesy_fmath_py":{"hash":"013c8aca263dc0b7f8f5e1d870ed3547","index":{"nums":[1,269,48,9,0,0,0],"html_filename":"pygeodesy_fmath_py.html","relative_filename":"pygeodesy/fmath.py"}},"pygeodesy_formy_py":{"hash":"fbca3c46c19fba3df71c0425ec250a7f","index":{"nums":[1,163,5,4,0,0,0],"html_filename":"pygeodesy_formy_py.html","relative_filename":"pygeodesy/formy.py"}},"pygeodesy_frechet_py":{"hash":"6420b76f92d074df4c3bf10be43eb5fe","index":{"nums":[1,211,35,9,0,0,0],"html_filename":"pygeodesy_frechet_py.html","relative_filename":"pygeodesy/frechet.py"}},"pygeodesy_gars_py":{"hash":"c53b73e7c561883e21628b6ec8e0f41e","index":{"nums":[1,156,10,8,0,0,0],"html_filename":"pygeodesy_gars_py.html","relative_filename":"pygeodesy/gars.py"}},"pygeodesy_geohash_py":{"hash":"74604292934266e015adc9a91652ad96","index":{"nums":[1,237,20,10,0,0,0],"html_filename":"pygeodesy_geohash_py.html","relative_filename":"pygeodesy/geohash.py"}},"pygeodesy_geoids_py":{"hash":"4fa2245a8831d1fbcc08b09b0088ebf5","index":{"nums":[1,637,81,41,0,0,0],"html_filename":"pygeodesy_geoids_py.html","relative_filename":"pygeodesy/geoids.py"}},"pygeodesy_hausdorff_py":{"hash":"69a4821a525d68301b0692016ab53903","index":{"nums":[1,199,41,6,0,0,0],"html_filename":"pygeodesy_hausdorff_py.html","relative_filename":"pygeodesy/hausdorff.py"}},"pygeodesy_heights_py":{"hash":"e97cb035fadfd15cc0483fabf4c051e8","index":{"nums":[1,300,64,11,0,0,0],"html_filename":"pygeodesy_heights_py.html","relative_filename":"pygeodesy/heights.py"}},"pygeodesy_latlonBase_py":{"hash":"cba46005872aa445023c1fe43474ca8f","index":{"nums":[1,190,37,7,0,0,0],"html_filename":"pygeodesy_latlonBase_py.html","relative_filename":"pygeodesy/latlonBase.py"}},"pygeodesy_lazily_py":{"hash":"2a4f3e743e92033c7defb23355e51b0e","index":{"nums":[1,99,15,4,0,0,0],"html_filename":"pygeodesy_lazily_py.html","relative_filename":"pygeodesy/lazily.py"}},"pygeodesy_lcc_py":{"hash":"62a2b2c92625c8ba5c0f1a78a82e6864","index":{"nums":[1,218,7,12,0,0,0],"html_filename":"pygeodesy_lcc_py.html","relative_filename":"pygeodesy/lcc.py"}},"pygeodesy_mgrs_py":{"hash":"d1b76878e8a6e3877abbf81e1e6c1f8f","index":{"nums":[1,114,5,7,0,0,0],"html_filename":"pygeodesy_mgrs_py.html","relative_filename":"pygeodesy/mgrs.py"}},"pygeodesy_named_py":{"hash":"d5c6971618e117189268194f231501da","index":{"nums":[1,404,51,20,0,0,0],"html_filename":"pygeodesy_named_py.html","relative_filename":"pygeodesy/named.py"}},"pygeodesy_nvector_py":{"hash":"3dffc014e408f96a6ad1b7328c4d2dfd","index":{"nums":[1,5,0,0,0,0,0],"html_filename":"pygeodesy_nvector_py.html","relative_filename":"pygeodesy/nvector.py"}},"pygeodesy_nvectorBase_py":{"hash":"78f3a2ba04057a191b4af8eeea6a5b3f","index":{"nums":[1,133,16,8,0,0,0],"html_filename":"pygeodesy_nvectorBase_py.html","relative_filename":"pygeodesy/nvectorBase.py"}},"pygeodesy_osgr_py":{"hash":"414b5f6b8d075ba13f2582e9db5d5145","index":{"nums":[1,181,9,9,0,0,0],"html_filename":"pygeodesy_osgr_py.html","relative_filename":"pygeodesy/osgr.py"}},"pygeodesy_points_py":{"hash":"b7318a67ac29dde07090283520a7c393","index":{"nums":[1,479,44,25,0,0,0],"html_filename":"pygeodesy_points_py.html","relative_filename":"pygeodesy/points.py"}},"pygeodesy_simplify_py":{"hash":"88ab6725ab00a31393881ca0c34c315a","index":{"nums":[1,222,3,9,0,0,0],"html_filename":"pygeodesy_simplify_py.html","relative_filename":"pygeodesy/simplify.py"}},"pygeodesy_sphericalBase_py":{"hash":"f8e9ba62b4a62e3ce9dcaa2a20534b4d","index":{"nums":[1,103,3,5,0,0,0],"html_filename":"pygeodesy_sphericalBase_py.html","relative_filename":"pygeodesy/sphericalBase.py"}},"pygeodesy_sphericalNvector_py":{"hash":"771978e45f0e23b66bdb54adbc0b439d","index":{"nums":[1,295,21,10,0,0,0],"html_filename":"pygeodesy_sphericalNvector_py.html","relative_filename":"pygeodesy/sphericalNvector.py"}},"pygeodesy_sphericalTrigonometry_py":{"hash":"97fa124ec67ee1b9cdf05946c8de1478","index":{"nums":[1,265,29,10,0,0,0],"html_filename":"pygeodesy_sphericalTrigonometry_py.html","relative_filename":"pygeodesy/sphericalTrigonometry.py"}},"pygeodesy_streprs_py":{"hash":"9a6a2343797297fbaddb2fa743ad80ec","index":{"nums":[1,77,4,3,0,0,0],"html_filename":"pygeodesy_streprs_py.html","relative_filename":"pygeodesy/streprs.py"}},"pygeodesy_trf_py":{"hash":"16fb464cd2c64a998e25a194fa80484c","index":{"nums":[1,92,16,0,0,0,0],"html_filename":"pygeodesy_trf_py.html","relative_filename":"pygeodesy/trf.py"}},"pygeodesy_ups_py":{"hash":"c2443b6b9abe84aeeeeecc7e9ef20b07","index":{"nums":[1,175,9,8,0,0,0],"html_filename":"pygeodesy_ups_py.html","relative_filename":"pygeodesy/ups.py"}},"pygeodesy_utily_py":{"hash":"0165bd6c51c7b76d4300eda96e151a1b","index":{"nums":[1,128,6,4,0,0,0],"html_filename":"pygeodesy_utily_py.html","relative_filename":"pygeodesy/utily.py"}},"pygeodesy_utm_py":{"hash":"2241e86386911d2c24ab3798d4efd34b","index":{"nums":[1,256,15,8,0,0,0],"html_filename":"pygeodesy_utm_py.html","relative_filename":"pygeodesy/utm.py"}},"pygeodesy_utmups_py":{"hash":"728dabdbc8256a1375a5dd8ede5f04bb","index":{"nums":[1,100,4,4,0,0,0],"html_filename":"pygeodesy_utmups_py.html","relative_filename":"pygeodesy/utmups.py"}},"pygeodesy_utmupsBase_py":{"hash":"92acc09da32f15a21cd78cf83f9ac732","index":{"nums":[1,131,9,7,0,0,0],"html_filename":"pygeodesy_utmupsBase_py.html","relative_filename":"pygeodesy/utmupsBase.py"}},"pygeodesy_vector3d_py":{"hash":"75abea16ebdc6deefc7ddf20c230545e","index":{"nums":[1,202,23,10,0,0,0],"html_filename":"pygeodesy_vector3d_py.html","relative_filename":"pygeodesy/vector3d.py"}},"pygeodesy_webmercator_py":{"hash":"a3eeb1ed8a2ff72ff02e1b0f73d83fb4","index":{"nums":[1,116,10,4,0,0,0],"html_filename":"pygeodesy_webmercator_py.html","relative_filename":"pygeodesy/webmercator.py"}},"pygeodesy_wgrs_py":{"hash":"cb49932addd07407d9770ba2110d6aec","index":{"nums":[1,208,11,13,0,0,0],"html_filename":"pygeodesy_wgrs_py.html","relative_filename":"pygeodesy/wgrs.py"}}}}