{"format":2,"version":"7.2.2","globals":"ba5e055440e72cbf1fe65341f864589f","files":{"pygeodesy___init___py":{"hash":"401eb3e883c3bb84b577db5b188eab7c","index":{"nums":[0,1,181,8,159,0,0,0],"html_filename":"pygeodesy___init___py.html","relative_filename":"pygeodesy/__init__.py"}},"pygeodesy_albers_py":{"hash":"817f79cf8ac707d65ba55b7c27ed462b","index":{"nums":[0,1,422,23,12,0,0,0],"html_filename":"pygeodesy_albers_py.html","relative_filename":"pygeodesy/albers.py"}},"pygeodesy_azimuthal_py":{"hash":"51cb090d82c01abd0c96b83e23863df4","index":{"nums":[0,1,312,55,5,0,0,0],"html_filename":"pygeodesy_azimuthal_py.html","relative_filename":"pygeodesy/azimuthal.py"}},"pygeodesy_basics_py":{"hash":"a75a5692cbed1615b8170d2b97138d7b","index":{"nums":[0,1,193,77,18,0,0,0],"html_filename":"pygeodesy_basics_py.html","relative_filename":"pygeodesy/basics.py"}},"pygeodesy_booleans_py":{"hash":"7814495130c907e122ccc243b2ef0d5b","index":{"nums":[0,1,981,118,60,0,0,0],"html_filename":"pygeodesy_booleans_py.html","relative_filename":"pygeodesy/booleans.py"}},"pygeodesy_cartesianBase_py":{"hash":"edc8a21dcb7b70365fdaedc35b8c1a14","index":{"nums":[0,1,202,20,11,0,0,0],"html_filename":"pygeodesy_cartesianBase_py.html","relative_filename":"pygeodesy/cartesianBase.py"}},"pygeodesy_clipy_py":{"hash":"6e8c83b3e7a032b776afa431a8b3c431","index":{"nums":[0,1,317,18,14,0,0,0],"html_filename":"pygeodesy_clipy_py.html","relative_filename":"pygeodesy/clipy.py"}},"pygeodesy_constants_py":{"hash":"8901b3dfd7c1ec4b104e4e4fce0e012f","index":{"nums":[0,1,173,58,0,0,0,0],"html_filename":"pygeodesy_constants_py.html","relative_filename":"pygeodesy/constants.py"}},"pygeodesy_css_py":{"hash":"4b5147d91d5d16bb80cd46ecd88c509d","index":{"nums":[0,1,235,11,5,0,0,0],"html_filename":"pygeodesy_css_py.html","relative_filename":"pygeodesy/css.py"}},"pygeodesy_datums_py":{"hash":"0fb2804a1187b1ceced84070dd760d0d","index":{"nums":[0,1,185,15,5,0,0,0],"html_filename":"pygeodesy_datums_py.html","relative_filename":"pygeodesy/datums.py"}},"pygeodesy_deprecated___init___py":{"hash":"db4b8a00032e4ba2d5a03e577e6d4fb3","index":{"nums":[0,1,120,176,6,0,0,0],"html_filename":"pygeodesy_deprecated___init___py.html","relative_filename":"pygeodesy/deprecated/__init__.py"}},"pygeodesy_deprecated_bases_py":{"hash":"d1d59c6f293b66c16be8ab1b7354fd3a","index":{"nums":[0,1,6,0,0,0,0,0],"html_filename":"pygeodesy_deprecated_bases_py.html","relative_filename":"pygeodesy/deprecated/bases.py"}},"pygeodesy_deprecated_datum_py":{"hash":"0feb2b1977af4032370af4fb0e0702fe","index":{"nums":[0,1,6,0,0,0,0,0],"html_filename":"pygeodesy_deprecated_datum_py.html","relative_filename":"pygeodesy/deprecated/datum.py"}},"pygeodesy_deprecated_nvector_py":{"hash":"fbab890f7c3a6c9a2daa69c2cc167001","index":{"nums":[0,1,8,3,0,0,0,0],"html_filename":"pygeodesy_deprecated_nvector_py.html","relative_filename":"pygeodesy/deprecated/nvector.py"}},"pygeodesy_dms_py":{"hash":"305aa014b8de2dbc733b09596547f71d","index":{"nums":[0,1,283,33,13,0,0,0],"html_filename":"pygeodesy_dms_py.html","relative_filename":"pygeodesy/dms.py"}},"pygeodesy_ecef_py":{"hash":"61f3d579dc26719b9dfbf6ce788b6e47","index":{"nums":[0,1,432,46,19,0,0,0],"html_filename":"pygeodesy_ecef_py.html","relative_filename":"pygeodesy/ecef.py"}},"pygeodesy_elevations_py":{"hash":"93d6ad2866c0c0219967cb05b99adb51","index":{"nums":[0,1,70,35,14,0,0,0],"html_filename":"pygeodesy_elevations_py.html","relative_filename":"pygeodesy/elevations.py"}},"pygeodesy_ellipsoidalBase_py":{"hash":"6b9e1fe23af7c346043449c1b10f4d33","index":{"nums":[0,1,293,40,16,0,0,0],"html_filename":"pygeodesy_ellipsoidalBase_py.html","relative_filename":"pygeodesy/ellipsoidalBase.py"}},"pygeodesy_ellipsoidalBaseDI_py":{"hash":"412062ef79248806964d00e2d0467747","index":{"nums":[0,1,314,23,22,0,0,0],"html_filename":"pygeodesy_ellipsoidalBaseDI_py.html","relative_filename":"pygeodesy/ellipsoidalBaseDI.py"}},"pygeodesy_ellipsoidalExact_py":{"hash":"65118f050f194c7378c201d108a7b3d7","index":{"nums":[0,1,40,1,0,0,0,0],"html_filename":"pygeodesy_ellipsoidalExact_py.html","relative_filename":"pygeodesy/ellipsoidalExact.py"}},"pygeodesy_ellipsoidalGeodSolve_py":{"hash":"415a73dbeeda6c10d1e5ea5f54fe8dab","index":{"nums":[0,1,40,1,0,0,0,0],"html_filename":"pygeodesy_ellipsoidalGeodSolve_py.html","relative_filename":"pygeodesy/ellipsoidalGeodSolve.py"}},"pygeodesy_ellipsoidalKarney_py":{"hash":"d034894a67729115d5e1c9992534787f","index":{"nums":[0,1,42,4,0,0,0,0],"html_filename":"pygeodesy_ellipsoidalKarney_py.html","relative_filename":"pygeodesy/ellipsoidalKarney.py"}},"pygeodesy_ellipsoidalNvector_py":{"hash":"95e0063905f3c7f39956dd601dd3ad6b","index":{"nums":[0,1,130,4,4,0,0,0],"html_filename":"pygeodesy_ellipsoidalNvector_py.html","relative_filename":"pygeodesy/ellipsoidalNvector.py"}},"pygeodesy_ellipsoidalVincenty_py":{"hash":"e773dc33cfa3479fe45ea464025863ab","index":{"nums":[0,1,175,11,2,0,0,0],"html_filename":"pygeodesy_ellipsoidalVincenty_py.html","relative_filename":"pygeodesy/ellipsoidalVincenty.py"}},"pygeodesy_ellipsoids_py":{"hash":"afa66291775489038ba5fc037dad5252","index":{"nums":[0,1,702,73,20,0,0,0],"html_filename":"pygeodesy_ellipsoids_py.html","relative_filename":"pygeodesy/ellipsoids.py"}},"pygeodesy_elliptic_py":{"hash":"1369096212279d80216b116215e0a25c","index":{"nums":[0,1,453,80,4,0,0,0],"html_filename":"pygeodesy_elliptic_py.html","relative_filename":"pygeodesy/elliptic.py"}},"pygeodesy_epsg_py":{"hash":"3113a352cbb8a7af4ef8e86688af3cab","index":{"nums":[0,1,101,7,2,0,0,0],"html_filename":"pygeodesy_epsg_py.html","relative_filename":"pygeodesy/epsg.py"}},"pygeodesy_errors_py":{"hash":"68a249a1cebd031055242eb6c1690ae4","index":{"nums":[0,1,264,48,19,0,0,0],"html_filename":"pygeodesy_errors_py.html","relative_filename":"pygeodesy/errors.py"}},"pygeodesy_etm_py":{"hash":"ca4d02eac973d01dbce62baa45f80dcb","index":{"nums":[0,1,401,83,12,0,0,0],"html_filename":"pygeodesy_etm_py.html","relative_filename":"pygeodesy/etm.py"}},"pygeodesy_fmath_py":{"hash":"9b72c8e8699615b20b267237e9266e22","index":{"nums":[0,1,265,74,19,0,0,0],"html_filename":"pygeodesy_fmath_py.html","relative_filename":"pygeodesy/fmath.py"}},"pygeodesy_formy_py":{"hash":"762d837e3d7b547543f458c4939a4bc2","index":{"nums":[0,1,409,23,6,0,0,0],"html_filename":"pygeodesy_formy_py.html","relative_filename":"pygeodesy/formy.py"}},"pygeodesy_frechet_py":{"hash":"f651c25cd958e71eba3a4cab7f8fd1bc","index":{"nums":[0,1,213,70,12,0,0,0],"html_filename":"pygeodesy_frechet_py.html","relative_filename":"pygeodesy/frechet.py"}},"pygeodesy_fstats_py":{"hash":"44c53d94bf62b519e1e268944d28acd3","index":{"nums":[0,1,303,24,4,0,0,0],"html_filename":"pygeodesy_fstats_py.html","relative_filename":"pygeodesy/fstats.py"}},"pygeodesy_fsums_py":{"hash":"f7782f8d4510938bae5f6e2782c7ec7c","index":{"nums":[0,1,700,112,37,0,0,0],"html_filename":"pygeodesy_fsums_py.html","relative_filename":"pygeodesy/fsums.py"}},"pygeodesy_gars_py":{"hash":"58e74e51ad01fd1f6b712fe008b592ac","index":{"nums":[0,1,143,11,4,0,0,0],"html_filename":"pygeodesy_gars_py.html","relative_filename":"pygeodesy/gars.py"}},"pygeodesy_geodesicw_py":{"hash":"4d9f4cf8ae3dad598dda7c0ddc9369f8","index":{"nums":[0,1,132,7,8,0,0,0],"html_filename":"pygeodesy_geodesicw_py.html","relative_filename":"pygeodesy/geodesicw.py"}},"pygeodesy_geodesicx__C4_24_py":{"hash":"aa38a17f45bb0f1e4ee4b5ff8f15a51e","index":{"nums":[0,1,5,0,0,0,0,0],"html_filename":"pygeodesy_geodesicx__C4_24_py.html","relative_filename":"pygeodesy/geodesicx/_C4_24.py"}},"pygeodesy_geodesicx__C4_27_py":{"hash":"1af6ced72a5a68425d252b4673d0d78b","index":{"nums":[0,1,5,0,0,0,0,0],"html_filename":"pygeodesy_geodesicx__C4_27_py.html","relative_filename":"pygeodesy/geodesicx/_C4_27.py"}},"pygeodesy_geodesicx__C4_30_py":{"hash":"3c7930a74839f05db2b12a8837def7d8","index":{"nums":[0,1,5,0,0,0,0,0],"html_filename":"pygeodesy_geodesicx__C4_30_py.html","relative_filename":"pygeodesy/geodesicx/_C4_30.py"}},"pygeodesy_geodesicx___init___py":{"hash":"6430509e8884892b07bed21fd6f432d6","index":{"nums":[0,1,7,0,0,0,0,0],"html_filename":"pygeodesy_geodesicx___init___py.html","relative_filename":"pygeodesy/geodesicx/__init__.py"}},"pygeodesy_geodesicx_gx_py":{"hash":"40569e38abea907e78add2acce38761e","index":{"nums":[0,1,501,30,33,0,0,0],"html_filename":"pygeodesy_geodesicx_gx_py.html","relative_filename":"pygeodesy/geodesicx/gx.py"}},"pygeodesy_geodesicx_gxarea_py":{"hash":"ffcd332b3eaa4f088523b89f05fa8cd1","index":{"nums":[0,1,213,29,10,0,0,0],"html_filename":"pygeodesy_geodesicx_gxarea_py.html","relative_filename":"pygeodesy/geodesicx/gxarea.py"}},"pygeodesy_geodesicx_gxbases_py":{"hash":"a663bfe31fc3120f7a17174d736927f0","index":{"nums":[0,1,40,1,1,0,0,0],"html_filename":"pygeodesy_geodesicx_gxbases_py.html","relative_filename":"pygeodesy/geodesicx/gxbases.py"}},"pygeodesy_geodesicx_gxline_py":{"hash":"aeb1794f83afd1ca7edd647ac5d67c26","index":{"nums":[0,1,236,26,7,0,0,0],"html_filename":"pygeodesy_geodesicx_gxline_py.html","relative_filename":"pygeodesy/geodesicx/gxline.py"}},"pygeodesy_geodsolve_py":{"hash":"6e385adb55e053d09ef7cbe21299db8b","index":{"nums":[0,1,78,22,5,0,0,0],"html_filename":"pygeodesy_geodsolve_py.html","relative_filename":"pygeodesy/geodsolve.py"}},"pygeodesy_geohash_py":{"hash":"4b228a85f970161a7d692f069dfd4612","index":{"nums":[0,1,283,20,11,0,0,0],"html_filename":"pygeodesy_geohash_py.html","relative_filename":"pygeodesy/geohash.py"}},"pygeodesy_geoids_py":{"hash":"389688b5001e9b43a4ae48f2df10b3ce","index":{"nums":[0,1,664,104,28,0,0,0],"html_filename":"pygeodesy_geoids_py.html","relative_filename":"pygeodesy/geoids.py"}},"pygeodesy_hausdorff_py":{"hash":"68187b435c0d9b5d6fb95b1ef0ad255b","index":{"nums":[0,1,239,59,13,0,0,0],"html_filename":"pygeodesy_hausdorff_py.html","relative_filename":"pygeodesy/hausdorff.py"}},"pygeodesy_heights_py":{"hash":"0fac72e7363ea299ede48e1205bd904c","index":{"nums":[0,1,312,96,15,0,0,0],"html_filename":"pygeodesy_heights_py.html","relative_filename":"pygeodesy/heights.py"}},"pygeodesy_interns_py":{"hash":"e27623abdfdb1800ce59a68fdf23ad68","index":{"nums":[0,1,431,20,52,0,0,0],"html_filename":"pygeodesy_interns_py.html","relative_filename":"pygeodesy/interns.py"}},"pygeodesy_iters_py":{"hash":"8445192086e3cd2f130ba7422360c602","index":{"nums":[0,1,203,25,7,0,0,0],"html_filename":"pygeodesy_iters_py.html","relative_filename":"pygeodesy/iters.py"}},"pygeodesy_karney_py":{"hash":"016df63539ee2c15504c117cf4ccb486","index":{"nums":[0,1,253,59,14,0,0,0],"html_filename":"pygeodesy_karney_py.html","relative_filename":"pygeodesy/karney.py"}},"pygeodesy_ktm_py":{"hash":"570c53ce935db91941bfbeffd3365bac","index":{"nums":[0,1,215,40,5,0,0,0],"html_filename":"pygeodesy_ktm_py.html","relative_filename":"pygeodesy/ktm.py"}},"pygeodesy_latlonBase_py":{"hash":"dffc295c873bc9cffe65acf8cc80c8ef","index":{"nums":[0,1,430,50,30,0,0,0],"html_filename":"pygeodesy_latlonBase_py.html","relative_filename":"pygeodesy/latlonBase.py"}},"pygeodesy_lazily_py":{"hash":"16ae389147d52c2f26dc833b5c0a36da","index":{"nums":[0,1,150,75,15,0,0,0],"html_filename":"pygeodesy_lazily_py.html","relative_filename":"pygeodesy/lazily.py"}},"pygeodesy_lcc_py":{"hash":"c60ed55942924a44e99f0625f96a0bf3","index":{"nums":[0,1,281,13,11,0,0,0],"html_filename":"pygeodesy_lcc_py.html","relative_filename":"pygeodesy/lcc.py"}},"pygeodesy_ltp_py":{"hash":"5be833b11fc871937366d147a058cb73","index":{"nums":[0,1,408,33,15,0,0,0],"html_filename":"pygeodesy_ltp_py.html","relative_filename":"pygeodesy/ltp.py"}},"pygeodesy_ltpTuples_py":{"hash":"4e9482c7cb144be18d623a0f573c68eb","index":{"nums":[0,1,493,44,31,0,0,0],"html_filename":"pygeodesy_ltpTuples_py.html","relative_filename":"pygeodesy/ltpTuples.py"}},"pygeodesy_mgrs_py":{"hash":"94822f39defb97774180ae8d38197d5e","index":{"nums":[0,1,264,52,2,0,0,0],"html_filename":"pygeodesy_mgrs_py.html","relative_filename":"pygeodesy/mgrs.py"}},"pygeodesy_named_py":{"hash":"09cca15c7204db37111f511a4c374df0","index":{"nums":[0,1,431,111,17,0,0,0],"html_filename":"pygeodesy_named_py.html","relative_filename":"pygeodesy/named.py"}},"pygeodesy_namedTuples_py":{"hash":"027f8145c221d18d04a06d9834666085","index":{"nums":[0,1,206,1,4,0,0,0],"html_filename":"pygeodesy_namedTuples_py.html","relative_filename":"pygeodesy/namedTuples.py"}},"pygeodesy_nvectorBase_py":{"hash":"28cd26a0989300aacbda08579fafeaa8","index":{"nums":[0,1,242,23,10,0,0,0],"html_filename":"pygeodesy_nvectorBase_py.html","relative_filename":"pygeodesy/nvectorBase.py"}},"pygeodesy_osgr_py":{"hash":"8b6cc6a15b85998f1ac6f2c3ff816324","index":{"nums":[0,1,303,65,9,0,0,0],"html_filename":"pygeodesy_osgr_py.html","relative_filename":"pygeodesy/osgr.py"}},"pygeodesy_points_py":{"hash":"676702de23b15a1684febf2602992219","index":{"nums":[0,1,618,96,57,0,0,0],"html_filename":"pygeodesy_points_py.html","relative_filename":"pygeodesy/points.py"}},"pygeodesy_props_py":{"hash":"4a508e27591a18bd9aaa74fdf8b180bd","index":{"nums":[0,1,202,59,4,0,0,0],"html_filename":"pygeodesy_props_py.html","relative_filename":"pygeodesy/props.py"}},"pygeodesy_resections_py":{"hash":"146fabb0a4d3e3fffb0a69f5563fd21e","index":{"nums":[0,1,313,61,4,0,0,0],"html_filename":"pygeodesy_resections_py.html","relative_filename":"pygeodesy/resections.py"}},"pygeodesy_rhumbsolve_py":{"hash":"b10c2fcfdb3d30ce1dc259e0ff386df1","index":{"nums":[0,1,86,28,1,0,0,0],"html_filename":"pygeodesy_rhumbsolve_py.html","relative_filename":"pygeodesy/rhumbsolve.py"}},"pygeodesy_rhumbx_py":{"hash":"4fd86a70d0e0eccfa55bf0cbcf8b2bca","index":{"nums":[0,1,458,43,12,0,0,0],"html_filename":"pygeodesy_rhumbx_py.html","relative_filename":"pygeodesy/rhumbx.py"}},"pygeodesy_simplify_py":{"hash":"df34dfa2344a316b100595cd48e255d0","index":{"nums":[0,1,227,4,2,0,0,0],"html_filename":"pygeodesy_simplify_py.html","relative_filename":"pygeodesy/simplify.py"}},"pygeodesy_solveBase_py":{"hash":"abdd1448fdfce8e6d9ee257331877090","index":{"nums":[0,1,204,31,10,0,0,0],"html_filename":"pygeodesy_solveBase_py.html","relative_filename":"pygeodesy/solveBase.py"}},"pygeodesy_sphericalBase_py":{"hash":"2993d8322193e6c6cf8e3db771a48da5","index":{"nums":[0,1,214,9,19,0,0,0],"html_filename":"pygeodesy_sphericalBase_py.html","relative_filename":"pygeodesy/sphericalBase.py"}},"pygeodesy_sphericalNvector_py":{"hash":"8521ee6c55c92341f5d415094d1d5e51","index":{"nums":[0,1,321,23,26,0,0,0],"html_filename":"pygeodesy_sphericalNvector_py.html","relative_filename":"pygeodesy/sphericalNvector.py"}},"pygeodesy_sphericalTrigonometry_py":{"hash":"9f04d14a7e819d1a458b0da7adb2864c","index":{"nums":[0,1,393,50,24,0,0,0],"html_filename":"pygeodesy_sphericalTrigonometry_py.html","relative_filename":"pygeodesy/sphericalTrigonometry.py"}},"pygeodesy_streprs_py":{"hash":"9d6c54b171e844073c8078593da74e63","index":{"nums":[0,1,268,19,14,0,0,0],"html_filename":"pygeodesy_streprs_py.html","relative_filename":"pygeodesy/streprs.py"}},"pygeodesy_trf_py":{"hash":"7b98f859689077b20f8625fdeb0136c6","index":{"nums":[0,1,177,26,5,0,0,0],"html_filename":"pygeodesy_trf_py.html","relative_filename":"pygeodesy/trf.py"}},"pygeodesy_triaxials_py":{"hash":"7225838e87dd0e14e26d48cf177b6576","index":{"nums":[0,1,582,40,29,0,0,0],"html_filename":"pygeodesy_triaxials_py.html","relative_filename":"pygeodesy/triaxials.py"}},"pygeodesy_units_py":{"hash":"2f158af7b9496617f50ff83e646f9175","index":{"nums":[0,1,297,18,18,0,0,0],"html_filename":"pygeodesy_units_py.html","relative_filename":"pygeodesy/units.py"}},"pygeodesy_unitsBase_py":{"hash":"9988d1c8797fbf50a297f0d26a94d924","index":{"nums":[0,1,101,6,1,0,0,0],"html_filename":"pygeodesy_unitsBase_py.html","relative_filename":"pygeodesy/unitsBase.py"}},"pygeodesy_ups_py":{"hash":"ab074bc354cbc32fca0f54e511e7d1f4","index":{"nums":[0,1,166,9,5,0,0,0],"html_filename":"pygeodesy_ups_py.html","relative_filename":"pygeodesy/ups.py"}},"pygeodesy_utily_py":{"hash":"1ffbe6d22b1f1afa50b4861125cfc912","index":{"nums":[0,1,319,14,32,0,0,0],"html_filename":"pygeodesy_utily_py.html","relative_filename":"pygeodesy/utily.py"}},"pygeodesy_utm_py":{"hash":"af2597fd1925533e9b9888ed3c635300","index":{"nums":[0,1,266,20,8,0,0,0],"html_filename":"pygeodesy_utm_py.html","relative_filename":"pygeodesy/utm.py"}},"pygeodesy_utmups_py":{"hash":"06be282b82c63de7973800610793056a","index":{"nums":[0,1,87,13,2,0,0,0],"html_filename":"pygeodesy_utmups_py.html","relative_filename":"pygeodesy/utmups.py"}},"pygeodesy_utmupsBase_py":{"hash":"6579c676789c13a3fae9e80149081d96","index":{"nums":[0,1,238,21,7,0,0,0],"html_filename":"pygeodesy_utmupsBase_py.html","relative_filename":"pygeodesy/utmupsBase.py"}},"pygeodesy_vector2d_py":{"hash":"be8f0d8fdb399d0c27e3189af77817df","index":{"nums":[0,1,320,24,7,0,0,0],"html_filename":"pygeodesy_vector2d_py.html","relative_filename":"pygeodesy/vector2d.py"}},"pygeodesy_vector3d_py":{"hash":"4cf774246ffb05d89b73cba815b6712a","index":{"nums":[0,1,235,43,9,0,0,0],"html_filename":"pygeodesy_vector3d_py.html","relative_filename":"pygeodesy/vector3d.py"}},"pygeodesy_vector3dBase_py":{"hash":"52b0df48474c9db5597f9da5296d2879","index":{"nums":[0,1,274,100,11,0,0,0],"html_filename":"pygeodesy_vector3dBase_py.html","relative_filename":"pygeodesy/vector3dBase.py"}},"pygeodesy_webmercator_py":{"hash":"752d6d5f802cdb9ca8d5c76d781d3ecb","index":{"nums":[0,1,118,12,2,0,0,0],"html_filename":"pygeodesy_webmercator_py.html","relative_filename":"pygeodesy/webmercator.py"}},"pygeodesy_wgrs_py":{"hash":"c759ce09bd2bdf9015bc7cd6187488ff","index":{"nums":[0,1,188,7,4,0,0,0],"html_filename":"pygeodesy_wgrs_py.html","relative_filename":"pygeodesy/wgrs.py"}}}}