{"format":1,"version":"4.5.4","settings":"625db49206e9bdf722354de0750849a9","files":{"pygeodesy___init___py":{"hash":"222a4ccbf63f88df73adff469ee78ba5","index":{"nums":[1,121,3,3,0,0,0],"html_filename":"pygeodesy___init___py.html","relative_filename":"pygeodesy/__init__.py"}},"pygeodesy_azimuthal_py":{"hash":"c2de0af2188fc0779859eb28d3e5fa53","index":{"nums":[1,217,10,12,0,0,0],"html_filename":"pygeodesy_azimuthal_py.html","relative_filename":"pygeodesy/azimuthal.py"}},"pygeodesy_bases_py":{"hash":"0e9da6f8f421164aef4ddbeed8bfd5eb","index":{"nums":[1,6,0,0,0,0,0],"html_filename":"pygeodesy_bases_py.html","relative_filename":"pygeodesy/bases.py"}},"pygeodesy_basics_py":{"hash":"d1644e97983cc4c636866d8b3db78b9b","index":{"nums":[1,129,29,2,0,0,0],"html_filename":"pygeodesy_basics_py.html","relative_filename":"pygeodesy/basics.py"}},"pygeodesy_cartesianBase_py":{"hash":"affa69e15af9b1adb2d4d7cd79dabd21","index":{"nums":[1,128,9,6,0,0,0],"html_filename":"pygeodesy_cartesianBase_py.html","relative_filename":"pygeodesy/cartesianBase.py"}},"pygeodesy_clipy_py":{"hash":"0fe8d3bcc1fcbcf2330f9359a8efcfa2","index":{"nums":[1,239,16,15,0,0,0],"html_filename":"pygeodesy_clipy_py.html","relative_filename":"pygeodesy/clipy.py"}},"pygeodesy_css_py":{"hash":"20a322dd67220428a1c22f2a1ba1f1f5","index":{"nums":[1,192,0,7,0,0,0],"html_filename":"pygeodesy_css_py.html","relative_filename":"pygeodesy/css.py"}},"pygeodesy_datum_py":{"hash":"816be79fa1dbdbc3c823e9f54215637d","index":{"nums":[1,444,26,10,0,0,0],"html_filename":"pygeodesy_datum_py.html","relative_filename":"pygeodesy/datum.py"}},"pygeodesy_deprecated_py":{"hash":"918af15405d8c1adea5f3f284f1709a4","index":{"nums":[1,96,40,0,0,0,0],"html_filename":"pygeodesy_deprecated_py.html","relative_filename":"pygeodesy/deprecated.py"}},"pygeodesy_dms_py":{"hash":"bb1a9d7ba2325b1ca2fbca84f85ff21e","index":{"nums":[1,266,7,8,0,0,0],"html_filename":"pygeodesy_dms_py.html","relative_filename":"pygeodesy/dms.py"}},"pygeodesy_ecef_py":{"hash":"63e9b9a56e150a1c80193521e8c1b8d2","index":{"nums":[1,357,23,23,0,0,0],"html_filename":"pygeodesy_ecef_py.html","relative_filename":"pygeodesy/ecef.py"}},"pygeodesy_elevations_py":{"hash":"e8d3c2b839be9b293e248d65c9e520fc","index":{"nums":[1,83,23,4,0,0,0],"html_filename":"pygeodesy_elevations_py.html","relative_filename":"pygeodesy/elevations.py"}},"pygeodesy_ellipsoidalBase_py":{"hash":"a73cc052485075bb80dab781e6aa593d","index":{"nums":[1,176,12,3,0,0,0],"html_filename":"pygeodesy_ellipsoidalBase_py.html","relative_filename":"pygeodesy/ellipsoidalBase.py"}},"pygeodesy_ellipsoidalKarney_py":{"hash":"703e1f63e27290759e3e7565cd99020c","index":{"nums":[1,78,5,0,0,0,0],"html_filename":"pygeodesy_ellipsoidalKarney_py.html","relative_filename":"pygeodesy/ellipsoidalKarney.py"}},"pygeodesy_ellipsoidalNvector_py":{"hash":"1759878e22c22c7c593dc6d85bbf2cc0","index":{"nums":[1,171,6,5,0,0,0],"html_filename":"pygeodesy_ellipsoidalNvector_py.html","relative_filename":"pygeodesy/ellipsoidalNvector.py"}},"pygeodesy_ellipsoidalVincenty_py":{"hash":"a7262b4eebe3e14e5ae79bf90cca6689","index":{"nums":[1,148,16,2,0,0,0],"html_filename":"pygeodesy_ellipsoidalVincenty_py.html","relative_filename":"pygeodesy/ellipsoidalVincenty.py"}},"pygeodesy_elliptic_py":{"hash":"e230743ceec8443c021b433a8bfd8f63","index":{"nums":[1,334,24,8,0,0,0],"html_filename":"pygeodesy_elliptic_py.html","relative_filename":"pygeodesy/elliptic.py"}},"pygeodesy_epsg_py":{"hash":"d43a29944a40d15f5cadaad0bdd6bf9e","index":{"nums":[1,95,5,3,0,0,0],"html_filename":"pygeodesy_epsg_py.html","relative_filename":"pygeodesy/epsg.py"}},"pygeodesy_errors_py":{"hash":"93374e81d08f427749100ff1b63da696","index":{"nums":[1,182,18,12,0,0,0],"html_filename":"pygeodesy_errors_py.html","relative_filename":"pygeodesy/errors.py"}},"pygeodesy_etm_py":{"hash":"7bf0dcb63a9ea29d698eeb55290a1a0b","index":{"nums":[1,343,6,18,0,0,0],"html_filename":"pygeodesy_etm_py.html","relative_filename":"pygeodesy/etm.py"}},"pygeodesy_fmath_py":{"hash":"ad640e07313666390a9f936251626f3a","index":{"nums":[1,269,46,6,0,0,0],"html_filename":"pygeodesy_fmath_py.html","relative_filename":"pygeodesy/fmath.py"}},"pygeodesy_formy_py":{"hash":"cc5ab569d10b9b0b9c3844d14cf781c4","index":{"nums":[1,253,5,4,0,0,0],"html_filename":"pygeodesy_formy_py.html","relative_filename":"pygeodesy/formy.py"}},"pygeodesy_frechet_py":{"hash":"16f850f7b2816dcaf5a170394363d122","index":{"nums":[1,257,53,7,0,0,0],"html_filename":"pygeodesy_frechet_py.html","relative_filename":"pygeodesy/frechet.py"}},"pygeodesy_gars_py":{"hash":"2ffa14683be3d03b7d6153eefc8425b9","index":{"nums":[1,156,8,6,0,0,0],"html_filename":"pygeodesy_gars_py.html","relative_filename":"pygeodesy/gars.py"}},"pygeodesy_geohash_py":{"hash":"4674cb63ada7929fcb87084fa845642c","index":{"nums":[1,240,17,7,0,0,0],"html_filename":"pygeodesy_geohash_py.html","relative_filename":"pygeodesy/geohash.py"}},"pygeodesy_geoids_py":{"hash":"3ef03286e4b2dbd1821b59daa134267c","index":{"nums":[1,644,80,40,0,0,0],"html_filename":"pygeodesy_geoids_py.html","relative_filename":"pygeodesy/geoids.py"}},"pygeodesy_hausdorff_py":{"hash":"13efdc67d4450b04937eef300ce83d7b","index":{"nums":[1,245,60,7,0,0,0],"html_filename":"pygeodesy_hausdorff_py.html","relative_filename":"pygeodesy/hausdorff.py"}},"pygeodesy_heights_py":{"hash":"ff27ebe0f782fcbb19f0722561e41091","index":{"nums":[1,352,73,15,0,0,0],"html_filename":"pygeodesy_heights_py.html","relative_filename":"pygeodesy/heights.py"}},"pygeodesy_interns_py":{"hash":"eb5a7ff70f3e798df22006c20328f3fd","index":{"nums":[1,169,0,6,0,0,0],"html_filename":"pygeodesy_interns_py.html","relative_filename":"pygeodesy/interns.py"}},"pygeodesy_karney_py":{"hash":"b22d680a0c7ec08cce1d164673ebb486","index":{"nums":[1,109,0,3,0,0,0],"html_filename":"pygeodesy_karney_py.html","relative_filename":"pygeodesy/karney.py"}},"pygeodesy_latlonBase_py":{"hash":"3b7d56bf2ee1e3cbef54d4846a72f967","index":{"nums":[1,214,37,1,0,0,0],"html_filename":"pygeodesy_latlonBase_py.html","relative_filename":"pygeodesy/latlonBase.py"}},"pygeodesy_lazily_py":{"hash":"9ea9318f8d0cfb4a97bae4d4861b0c0d","index":{"nums":[1,110,17,7,0,0,0],"html_filename":"pygeodesy_lazily_py.html","relative_filename":"pygeodesy/lazily.py"}},"pygeodesy_lcc_py":{"hash":"a14200896235d82cc80e84fbedc33744","index":{"nums":[1,237,13,7,0,0,0],"html_filename":"pygeodesy_lcc_py.html","relative_filename":"pygeodesy/lcc.py"}},"pygeodesy_mgrs_py":{"hash":"efa90f25a98d2fba68b27f30b92a99c1","index":{"nums":[1,133,4,3,0,0,0],"html_filename":"pygeodesy_mgrs_py.html","relative_filename":"pygeodesy/mgrs.py"}},"pygeodesy_named_py":{"hash":"90c1250e19f948551eb875b1b02c8749","index":{"nums":[1,352,53,22,0,0,0],"html_filename":"pygeodesy_named_py.html","relative_filename":"pygeodesy/named.py"}},"pygeodesy_nvector_py":{"hash":"dc7e8251bcb638e0d04956ce768063bc","index":{"nums":[1,6,0,0,0,0,0],"html_filename":"pygeodesy_nvector_py.html","relative_filename":"pygeodesy/nvector.py"}},"pygeodesy_nvectorBase_py":{"hash":"520325498da9a755cb67e37ea7b6a1e2","index":{"nums":[1,139,16,3,0,0,0],"html_filename":"pygeodesy_nvectorBase_py.html","relative_filename":"pygeodesy/nvectorBase.py"}},"pygeodesy_osgr_py":{"hash":"41145f80baf6e9792f8a6b6fd9c41ed6","index":{"nums":[1,198,8,11,0,0,0],"html_filename":"pygeodesy_osgr_py.html","relative_filename":"pygeodesy/osgr.py"}},"pygeodesy_points_py":{"hash":"b191e1f69590c4615c21e411e425516f","index":{"nums":[1,498,43,26,0,0,0],"html_filename":"pygeodesy_points_py.html","relative_filename":"pygeodesy/points.py"}},"pygeodesy_simplify_py":{"hash":"6cb84773d9e6908fd90f534beb0cc2e0","index":{"nums":[1,224,3,4,0,0,0],"html_filename":"pygeodesy_simplify_py.html","relative_filename":"pygeodesy/simplify.py"}},"pygeodesy_sphericalBase_py":{"hash":"b34791cea190b015cfa1aa5e8409dd25","index":{"nums":[1,143,7,5,0,0,0],"html_filename":"pygeodesy_sphericalBase_py.html","relative_filename":"pygeodesy/sphericalBase.py"}},"pygeodesy_sphericalNvector_py":{"hash":"e2fcc0432a8fbe27d3938c174869dfb1","index":{"nums":[1,304,20,11,0,0,0],"html_filename":"pygeodesy_sphericalNvector_py.html","relative_filename":"pygeodesy/sphericalNvector.py"}},"pygeodesy_sphericalTrigonometry_py":{"hash":"868c8a43aada61c58ac1b578443f9fe0","index":{"nums":[1,305,32,17,0,0,0],"html_filename":"pygeodesy_sphericalTrigonometry_py.html","relative_filename":"pygeodesy/sphericalTrigonometry.py"}},"pygeodesy_streprs_py":{"hash":"11f5bacb9282edb853b23caaacf1da35","index":{"nums":[1,98,5,2,0,0,0],"html_filename":"pygeodesy_streprs_py.html","relative_filename":"pygeodesy/streprs.py"}},"pygeodesy_trf_py":{"hash":"3e1ed630aee0414ccdddea6cc946987b","index":{"nums":[1,99,17,2,0,0,0],"html_filename":"pygeodesy_trf_py.html","relative_filename":"pygeodesy/trf.py"}},"pygeodesy_units_py":{"hash":"33faa2dc48e6c845fed9e0fff47d99e6","index":{"nums":[1,220,13,10,0,0,0],"html_filename":"pygeodesy_units_py.html","relative_filename":"pygeodesy/units.py"}},"pygeodesy_ups_py":{"hash":"f23889a764a767c69ea1c434c2ea580e","index":{"nums":[1,165,5,6,0,0,0],"html_filename":"pygeodesy_ups_py.html","relative_filename":"pygeodesy/ups.py"}},"pygeodesy_utily_py":{"hash":"2ea0047a03b1fab5a7c21858cf872eed","index":{"nums":[1,149,3,5,0,0,0],"html_filename":"pygeodesy_utily_py.html","relative_filename":"pygeodesy/utily.py"}},"pygeodesy_utm_py":{"hash":"799dbcbd827f093f9344115bc3c38b3c","index":{"nums":[1,246,14,5,0,0,0],"html_filename":"pygeodesy_utm_py.html","relative_filename":"pygeodesy/utm.py"}},"pygeodesy_utmups_py":{"hash":"c38d6dcaad9e3f013d5276c13dbc2776","index":{"nums":[1,101,4,5,0,0,0],"html_filename":"pygeodesy_utmups_py.html","relative_filename":"pygeodesy/utmups.py"}},"pygeodesy_utmupsBase_py":{"hash":"3e8899f5d7c0203b472888a8e77b2a57","index":{"nums":[1,204,12,11,0,0,0],"html_filename":"pygeodesy_utmupsBase_py.html","relative_filename":"pygeodesy/utmupsBase.py"}},"pygeodesy_vector3d_py":{"hash":"00793db6cd27dd7c7d0e7d11c38a3b27","index":{"nums":[1,247,27,20,0,0,0],"html_filename":"pygeodesy_vector3d_py.html","relative_filename":"pygeodesy/vector3d.py"}},"pygeodesy_webmercator_py":{"hash":"814a2e1e12f8cef89c4aeb7836b820e5","index":{"nums":[1,121,7,1,0,0,0],"html_filename":"pygeodesy_webmercator_py.html","relative_filename":"pygeodesy/webmercator.py"}},"pygeodesy_wgrs_py":{"hash":"2c6907104d855cc38e0551a7ecfaecfc","index":{"nums":[1,200,5,8,0,0,0],"html_filename":"pygeodesy_wgrs_py.html","relative_filename":"pygeodesy/wgrs.py"}}}}