{"format":2,"version":"7.2.2","globals":"197d0a2dca18c1283e0c865426fc5e75","files":{"pygeodesy___init___py":{"hash":"1c2087a09fa7124a272cc3b444c5ebfb","index":{"nums":[0,1,185,8,163,0,0,0],"html_filename":"pygeodesy___init___py.html","relative_filename":"pygeodesy/__init__.py"}},"pygeodesy_albers_py":{"hash":"c438ae989c41a92d539e0daa5d6ce8ad","index":{"nums":[0,1,420,21,13,0,0,0],"html_filename":"pygeodesy_albers_py.html","relative_filename":"pygeodesy/albers.py"}},"pygeodesy_auxilats__CX_4_py":{"hash":"efd313bba3277316ef784bfd160eb05b","index":{"nums":[0,1,9,0,0,0,0,0],"html_filename":"pygeodesy_auxilats__CX_4_py.html","relative_filename":"pygeodesy/auxilats/_CX_4.py"}},"pygeodesy_auxilats__CX_6_py":{"hash":"b6ea48fed92b04eae47216ebc3275eee","index":{"nums":[0,1,9,0,0,0,0,0],"html_filename":"pygeodesy_auxilats__CX_6_py.html","relative_filename":"pygeodesy/auxilats/_CX_6.py"}},"pygeodesy_auxilats__CX_8_py":{"hash":"cb0622622a55fdc354704a13427019c3","index":{"nums":[0,1,9,0,0,0,0,0],"html_filename":"pygeodesy_auxilats__CX_8_py.html","relative_filename":"pygeodesy/auxilats/_CX_8.py"}},"pygeodesy_auxilats___init___py":{"hash":"a1f94d16494544783b92fa3c5149a3f0","index":{"nums":[0,1,9,0,0,0,0,0],"html_filename":"pygeodesy_auxilats___init___py.html","relative_filename":"pygeodesy/auxilats/__init__.py"}},"pygeodesy_auxilats_auxAngle_py":{"hash":"dad165f1559069e72711eae90bfe8cfc","index":{"nums":[0,1,226,31,10,0,0,0],"html_filename":"pygeodesy_auxilats_auxAngle_py.html","relative_filename":"pygeodesy/auxilats/auxAngle.py"}},"pygeodesy_auxilats_auxDLat_py":{"hash":"6c351b86afe572f44cfe64b06ef6f889","index":{"nums":[0,1,151,10,14,0,0,0],"html_filename":"pygeodesy_auxilats_auxDLat_py.html","relative_filename":"pygeodesy/auxilats/auxDLat.py"}},"pygeodesy_auxilats_auxDST_py":{"hash":"35d069cae2c5c5368c92c933acaa6f35","index":{"nums":[0,1,106,16,3,0,0,0],"html_filename":"pygeodesy_auxilats_auxDST_py.html","relative_filename":"pygeodesy/auxilats/auxDST.py"}},"pygeodesy_auxilats_auxLat_py":{"hash":"0548ebb695e3cde18e16873b86696ed4","index":{"nums":[0,1,410,61,30,0,0,0],"html_filename":"pygeodesy_auxilats_auxLat_py.html","relative_filename":"pygeodesy/auxilats/auxLat.py"}},"pygeodesy_auxilats_auxily_py":{"hash":"6400e0c6f5207017a7e5b0ca7de06a0e","index":{"nums":[0,1,105,29,9,0,0,0],"html_filename":"pygeodesy_auxilats_auxily_py.html","relative_filename":"pygeodesy/auxilats/auxily.py"}},"pygeodesy_azimuthal_py":{"hash":"e2ca034b13e41acf8fc67042c73028d5","index":{"nums":[0,1,312,55,5,0,0,0],"html_filename":"pygeodesy_azimuthal_py.html","relative_filename":"pygeodesy/azimuthal.py"}},"pygeodesy_basics_py":{"hash":"8efa6ed22eb72aadf1fc1d6d65d87d41","index":{"nums":[0,1,222,84,21,0,0,0],"html_filename":"pygeodesy_basics_py.html","relative_filename":"pygeodesy/basics.py"}},"pygeodesy_booleans_py":{"hash":"f9e99c061cdf126576688e061c9c6dd2","index":{"nums":[0,1,981,118,60,0,0,0],"html_filename":"pygeodesy_booleans_py.html","relative_filename":"pygeodesy/booleans.py"}},"pygeodesy_cartesianBase_py":{"hash":"26e4e94397b0abcad61ca694c3c172d9","index":{"nums":[0,1,205,20,11,0,0,0],"html_filename":"pygeodesy_cartesianBase_py.html","relative_filename":"pygeodesy/cartesianBase.py"}},"pygeodesy_clipy_py":{"hash":"6e8c83b3e7a032b776afa431a8b3c431","index":{"nums":[0,1,317,18,14,0,0,0],"html_filename":"pygeodesy_clipy_py.html","relative_filename":"pygeodesy/clipy.py"}},"pygeodesy_constants_py":{"hash":"85eaf915d6872425518be341a6aef270","index":{"nums":[0,1,193,68,1,0,0,0],"html_filename":"pygeodesy_constants_py.html","relative_filename":"pygeodesy/constants.py"}},"pygeodesy_css_py":{"hash":"80e4e84974a3f1adaaab72ab14baec3d","index":{"nums":[0,1,235,11,5,0,0,0],"html_filename":"pygeodesy_css_py.html","relative_filename":"pygeodesy/css.py"}},"pygeodesy_datums_py":{"hash":"c26f4e38911316fda83f7da9f331a680","index":{"nums":[0,1,195,16,9,0,0,0],"html_filename":"pygeodesy_datums_py.html","relative_filename":"pygeodesy/datums.py"}},"pygeodesy_deprecated___init___py":{"hash":"01f6d6e31c46a162ad19777efb9b8259","index":{"nums":[0,1,120,176,9,0,0,0],"html_filename":"pygeodesy_deprecated___init___py.html","relative_filename":"pygeodesy/deprecated/__init__.py"}},"pygeodesy_deprecated_bases_py":{"hash":"d1d59c6f293b66c16be8ab1b7354fd3a","index":{"nums":[0,1,6,0,0,0,0,0],"html_filename":"pygeodesy_deprecated_bases_py.html","relative_filename":"pygeodesy/deprecated/bases.py"}},"pygeodesy_deprecated_datum_py":{"hash":"0feb2b1977af4032370af4fb0e0702fe","index":{"nums":[0,1,6,0,0,0,0,0],"html_filename":"pygeodesy_deprecated_datum_py.html","relative_filename":"pygeodesy/deprecated/datum.py"}},"pygeodesy_deprecated_nvector_py":{"hash":"fbab890f7c3a6c9a2daa69c2cc167001","index":{"nums":[0,1,8,3,0,0,0,0],"html_filename":"pygeodesy_deprecated_nvector_py.html","relative_filename":"pygeodesy/deprecated/nvector.py"}},"pygeodesy_dms_py":{"hash":"249964ada78edd704ce0983bb2f77b07","index":{"nums":[0,1,282,33,13,0,0,0],"html_filename":"pygeodesy_dms_py.html","relative_filename":"pygeodesy/dms.py"}},"pygeodesy_ecef_py":{"hash":"2759307b1d054cb962e8fce7ffb63b25","index":{"nums":[0,1,452,48,22,0,0,0],"html_filename":"pygeodesy_ecef_py.html","relative_filename":"pygeodesy/ecef.py"}},"pygeodesy_elevations_py":{"hash":"7fa211cfa02d897c58c76a56edd0c69c","index":{"nums":[0,1,70,36,14,0,0,0],"html_filename":"pygeodesy_elevations_py.html","relative_filename":"pygeodesy/elevations.py"}},"pygeodesy_ellipsoidalBase_py":{"hash":"dca0a45575381bd6f38273745485791e","index":{"nums":[0,1,288,40,16,0,0,0],"html_filename":"pygeodesy_ellipsoidalBase_py.html","relative_filename":"pygeodesy/ellipsoidalBase.py"}},"pygeodesy_ellipsoidalBaseDI_py":{"hash":"412062ef79248806964d00e2d0467747","index":{"nums":[0,1,314,23,22,0,0,0],"html_filename":"pygeodesy_ellipsoidalBaseDI_py.html","relative_filename":"pygeodesy/ellipsoidalBaseDI.py"}},"pygeodesy_ellipsoidalExact_py":{"hash":"65118f050f194c7378c201d108a7b3d7","index":{"nums":[0,1,40,1,0,0,0,0],"html_filename":"pygeodesy_ellipsoidalExact_py.html","relative_filename":"pygeodesy/ellipsoidalExact.py"}},"pygeodesy_ellipsoidalGeodSolve_py":{"hash":"415a73dbeeda6c10d1e5ea5f54fe8dab","index":{"nums":[0,1,40,1,0,0,0,0],"html_filename":"pygeodesy_ellipsoidalGeodSolve_py.html","relative_filename":"pygeodesy/ellipsoidalGeodSolve.py"}},"pygeodesy_ellipsoidalKarney_py":{"hash":"d034894a67729115d5e1c9992534787f","index":{"nums":[0,1,42,4,0,0,0,0],"html_filename":"pygeodesy_ellipsoidalKarney_py.html","relative_filename":"pygeodesy/ellipsoidalKarney.py"}},"pygeodesy_ellipsoidalNvector_py":{"hash":"95e0063905f3c7f39956dd601dd3ad6b","index":{"nums":[0,1,130,4,4,0,0,0],"html_filename":"pygeodesy_ellipsoidalNvector_py.html","relative_filename":"pygeodesy/ellipsoidalNvector.py"}},"pygeodesy_ellipsoidalVincenty_py":{"hash":"37bbb9fa6a73670013a549d887d7020e","index":{"nums":[0,1,175,11,2,0,0,0],"html_filename":"pygeodesy_ellipsoidalVincenty_py.html","relative_filename":"pygeodesy/ellipsoidalVincenty.py"}},"pygeodesy_ellipsoids_py":{"hash":"e2bd383ad0425c9bc2fb2296fa738df2","index":{"nums":[0,1,744,75,33,0,0,0],"html_filename":"pygeodesy_ellipsoids_py.html","relative_filename":"pygeodesy/ellipsoids.py"}},"pygeodesy_elliptic_py":{"hash":"c51f5161fc2e75ad08c1bbce0d25ff4f","index":{"nums":[0,1,472,47,21,0,0,0],"html_filename":"pygeodesy_elliptic_py.html","relative_filename":"pygeodesy/elliptic.py"}},"pygeodesy_epsg_py":{"hash":"3113a352cbb8a7af4ef8e86688af3cab","index":{"nums":[0,1,101,7,2,0,0,0],"html_filename":"pygeodesy_epsg_py.html","relative_filename":"pygeodesy/epsg.py"}},"pygeodesy_errors_py":{"hash":"7af40b3064b562f9bddaebfd61dabb64","index":{"nums":[0,1,275,49,20,0,0,0],"html_filename":"pygeodesy_errors_py.html","relative_filename":"pygeodesy/errors.py"}},"pygeodesy_etm_py":{"hash":"f204c64e660f6ae92975cda01f19bd88","index":{"nums":[0,1,401,83,12,0,0,0],"html_filename":"pygeodesy_etm_py.html","relative_filename":"pygeodesy/etm.py"}},"pygeodesy_fmath_py":{"hash":"541012c7a13b5d0df9a14bdafdf52d63","index":{"nums":[0,1,274,71,20,0,0,0],"html_filename":"pygeodesy_fmath_py.html","relative_filename":"pygeodesy/fmath.py"}},"pygeodesy_formy_py":{"hash":"8ee08eefdf3266860e67646ba76318cd","index":{"nums":[0,1,421,22,6,0,0,0],"html_filename":"pygeodesy_formy_py.html","relative_filename":"pygeodesy/formy.py"}},"pygeodesy_frechet_py":{"hash":"3a6025800b5e19e07f631261edaed74d","index":{"nums":[0,1,205,80,8,0,0,0],"html_filename":"pygeodesy_frechet_py.html","relative_filename":"pygeodesy/frechet.py"}},"pygeodesy_fstats_py":{"hash":"4f1130012927d259e1dfba988b300037","index":{"nums":[0,1,303,24,4,0,0,0],"html_filename":"pygeodesy_fstats_py.html","relative_filename":"pygeodesy/fstats.py"}},"pygeodesy_fsums_py":{"hash":"a12ca888fdac42ebd5e0b9264733d13d","index":{"nums":[0,1,702,113,36,0,0,0],"html_filename":"pygeodesy_fsums_py.html","relative_filename":"pygeodesy/fsums.py"}},"pygeodesy_gars_py":{"hash":"7ec02dd47421fcfca5e1915bd94deda0","index":{"nums":[0,1,141,10,3,0,0,0],"html_filename":"pygeodesy_gars_py.html","relative_filename":"pygeodesy/gars.py"}},"pygeodesy_geodesicw_py":{"hash":"3fb75081bf4e1fccc8098340b11a9414","index":{"nums":[0,1,133,7,10,0,0,0],"html_filename":"pygeodesy_geodesicw_py.html","relative_filename":"pygeodesy/geodesicw.py"}},"pygeodesy_geodesicx__C4_24_py":{"hash":"8f9c52a3e0fb364ea03115104a96e84e","index":{"nums":[0,1,7,2,0,0,0,0],"html_filename":"pygeodesy_geodesicx__C4_24_py.html","relative_filename":"pygeodesy/geodesicx/_C4_24.py"}},"pygeodesy_geodesicx__C4_27_py":{"hash":"1bd01b9c060c9effe0ab0a6630497db3","index":{"nums":[0,1,7,2,0,0,0,0],"html_filename":"pygeodesy_geodesicx__C4_27_py.html","relative_filename":"pygeodesy/geodesicx/_C4_27.py"}},"pygeodesy_geodesicx__C4_30_py":{"hash":"c8f24d6396bd1913d40e70365bcda2fb","index":{"nums":[0,1,7,2,0,0,0,0],"html_filename":"pygeodesy_geodesicx__C4_30_py.html","relative_filename":"pygeodesy/geodesicx/_C4_30.py"}},"pygeodesy_geodesicx___init___py":{"hash":"3a8cd9116eca2753a448d439381d2a4f","index":{"nums":[0,1,7,0,0,0,0,0],"html_filename":"pygeodesy_geodesicx___init___py.html","relative_filename":"pygeodesy/geodesicx/__init__.py"}},"pygeodesy_geodesicx_gx_py":{"hash":"81d3ba7e82c5f80959f4cbe0a6e57afb","index":{"nums":[0,1,505,30,32,0,0,0],"html_filename":"pygeodesy_geodesicx_gx_py.html","relative_filename":"pygeodesy/geodesicx/gx.py"}},"pygeodesy_geodesicx_gxarea_py":{"hash":"e4de111a2f1de7a2e899ab676e0fa14f","index":{"nums":[0,1,213,29,10,0,0,0],"html_filename":"pygeodesy_geodesicx_gxarea_py.html","relative_filename":"pygeodesy/geodesicx/gxarea.py"}},"pygeodesy_geodesicx_gxbases_py":{"hash":"b6fb07687c5246c7fa442bb16638edd8","index":{"nums":[0,1,53,1,4,0,0,0],"html_filename":"pygeodesy_geodesicx_gxbases_py.html","relative_filename":"pygeodesy/geodesicx/gxbases.py"}},"pygeodesy_geodesicx_gxline_py":{"hash":"c63f1e06fb2f0e6283bdcae68575b444","index":{"nums":[0,1,236,26,7,0,0,0],"html_filename":"pygeodesy_geodesicx_gxline_py.html","relative_filename":"pygeodesy/geodesicx/gxline.py"}},"pygeodesy_geodsolve_py":{"hash":"08f817361e8bb7724060fca15a1fe8d8","index":{"nums":[0,1,78,22,5,0,0,0],"html_filename":"pygeodesy_geodsolve_py.html","relative_filename":"pygeodesy/geodsolve.py"}},"pygeodesy_geohash_py":{"hash":"4b228a85f970161a7d692f069dfd4612","index":{"nums":[0,1,283,20,11,0,0,0],"html_filename":"pygeodesy_geohash_py.html","relative_filename":"pygeodesy/geohash.py"}},"pygeodesy_geoids_py":{"hash":"e07869c8e1bb6f57be330af693aeb2f0","index":{"nums":[0,1,667,104,29,0,0,0],"html_filename":"pygeodesy_geoids_py.html","relative_filename":"pygeodesy/geoids.py"}},"pygeodesy_hausdorff_py":{"hash":"57e6c5e3669a7e80e48b25e08ccf7bce","index":{"nums":[0,1,233,67,10,0,0,0],"html_filename":"pygeodesy_hausdorff_py.html","relative_filename":"pygeodesy/hausdorff.py"}},"pygeodesy_heights_py":{"hash":"5194bebbc9f28a95a18634d94e9c170c","index":{"nums":[0,1,310,98,14,0,0,0],"html_filename":"pygeodesy_heights_py.html","relative_filename":"pygeodesy/heights.py"}},"pygeodesy_interns_py":{"hash":"edb60a230af92694c42c7a2ea61b6a6a","index":{"nums":[0,1,444,23,13,0,0,0],"html_filename":"pygeodesy_interns_py.html","relative_filename":"pygeodesy/interns.py"}},"pygeodesy_iters_py":{"hash":"3df2f127e3fafe969a2a17d039efd649","index":{"nums":[0,1,203,25,7,0,0,0],"html_filename":"pygeodesy_iters_py.html","relative_filename":"pygeodesy/iters.py"}},"pygeodesy_karney_py":{"hash":"f153fabc5bf2b5b1e034bc635873880c","index":{"nums":[0,1,282,60,17,0,0,0],"html_filename":"pygeodesy_karney_py.html","relative_filename":"pygeodesy/karney.py"}},"pygeodesy_ktm_py":{"hash":"9dabb0d17e4b49d42d1d5ef0bbb6c186","index":{"nums":[0,1,210,39,4,0,0,0],"html_filename":"pygeodesy_ktm_py.html","relative_filename":"pygeodesy/ktm.py"}},"pygeodesy_latlonBase_py":{"hash":"4561a7db55dff1834724c442aebcec41","index":{"nums":[0,1,435,58,30,0,0,0],"html_filename":"pygeodesy_latlonBase_py.html","relative_filename":"pygeodesy/latlonBase.py"}},"pygeodesy_lazily_py":{"hash":"b461b53f09c8f12b4f1159c3e9115f47","index":{"nums":[0,1,152,77,16,0,0,0],"html_filename":"pygeodesy_lazily_py.html","relative_filename":"pygeodesy/lazily.py"}},"pygeodesy_lcc_py":{"hash":"6e72a9ccb8e8fe12d28909e4a024f165","index":{"nums":[0,1,281,14,11,0,0,0],"html_filename":"pygeodesy_lcc_py.html","relative_filename":"pygeodesy/lcc.py"}},"pygeodesy_ltp_py":{"hash":"25c26c9d1d7170f63e3d67c9d3afbc5c","index":{"nums":[0,1,419,42,16,0,0,0],"html_filename":"pygeodesy_ltp_py.html","relative_filename":"pygeodesy/ltp.py"}},"pygeodesy_ltpTuples_py":{"hash":"c12cb7b08832f56850c8bf3b3c347624","index":{"nums":[0,1,515,36,32,0,0,0],"html_filename":"pygeodesy_ltpTuples_py.html","relative_filename":"pygeodesy/ltpTuples.py"}},"pygeodesy_mgrs_py":{"hash":"141c61883b35311ffab2e4b2afa9a9a3","index":{"nums":[0,1,264,52,2,0,0,0],"html_filename":"pygeodesy_mgrs_py.html","relative_filename":"pygeodesy/mgrs.py"}},"pygeodesy_named_py":{"hash":"3ee44210638816423dff35b456a68956","index":{"nums":[0,1,435,111,17,0,0,0],"html_filename":"pygeodesy_named_py.html","relative_filename":"pygeodesy/named.py"}},"pygeodesy_namedTuples_py":{"hash":"28a23e73e61fbd133b1fd98b937d6d73","index":{"nums":[0,1,206,1,4,0,0,0],"html_filename":"pygeodesy_namedTuples_py.html","relative_filename":"pygeodesy/namedTuples.py"}},"pygeodesy_nvectorBase_py":{"hash":"b764021c52d21b9684890c40daf8c3b1","index":{"nums":[0,1,242,23,10,0,0,0],"html_filename":"pygeodesy_nvectorBase_py.html","relative_filename":"pygeodesy/nvectorBase.py"}},"pygeodesy_osgr_py":{"hash":"caaa5144350641eba75b0f40c9840f92","index":{"nums":[0,1,303,65,9,0,0,0],"html_filename":"pygeodesy_osgr_py.html","relative_filename":"pygeodesy/osgr.py"}},"pygeodesy_points_py":{"hash":"e99b6acabab217de486b44a6aad7be98","index":{"nums":[0,1,610,104,51,0,0,0],"html_filename":"pygeodesy_points_py.html","relative_filename":"pygeodesy/points.py"}},"pygeodesy_props_py":{"hash":"3c5c57e3bffa97941115473d53c916c7","index":{"nums":[0,1,207,55,4,0,0,0],"html_filename":"pygeodesy_props_py.html","relative_filename":"pygeodesy/props.py"}},"pygeodesy_resections_py":{"hash":"53245af0a109a0957a586430006c9d5a","index":{"nums":[0,1,360,65,10,0,0,0],"html_filename":"pygeodesy_resections_py.html","relative_filename":"pygeodesy/resections.py"}},"pygeodesy_rhumbBase_py":{"hash":"058b2b0c62d80576eb9dbc3633860307","index":{"nums":[0,1,254,51,9,0,0,0],"html_filename":"pygeodesy_rhumbBase_py.html","relative_filename":"pygeodesy/rhumbBase.py"}},"pygeodesy_rhumbaux_py":{"hash":"c6f0e5868f966404f23afc79eeb00b3f","index":{"nums":[0,1,162,25,6,0,0,0],"html_filename":"pygeodesy_rhumbaux_py.html","relative_filename":"pygeodesy/rhumbaux.py"}},"pygeodesy_rhumbsolve_py":{"hash":"8ff412a2b4c36c725d5a4f4ffcc3d877","index":{"nums":[0,1,103,58,11,0,0,0],"html_filename":"pygeodesy_rhumbsolve_py.html","relative_filename":"pygeodesy/rhumbsolve.py"}},"pygeodesy_rhumbx_py":{"hash":"c2b0697f4160b3a2734613053509f687","index":{"nums":[0,1,271,33,5,0,0,0],"html_filename":"pygeodesy_rhumbx_py.html","relative_filename":"pygeodesy/rhumbx.py"}},"pygeodesy_simplify_py":{"hash":"df34dfa2344a316b100595cd48e255d0","index":{"nums":[0,1,227,4,2,0,0,0],"html_filename":"pygeodesy_simplify_py.html","relative_filename":"pygeodesy/simplify.py"}},"pygeodesy_solveBase_py":{"hash":"5322b1399eb0493fd3a2c86db8d274f6","index":{"nums":[0,1,204,31,10,0,0,0],"html_filename":"pygeodesy_solveBase_py.html","relative_filename":"pygeodesy/solveBase.py"}},"pygeodesy_sphericalBase_py":{"hash":"587d9308857c4170e7484de466298e64","index":{"nums":[0,1,217,9,11,0,0,0],"html_filename":"pygeodesy_sphericalBase_py.html","relative_filename":"pygeodesy/sphericalBase.py"}},"pygeodesy_sphericalNvector_py":{"hash":"400afcaadec3d7992b298f4def2cdb37","index":{"nums":[0,1,320,23,26,0,0,0],"html_filename":"pygeodesy_sphericalNvector_py.html","relative_filename":"pygeodesy/sphericalNvector.py"}},"pygeodesy_sphericalTrigonometry_py":{"hash":"06b5d5e7f426ff8ce7ff352a8440e6ae","index":{"nums":[0,1,390,50,24,0,0,0],"html_filename":"pygeodesy_sphericalTrigonometry_py.html","relative_filename":"pygeodesy/sphericalTrigonometry.py"}},"pygeodesy_streprs_py":{"hash":"beadcf7dc1589dac5d73c79a3f048785","index":{"nums":[0,1,268,19,12,0,0,0],"html_filename":"pygeodesy_streprs_py.html","relative_filename":"pygeodesy/streprs.py"}},"pygeodesy_trf_py":{"hash":"9425c66781897e4ddac8f85ddd1a2f62","index":{"nums":[0,1,177,27,5,0,0,0],"html_filename":"pygeodesy_trf_py.html","relative_filename":"pygeodesy/trf.py"}},"pygeodesy_triaxials_py":{"hash":"77bba30056e16bc80da137abe637b36c","index":{"nums":[0,1,584,40,29,0,0,0],"html_filename":"pygeodesy_triaxials_py.html","relative_filename":"pygeodesy/triaxials.py"}},"pygeodesy_units_py":{"hash":"54c74b82f020444fa99182840cb019ed","index":{"nums":[0,1,299,18,18,0,0,0],"html_filename":"pygeodesy_units_py.html","relative_filename":"pygeodesy/units.py"}},"pygeodesy_unitsBase_py":{"hash":"9988d1c8797fbf50a297f0d26a94d924","index":{"nums":[0,1,101,6,1,0,0,0],"html_filename":"pygeodesy_unitsBase_py.html","relative_filename":"pygeodesy/unitsBase.py"}},"pygeodesy_ups_py":{"hash":"c0ebd0fdf64dfd37c0e4105432f03a8f","index":{"nums":[0,1,166,9,5,0,0,0],"html_filename":"pygeodesy_ups_py.html","relative_filename":"pygeodesy/ups.py"}},"pygeodesy_utily_py":{"hash":"dd216f7957da39497ed01d05fd6d9e8a","index":{"nums":[0,1,321,14,32,0,0,0],"html_filename":"pygeodesy_utily_py.html","relative_filename":"pygeodesy/utily.py"}},"pygeodesy_utm_py":{"hash":"fed1af630d0ffbe4ebcdabfa2f970062","index":{"nums":[0,1,266,20,8,0,0,0],"html_filename":"pygeodesy_utm_py.html","relative_filename":"pygeodesy/utm.py"}},"pygeodesy_utmups_py":{"hash":"d6ac77bbadb2cfa0ffeac91f3da61faa","index":{"nums":[0,1,87,13,2,0,0,0],"html_filename":"pygeodesy_utmups_py.html","relative_filename":"pygeodesy/utmups.py"}},"pygeodesy_utmupsBase_py":{"hash":"7fd24f7e86fb41f526285d9664400231","index":{"nums":[0,1,236,24,6,0,0,0],"html_filename":"pygeodesy_utmupsBase_py.html","relative_filename":"pygeodesy/utmupsBase.py"}},"pygeodesy_vector2d_py":{"hash":"3ce6a5f1dd66c263893cb4892dd7274a","index":{"nums":[0,1,319,24,7,0,0,0],"html_filename":"pygeodesy_vector2d_py.html","relative_filename":"pygeodesy/vector2d.py"}},"pygeodesy_vector3d_py":{"hash":"6601a90a11aa63b5053d4ca23cd34906","index":{"nums":[0,1,235,43,9,0,0,0],"html_filename":"pygeodesy_vector3d_py.html","relative_filename":"pygeodesy/vector3d.py"}},"pygeodesy_vector3dBase_py":{"hash":"921f9dbba8b64a39ac94fea07e4a3e23","index":{"nums":[0,1,269,100,11,0,0,0],"html_filename":"pygeodesy_vector3dBase_py.html","relative_filename":"pygeodesy/vector3dBase.py"}},"pygeodesy_webmercator_py":{"hash":"72d7bf76546b17eea01d6add44a63734","index":{"nums":[0,1,129,13,1,0,0,0],"html_filename":"pygeodesy_webmercator_py.html","relative_filename":"pygeodesy/webmercator.py"}},"pygeodesy_wgrs_py":{"hash":"a6da2d2fa7726e3f8d436c8f64f6b107","index":{"nums":[0,1,188,7,4,0,0,0],"html_filename":"pygeodesy_wgrs_py.html","relative_filename":"pygeodesy/wgrs.py"}}}}