{"format":1,"version":"4.5.4","settings":"55c1fec53ea44a9869dbdfafcdec0295","files":{"pygeodesy___init___py":{"hash":"be5c7514004c6a124d258dacc2adcdb7","index":{"nums":[1,159,8,4,0,0,0],"html_filename":"pygeodesy___init___py.html","relative_filename":"pygeodesy/__init__.py"}},"pygeodesy_albers_py":{"hash":"17c7d6781437c52a4e82e37b2e5bdcd6","index":{"nums":[1,382,9,19,0,0,0],"html_filename":"pygeodesy_albers_py.html","relative_filename":"pygeodesy/albers.py"}},"pygeodesy_azimuthal_py":{"hash":"3ce3ed84943fffe14ed6a42d32a7bcbe","index":{"nums":[1,311,57,3,0,0,0],"html_filename":"pygeodesy_azimuthal_py.html","relative_filename":"pygeodesy/azimuthal.py"}},"pygeodesy_basics_py":{"hash":"0a94b2f96b5fc6016f1119933f0c6afb","index":{"nums":[1,177,65,6,0,0,0],"html_filename":"pygeodesy_basics_py.html","relative_filename":"pygeodesy/basics.py"}},"pygeodesy_cartesianBase_py":{"hash":"f864af8ba4f80ed116827060e69c5089","index":{"nums":[1,196,20,10,0,0,0],"html_filename":"pygeodesy_cartesianBase_py.html","relative_filename":"pygeodesy/cartesianBase.py"}},"pygeodesy_clipy_py":{"hash":"3f28e875ed45df947416c514da7d1c8e","index":{"nums":[1,286,18,12,0,0,0],"html_filename":"pygeodesy_clipy_py.html","relative_filename":"pygeodesy/clipy.py"}},"pygeodesy_css_py":{"hash":"de54bd9d4c0a927acf42cc013c727ea4","index":{"nums":[1,197,3,6,0,0,0],"html_filename":"pygeodesy_css_py.html","relative_filename":"pygeodesy/css.py"}},"pygeodesy_datums_py":{"hash":"cfeb3f186477ad1994ef1c31e8738ffb","index":{"nums":[1,167,17,5,0,0,0],"html_filename":"pygeodesy_datums_py.html","relative_filename":"pygeodesy/datums.py"}},"pygeodesy_deprecated___init___py":{"hash":"e3ef0d15f4daa3dd1f6f11f421cf3719","index":{"nums":[1,68,158,0,0,0,0],"html_filename":"pygeodesy_deprecated___init___py.html","relative_filename":"pygeodesy/deprecated/__init__.py"}},"pygeodesy_deprecated_bases_py":{"hash":"3df3c326b9b8654267583c52c5c81dc3","index":{"nums":[1,6,0,0,0,0,0],"html_filename":"pygeodesy_deprecated_bases_py.html","relative_filename":"pygeodesy/deprecated/bases.py"}},"pygeodesy_deprecated_datum_py":{"hash":"d5ce1cbc06fd89d8d304d6eea4617288","index":{"nums":[1,5,0,0,0,0,0],"html_filename":"pygeodesy_deprecated_datum_py.html","relative_filename":"pygeodesy/deprecated/datum.py"}},"pygeodesy_deprecated_nvector_py":{"hash":"45431b8f6bb5f67559f21ddb506de6aa","index":{"nums":[1,8,3,0,0,0,0],"html_filename":"pygeodesy_deprecated_nvector_py.html","relative_filename":"pygeodesy/deprecated/nvector.py"}},"pygeodesy_dms_py":{"hash":"41a087d8666f9eea80837e1e46c5428a","index":{"nums":[1,263,32,6,0,0,0],"html_filename":"pygeodesy_dms_py.html","relative_filename":"pygeodesy/dms.py"}},"pygeodesy_ecef_py":{"hash":"419dc350c789c7fa2ddc5e455c0b7d32","index":{"nums":[1,433,46,21,0,0,0],"html_filename":"pygeodesy_ecef_py.html","relative_filename":"pygeodesy/ecef.py"}},"pygeodesy_elevations_py":{"hash":"1b6d16dd55874b4622e4ae5314ef7b83","index":{"nums":[1,70,35,1,0,0,0],"html_filename":"pygeodesy_elevations_py.html","relative_filename":"pygeodesy/elevations.py"}},"pygeodesy_ellipsoidalBase_py":{"hash":"ba48b9fa068f1cb0e5181620368c0668","index":{"nums":[1,275,37,7,0,0,0],"html_filename":"pygeodesy_ellipsoidalBase_py.html","relative_filename":"pygeodesy/ellipsoidalBase.py"}},"pygeodesy_ellipsoidalBaseDI_py":{"hash":"a443ee6a1d1400f724a89dc662a28901","index":{"nums":[1,313,24,12,0,0,0],"html_filename":"pygeodesy_ellipsoidalBaseDI_py.html","relative_filename":"pygeodesy/ellipsoidalBaseDI.py"}},"pygeodesy_ellipsoidalExact_py":{"hash":"693455d9b7143583604bfb9e88def8c0","index":{"nums":[1,40,1,0,0,0,0],"html_filename":"pygeodesy_ellipsoidalExact_py.html","relative_filename":"pygeodesy/ellipsoidalExact.py"}},"pygeodesy_ellipsoidalGeodSolve_py":{"hash":"57af348668207cd1fd95c603937e665c","index":{"nums":[1,40,1,0,0,0,0],"html_filename":"pygeodesy_ellipsoidalGeodSolve_py.html","relative_filename":"pygeodesy/ellipsoidalGeodSolve.py"}},"pygeodesy_ellipsoidalKarney_py":{"hash":"ed26037fe2928d0732cde61cd8e7c913","index":{"nums":[1,42,4,0,0,0,0],"html_filename":"pygeodesy_ellipsoidalKarney_py.html","relative_filename":"pygeodesy/ellipsoidalKarney.py"}},"pygeodesy_ellipsoidalNvector_py":{"hash":"9956cd0e4ddcb25e35b8176ca4e8a3a0","index":{"nums":[1,117,3,1,0,0,0],"html_filename":"pygeodesy_ellipsoidalNvector_py.html","relative_filename":"pygeodesy/ellipsoidalNvector.py"}},"pygeodesy_ellipsoidalVincenty_py":{"hash":"1d14d1ce54e82289ffc0c3d4adaf215d","index":{"nums":[1,148,13,2,0,0,0],"html_filename":"pygeodesy_ellipsoidalVincenty_py.html","relative_filename":"pygeodesy/ellipsoidalVincenty.py"}},"pygeodesy_ellipsoids_py":{"hash":"7140f2d7417ac1a4288a2ea182a0c27b","index":{"nums":[1,666,67,13,0,0,0],"html_filename":"pygeodesy_ellipsoids_py.html","relative_filename":"pygeodesy/ellipsoids.py"}},"pygeodesy_elliptic_py":{"hash":"d6b8ddcaa5ce082d137a2398b660c3b8","index":{"nums":[1,420,60,2,0,0,0],"html_filename":"pygeodesy_elliptic_py.html","relative_filename":"pygeodesy/elliptic.py"}},"pygeodesy_epsg_py":{"hash":"3789a60c096999e018d8c5ea801a37cb","index":{"nums":[1,101,7,2,0,0,0],"html_filename":"pygeodesy_epsg_py.html","relative_filename":"pygeodesy/epsg.py"}},"pygeodesy_errors_py":{"hash":"36a3d080d696ff9ff3db3fc4c63b0806","index":{"nums":[1,223,43,8,0,0,0],"html_filename":"pygeodesy_errors_py.html","relative_filename":"pygeodesy/errors.py"}},"pygeodesy_etm_py":{"hash":"35a920fff36e3674ef9fc16738d540d6","index":{"nums":[1,367,46,8,0,0,0],"html_filename":"pygeodesy_etm_py.html","relative_filename":"pygeodesy/etm.py"}},"pygeodesy_fmath_py":{"hash":"9b5d53193d1c6db895652acdd9283969","index":{"nums":[1,218,58,7,0,0,0],"html_filename":"pygeodesy_fmath_py.html","relative_filename":"pygeodesy/fmath.py"}},"pygeodesy_formy_py":{"hash":"97c4e4018f79ea28f7a4253c401d5523","index":{"nums":[1,330,14,6,0,0,0],"html_filename":"pygeodesy_formy_py.html","relative_filename":"pygeodesy/formy.py"}},"pygeodesy_frechet_py":{"hash":"db1c9bdd9750a5deb267dfaa1e2cdddf","index":{"nums":[1,241,73,7,0,0,0],"html_filename":"pygeodesy_frechet_py.html","relative_filename":"pygeodesy/frechet.py"}},"pygeodesy_fstats_py":{"hash":"8790a8cb9a929c97e30c743ce67e95f9","index":{"nums":[1,302,24,4,0,0,0],"html_filename":"pygeodesy_fstats_py.html","relative_filename":"pygeodesy/fstats.py"}},"pygeodesy_fsums_py":{"hash":"da3935173b1723ade7c03cc711305597","index":{"nums":[1,648,97,10,0,0,0],"html_filename":"pygeodesy_fsums_py.html","relative_filename":"pygeodesy/fsums.py"}},"pygeodesy_gars_py":{"hash":"9b39d5479e268dd6e2518d4de3e1d089","index":{"nums":[1,146,11,4,0,0,0],"html_filename":"pygeodesy_gars_py.html","relative_filename":"pygeodesy/gars.py"}},"pygeodesy_geodesicx__C4_24_py":{"hash":"95d2eb43aaa6503c4b6b3eb4812d9e44","index":{"nums":[1,5,0,0,0,0,0],"html_filename":"pygeodesy_geodesicx__C4_24_py.html","relative_filename":"pygeodesy/geodesicx/_C4_24.py"}},"pygeodesy_geodesicx__C4_27_py":{"hash":"e7706cf9385fae95e7a059dce5a6acc7","index":{"nums":[1,5,0,0,0,0,0],"html_filename":"pygeodesy_geodesicx__C4_27_py.html","relative_filename":"pygeodesy/geodesicx/_C4_27.py"}},"pygeodesy_geodesicx__C4_30_py":{"hash":"1d745323e356462b36712ba063bd6acb","index":{"nums":[1,5,0,0,0,0,0],"html_filename":"pygeodesy_geodesicx__C4_30_py.html","relative_filename":"pygeodesy/geodesicx/_C4_30.py"}},"pygeodesy_geodesicx___init___py":{"hash":"79f0d6802b1e34034c7e36ba61a8c57c","index":{"nums":[1,7,0,0,0,0,0],"html_filename":"pygeodesy_geodesicx___init___py.html","relative_filename":"pygeodesy/geodesicx/__init__.py"}},"pygeodesy_geodesicx_gx_py":{"hash":"1a603f927c606f570a8756b959e7e3cb","index":{"nums":[1,481,33,15,0,0,0],"html_filename":"pygeodesy_geodesicx_gx_py.html","relative_filename":"pygeodesy/geodesicx/gx.py"}},"pygeodesy_geodesicx_gxarea_py":{"hash":"c5acf1049c8e574f960eb61db320fd42","index":{"nums":[1,224,24,11,0,0,0],"html_filename":"pygeodesy_geodesicx_gxarea_py.html","relative_filename":"pygeodesy/geodesicx/gxarea.py"}},"pygeodesy_geodesicx_gxbases_py":{"hash":"0bd9cc8166dec3ffca66d2acb0bc1d3a","index":{"nums":[1,91,1,3,0,0,0],"html_filename":"pygeodesy_geodesicx_gxbases_py.html","relative_filename":"pygeodesy/geodesicx/gxbases.py"}},"pygeodesy_geodesicx_gxline_py":{"hash":"eb0039cde40d7ff5fd0a89aab9a040a1","index":{"nums":[1,228,33,8,0,0,0],"html_filename":"pygeodesy_geodesicx_gxline_py.html","relative_filename":"pygeodesy/geodesicx/gxline.py"}},"pygeodesy_geodsolve_py":{"hash":"2c8c6b30b999f80065c5f3d61a3ebfd3","index":{"nums":[1,238,47,13,0,0,0],"html_filename":"pygeodesy_geodsolve_py.html","relative_filename":"pygeodesy/geodsolve.py"}},"pygeodesy_geohash_py":{"hash":"d7a8c7832ed12196e3494fce65cef2e8","index":{"nums":[1,283,20,11,0,0,0],"html_filename":"pygeodesy_geohash_py.html","relative_filename":"pygeodesy/geohash.py"}},"pygeodesy_geoids_py":{"hash":"95a770d1fc527c5046f98e4fa1c6aceb","index":{"nums":[1,663,104,28,0,0,0],"html_filename":"pygeodesy_geoids_py.html","relative_filename":"pygeodesy/geoids.py"}},"pygeodesy_hausdorff_py":{"hash":"0367540926f4fe5568fdfd8925ce7628","index":{"nums":[1,267,61,10,0,0,0],"html_filename":"pygeodesy_hausdorff_py.html","relative_filename":"pygeodesy/hausdorff.py"}},"pygeodesy_heights_py":{"hash":"0f6df97c070f5ff103470209ca7e7c2b","index":{"nums":[1,356,92,10,0,0,0],"html_filename":"pygeodesy_heights_py.html","relative_filename":"pygeodesy/heights.py"}},"pygeodesy_interns_py":{"hash":"22fef3826f5c6f21b6e5419636b4fe95","index":{"nums":[1,480,13,19,0,0,0],"html_filename":"pygeodesy_interns_py.html","relative_filename":"pygeodesy/interns.py"}},"pygeodesy_iters_py":{"hash":"1cf10885a8e1bb7de86a07b081e2508f","index":{"nums":[1,194,23,7,0,0,0],"html_filename":"pygeodesy_iters_py.html","relative_filename":"pygeodesy/iters.py"}},"pygeodesy_karney_py":{"hash":"8f787d237bec456b7a4977b1c895dda3","index":{"nums":[1,238,30,6,0,0,0],"html_filename":"pygeodesy_karney_py.html","relative_filename":"pygeodesy/karney.py"}},"pygeodesy_latlonBase_py":{"hash":"cb0df2cd2c3decb1f551b6a157fd3052","index":{"nums":[1,356,47,16,0,0,0],"html_filename":"pygeodesy_latlonBase_py.html","relative_filename":"pygeodesy/latlonBase.py"}},"pygeodesy_lazily_py":{"hash":"bc404c4870a0dd953f4e598e6df8eba6","index":{"nums":[1,138,68,5,0,0,0],"html_filename":"pygeodesy_lazily_py.html","relative_filename":"pygeodesy/lazily.py"}},"pygeodesy_lcc_py":{"hash":"648e3988d321238091bcf8f6dde0501e","index":{"nums":[1,274,13,11,0,0,0],"html_filename":"pygeodesy_lcc_py.html","relative_filename":"pygeodesy/lcc.py"}},"pygeodesy_ltp_py":{"hash":"8f1d1222b420c1d91b7d0f329995bf77","index":{"nums":[1,246,26,5,0,0,0],"html_filename":"pygeodesy_ltp_py.html","relative_filename":"pygeodesy/ltp.py"}},"pygeodesy_ltpTuples_py":{"hash":"3d3d1b176a2bef1cb6818ff2a8e187dd","index":{"nums":[1,423,44,14,0,0,0],"html_filename":"pygeodesy_ltpTuples_py.html","relative_filename":"pygeodesy/ltpTuples.py"}},"pygeodesy_mgrs_py":{"hash":"b9f625d3228b9bf758ed3c1a375f39ca","index":{"nums":[1,191,8,5,0,0,0],"html_filename":"pygeodesy_mgrs_py.html","relative_filename":"pygeodesy/mgrs.py"}},"pygeodesy_named_py":{"hash":"0d7f5b999665c607d57530a2f0eccbdc","index":{"nums":[1,414,109,14,0,0,0],"html_filename":"pygeodesy_named_py.html","relative_filename":"pygeodesy/named.py"}},"pygeodesy_namedTuples_py":{"hash":"5a12f8732feaf35019394a94f846eb19","index":{"nums":[1,190,1,3,0,0,0],"html_filename":"pygeodesy_namedTuples_py.html","relative_filename":"pygeodesy/namedTuples.py"}},"pygeodesy_nvectorBase_py":{"hash":"0167ebd2b549419e212055328a37f7c6","index":{"nums":[1,233,21,8,0,0,0],"html_filename":"pygeodesy_nvectorBase_py.html","relative_filename":"pygeodesy/nvectorBase.py"}},"pygeodesy_osgr_py":{"hash":"395c9355e91fc38a02cf6e1123b44017","index":{"nums":[1,205,12,8,0,0,0],"html_filename":"pygeodesy_osgr_py.html","relative_filename":"pygeodesy/osgr.py"}},"pygeodesy_points_py":{"hash":"d967cf311d90d2ad2323fc54ad652fad","index":{"nums":[1,579,70,33,0,0,0],"html_filename":"pygeodesy_points_py.html","relative_filename":"pygeodesy/points.py"}},"pygeodesy_props_py":{"hash":"326e30a6f46af4a965a135679d47fd43","index":{"nums":[1,154,42,8,0,0,0],"html_filename":"pygeodesy_props_py.html","relative_filename":"pygeodesy/props.py"}},"pygeodesy_resections_py":{"hash":"3f75e5620989006058521820a8ce38b2","index":{"nums":[1,313,61,4,0,0,0],"html_filename":"pygeodesy_resections_py.html","relative_filename":"pygeodesy/resections.py"}},"pygeodesy_simplify_py":{"hash":"21ecc3161b1924234bfe6e196e6b7f88","index":{"nums":[1,225,4,4,0,0,0],"html_filename":"pygeodesy_simplify_py.html","relative_filename":"pygeodesy/simplify.py"}},"pygeodesy_sphericalBase_py":{"hash":"a8a2bbb83f08840256529d76df0f490c","index":{"nums":[1,140,7,5,0,0,0],"html_filename":"pygeodesy_sphericalBase_py.html","relative_filename":"pygeodesy/sphericalBase.py"}},"pygeodesy_sphericalNvector_py":{"hash":"32eab37a216a678cd9421de79f30cc6e","index":{"nums":[1,247,17,5,0,0,0],"html_filename":"pygeodesy_sphericalNvector_py.html","relative_filename":"pygeodesy/sphericalNvector.py"}},"pygeodesy_sphericalTrigonometry_py":{"hash":"ccb2f84e890ac65ab59a98b0ddcdb3a4","index":{"nums":[1,358,56,11,0,0,0],"html_filename":"pygeodesy_sphericalTrigonometry_py.html","relative_filename":"pygeodesy/sphericalTrigonometry.py"}},"pygeodesy_streprs_py":{"hash":"f0644dcda7b9caf19d761695dce71418","index":{"nums":[1,210,16,7,0,0,0],"html_filename":"pygeodesy_streprs_py.html","relative_filename":"pygeodesy/streprs.py"}},"pygeodesy_trf_py":{"hash":"2f038744c0379a86c12772e7e46aa018","index":{"nums":[1,175,25,6,0,0,0],"html_filename":"pygeodesy_trf_py.html","relative_filename":"pygeodesy/trf.py"}},"pygeodesy_units_py":{"hash":"a15db120149f4e77c60d4caddb421072","index":{"nums":[1,365,30,17,0,0,0],"html_filename":"pygeodesy_units_py.html","relative_filename":"pygeodesy/units.py"}},"pygeodesy_ups_py":{"hash":"5a009baf597dc622db36deec81a37af7","index":{"nums":[1,171,9,7,0,0,0],"html_filename":"pygeodesy_ups_py.html","relative_filename":"pygeodesy/ups.py"}},"pygeodesy_utily_py":{"hash":"eca732739cac64d39161912db8070e57","index":{"nums":[1,201,10,4,0,0,0],"html_filename":"pygeodesy_utily_py.html","relative_filename":"pygeodesy/utily.py"}},"pygeodesy_utm_py":{"hash":"536c61ba5dfe4420d34bdabc55d7e0a6","index":{"nums":[1,286,18,8,0,0,0],"html_filename":"pygeodesy_utm_py.html","relative_filename":"pygeodesy/utm.py"}},"pygeodesy_utmups_py":{"hash":"901fa4d9b6b317e0da718e880449b6ee","index":{"nums":[1,85,13,2,0,0,0],"html_filename":"pygeodesy_utmups_py.html","relative_filename":"pygeodesy/utmups.py"}},"pygeodesy_utmupsBase_py":{"hash":"9794e3068feb8f509a95fce5b73af277","index":{"nums":[1,204,21,9,0,0,0],"html_filename":"pygeodesy_utmupsBase_py.html","relative_filename":"pygeodesy/utmupsBase.py"}},"pygeodesy_vector2d_py":{"hash":"0656cf91fe1164dca4d6625055f90308","index":{"nums":[1,297,24,11,0,0,0],"html_filename":"pygeodesy_vector2d_py.html","relative_filename":"pygeodesy/vector2d.py"}},"pygeodesy_vector3d_py":{"hash":"0a00c83ae291d60d6705ab348dc754bb","index":{"nums":[1,229,36,17,0,0,0],"html_filename":"pygeodesy_vector3d_py.html","relative_filename":"pygeodesy/vector3d.py"}},"pygeodesy_vector3dBase_py":{"hash":"d869666765f63c017ccf6dad88a86a40","index":{"nums":[1,255,79,7,0,0,0],"html_filename":"pygeodesy_vector3dBase_py.html","relative_filename":"pygeodesy/vector3dBase.py"}},"pygeodesy_webmercator_py":{"hash":"b785fb4dbace3355bf769a2753c54644","index":{"nums":[1,118,12,2,0,0,0],"html_filename":"pygeodesy_webmercator_py.html","relative_filename":"pygeodesy/webmercator.py"}},"pygeodesy_wgrs_py":{"hash":"f0e0af2e7a328311592543c81b1a05ef","index":{"nums":[1,187,7,4,0,0,0],"html_filename":"pygeodesy_wgrs_py.html","relative_filename":"pygeodesy/wgrs.py"}}}}