{"format":1,"version":"4.5.4","settings":"159dbfae439779699c52883197598df9","files":{"pygeodesy___init___py":{"hash":"874d19ed8cd3a6c540fc308a0010c543","index":{"nums":[1,148,8,4,0,0,0],"html_filename":"pygeodesy___init___py.html","relative_filename":"pygeodesy/__init__.py"}},"pygeodesy_albers_py":{"hash":"553a420b16c56af94c7d07f4c8c475f5","index":{"nums":[1,382,9,19,0,0,0],"html_filename":"pygeodesy_albers_py.html","relative_filename":"pygeodesy/albers.py"}},"pygeodesy_azimuthal_py":{"hash":"527f7223c55f592c031b644217b2edb2","index":{"nums":[1,331,37,18,0,0,0],"html_filename":"pygeodesy_azimuthal_py.html","relative_filename":"pygeodesy/azimuthal.py"}},"pygeodesy_basics_py":{"hash":"c4d93e5b3ccef9d45ddaf37a51d0bd02","index":{"nums":[1,166,60,6,0,0,0],"html_filename":"pygeodesy_basics_py.html","relative_filename":"pygeodesy/basics.py"}},"pygeodesy_cartesianBase_py":{"hash":"1931799f146570684b25ec45f58e26c5","index":{"nums":[1,202,14,16,0,0,0],"html_filename":"pygeodesy_cartesianBase_py.html","relative_filename":"pygeodesy/cartesianBase.py"}},"pygeodesy_clipy_py":{"hash":"d0e1549af39715d6d525278798333d1f","index":{"nums":[1,287,18,12,0,0,0],"html_filename":"pygeodesy_clipy_py.html","relative_filename":"pygeodesy/clipy.py"}},"pygeodesy_css_py":{"hash":"a3ff65e61659edef4e635a97bcbf7869","index":{"nums":[1,197,3,6,0,0,0],"html_filename":"pygeodesy_css_py.html","relative_filename":"pygeodesy/css.py"}},"pygeodesy_datums_py":{"hash":"92c94d2ae8f3f661d13f5871ca4768d4","index":{"nums":[1,166,20,5,0,0,0],"html_filename":"pygeodesy_datums_py.html","relative_filename":"pygeodesy/datums.py"}},"pygeodesy_deprecated___init___py":{"hash":"74c0b06a5b80ee64b54418de070cbe13","index":{"nums":[1,67,172,3,0,0,0],"html_filename":"pygeodesy_deprecated___init___py.html","relative_filename":"pygeodesy/deprecated/__init__.py"}},"pygeodesy_deprecated_bases_py":{"hash":"3df3c326b9b8654267583c52c5c81dc3","index":{"nums":[1,6,0,0,0,0,0],"html_filename":"pygeodesy_deprecated_bases_py.html","relative_filename":"pygeodesy/deprecated/bases.py"}},"pygeodesy_deprecated_datum_py":{"hash":"9bd726abc6a8ef63825322a931f00712","index":{"nums":[1,5,0,0,0,0,0],"html_filename":"pygeodesy_deprecated_datum_py.html","relative_filename":"pygeodesy/deprecated/datum.py"}},"pygeodesy_deprecated_nvector_py":{"hash":"45431b8f6bb5f67559f21ddb506de6aa","index":{"nums":[1,8,3,0,0,0,0],"html_filename":"pygeodesy_deprecated_nvector_py.html","relative_filename":"pygeodesy/deprecated/nvector.py"}},"pygeodesy_dms_py":{"hash":"85329b8ba00921107d78873e11853e27","index":{"nums":[1,265,27,15,0,0,0],"html_filename":"pygeodesy_dms_py.html","relative_filename":"pygeodesy/dms.py"}},"pygeodesy_ecef_py":{"hash":"1c40c06bb957cb4e414afdd787120c1c","index":{"nums":[1,431,46,21,0,0,0],"html_filename":"pygeodesy_ecef_py.html","relative_filename":"pygeodesy/ecef.py"}},"pygeodesy_elevations_py":{"hash":"182c2dff93f13e58e76e9f35862ec18c","index":{"nums":[1,71,31,3,0,0,0],"html_filename":"pygeodesy_elevations_py.html","relative_filename":"pygeodesy/elevations.py"}},"pygeodesy_ellipsoidalBase_py":{"hash":"2ec9a22e2bd55622dccc2d0d724e2c7d","index":{"nums":[1,299,37,7,0,0,0],"html_filename":"pygeodesy_ellipsoidalBase_py.html","relative_filename":"pygeodesy/ellipsoidalBase.py"}},"pygeodesy_ellipsoidalBaseDI_py":{"hash":"e8e14a37ddef65b98c9c6a1167e15ac1","index":{"nums":[1,311,24,12,0,0,0],"html_filename":"pygeodesy_ellipsoidalBaseDI_py.html","relative_filename":"pygeodesy/ellipsoidalBaseDI.py"}},"pygeodesy_ellipsoidalExact_py":{"hash":"912dd992473711336e5f8a37ba1d184f","index":{"nums":[1,42,1,0,0,0,0],"html_filename":"pygeodesy_ellipsoidalExact_py.html","relative_filename":"pygeodesy/ellipsoidalExact.py"}},"pygeodesy_ellipsoidalGeodSolve_py":{"hash":"5d92676073a323bd7474bf272b526851","index":{"nums":[1,42,1,0,0,0,0],"html_filename":"pygeodesy_ellipsoidalGeodSolve_py.html","relative_filename":"pygeodesy/ellipsoidalGeodSolve.py"}},"pygeodesy_ellipsoidalKarney_py":{"hash":"27ca16ace3666e92b0994a6fbe771de4","index":{"nums":[1,43,4,0,0,0,0],"html_filename":"pygeodesy_ellipsoidalKarney_py.html","relative_filename":"pygeodesy/ellipsoidalKarney.py"}},"pygeodesy_ellipsoidalNvector_py":{"hash":"db662ed5fae4151d3363ccede7b7b8d7","index":{"nums":[1,130,3,1,0,0,0],"html_filename":"pygeodesy_ellipsoidalNvector_py.html","relative_filename":"pygeodesy/ellipsoidalNvector.py"}},"pygeodesy_ellipsoidalVincenty_py":{"hash":"78faa5125d81f86c967c9db30382bfe6","index":{"nums":[1,152,15,2,0,0,0],"html_filename":"pygeodesy_ellipsoidalVincenty_py.html","relative_filename":"pygeodesy/ellipsoidalVincenty.py"}},"pygeodesy_ellipsoids_py":{"hash":"dbfbce01cb0d73429bce44802a185943","index":{"nums":[1,685,49,36,0,0,0],"html_filename":"pygeodesy_ellipsoids_py.html","relative_filename":"pygeodesy/ellipsoids.py"}},"pygeodesy_elliptic_py":{"hash":"9108f7e113e5f32d269cd078f02d01ed","index":{"nums":[1,364,25,10,0,0,0],"html_filename":"pygeodesy_elliptic_py.html","relative_filename":"pygeodesy/elliptic.py"}},"pygeodesy_epsg_py":{"hash":"d009f38705ad5eeecfbf34efb50c245f","index":{"nums":[1,101,7,2,0,0,0],"html_filename":"pygeodesy_epsg_py.html","relative_filename":"pygeodesy/epsg.py"}},"pygeodesy_errors_py":{"hash":"8374716bff1f09e5672e52e66fd3ded4","index":{"nums":[1,208,46,6,0,0,0],"html_filename":"pygeodesy_errors_py.html","relative_filename":"pygeodesy/errors.py"}},"pygeodesy_etm_py":{"hash":"9e8c27231af170ee5f7c26e67693a029","index":{"nums":[1,363,8,22,0,0,0],"html_filename":"pygeodesy_etm_py.html","relative_filename":"pygeodesy/etm.py"}},"pygeodesy_fmath_py":{"hash":"c5a38339349fc56deb8003b88d77fa6d","index":{"nums":[1,463,131,16,0,0,0],"html_filename":"pygeodesy_fmath_py.html","relative_filename":"pygeodesy/fmath.py"}},"pygeodesy_formy_py":{"hash":"6480d9dee60251333803df0ea43b4c15","index":{"nums":[1,325,13,8,0,0,0],"html_filename":"pygeodesy_formy_py.html","relative_filename":"pygeodesy/formy.py"}},"pygeodesy_frechet_py":{"hash":"1398eec9b59f74f5a9baa53b5502057a","index":{"nums":[1,240,73,7,0,0,0],"html_filename":"pygeodesy_frechet_py.html","relative_filename":"pygeodesy/frechet.py"}},"pygeodesy_gars_py":{"hash":"a624742d220bd3abc6887e532b5eb9ce","index":{"nums":[1,147,11,5,0,0,0],"html_filename":"pygeodesy_gars_py.html","relative_filename":"pygeodesy/gars.py"}},"pygeodesy_geodesicx__C4_24_py":{"hash":"95d2eb43aaa6503c4b6b3eb4812d9e44","index":{"nums":[1,5,0,0,0,0,0],"html_filename":"pygeodesy_geodesicx__C4_24_py.html","relative_filename":"pygeodesy/geodesicx/_C4_24.py"}},"pygeodesy_geodesicx__C4_27_py":{"hash":"e7706cf9385fae95e7a059dce5a6acc7","index":{"nums":[1,5,0,0,0,0,0],"html_filename":"pygeodesy_geodesicx__C4_27_py.html","relative_filename":"pygeodesy/geodesicx/_C4_27.py"}},"pygeodesy_geodesicx__C4_30_py":{"hash":"1d745323e356462b36712ba063bd6acb","index":{"nums":[1,5,0,0,0,0,0],"html_filename":"pygeodesy_geodesicx__C4_30_py.html","relative_filename":"pygeodesy/geodesicx/_C4_30.py"}},"pygeodesy_geodesicx___init___py":{"hash":"3e87e6d9f417760d80833a3c916d8f33","index":{"nums":[1,7,0,0,0,0,0],"html_filename":"pygeodesy_geodesicx___init___py.html","relative_filename":"pygeodesy/geodesicx/__init__.py"}},"pygeodesy_geodesicx_gx_py":{"hash":"7fceaf254e9c7379cb270a12abcf07e7","index":{"nums":[1,502,11,37,0,0,0],"html_filename":"pygeodesy_geodesicx_gx_py.html","relative_filename":"pygeodesy/geodesicx/gx.py"}},"pygeodesy_geodesicx_gxarea_py":{"hash":"ff46f751ced1d05ab3844ce7662de897","index":{"nums":[1,224,24,11,0,0,0],"html_filename":"pygeodesy_geodesicx_gxarea_py.html","relative_filename":"pygeodesy/geodesicx/gxarea.py"}},"pygeodesy_geodesicx_gxbases_py":{"hash":"0f9239d776e445254a7cabad8bb37768","index":{"nums":[1,92,1,3,0,0,0],"html_filename":"pygeodesy_geodesicx_gxbases_py.html","relative_filename":"pygeodesy/geodesicx/gxbases.py"}},"pygeodesy_geodesicx_gxline_py":{"hash":"ce8a66dfd02c0415b1382cec9b6a98e2","index":{"nums":[1,227,33,8,0,0,0],"html_filename":"pygeodesy_geodesicx_gxline_py.html","relative_filename":"pygeodesy/geodesicx/gxline.py"}},"pygeodesy_geodsolve_py":{"hash":"fd088d962bdb60c72ee5cdd36fa5fd0b","index":{"nums":[1,243,43,16,0,0,0],"html_filename":"pygeodesy_geodsolve_py.html","relative_filename":"pygeodesy/geodsolve.py"}},"pygeodesy_geohash_py":{"hash":"d7a8c7832ed12196e3494fce65cef2e8","index":{"nums":[1,283,20,11,0,0,0],"html_filename":"pygeodesy_geohash_py.html","relative_filename":"pygeodesy/geohash.py"}},"pygeodesy_geoids_py":{"hash":"447bcddd4f735d918bc1a1d5ba3f3532","index":{"nums":[1,664,104,28,0,0,0],"html_filename":"pygeodesy_geoids_py.html","relative_filename":"pygeodesy/geoids.py"}},"pygeodesy_hausdorff_py":{"hash":"a427f730a97e9819ffba29fda35cb3cf","index":{"nums":[1,266,61,10,0,0,0],"html_filename":"pygeodesy_hausdorff_py.html","relative_filename":"pygeodesy/hausdorff.py"}},"pygeodesy_heights_py":{"hash":"98049d7752369c93778b6848856831e2","index":{"nums":[1,365,82,17,0,0,0],"html_filename":"pygeodesy_heights_py.html","relative_filename":"pygeodesy/heights.py"}},"pygeodesy_interns_py":{"hash":"fc195809f44090a24d682986e9b6e325","index":{"nums":[1,438,11,15,0,0,0],"html_filename":"pygeodesy_interns_py.html","relative_filename":"pygeodesy/interns.py"}},"pygeodesy_iters_py":{"hash":"1cf10885a8e1bb7de86a07b081e2508f","index":{"nums":[1,194,23,7,0,0,0],"html_filename":"pygeodesy_iters_py.html","relative_filename":"pygeodesy/iters.py"}},"pygeodesy_karney_py":{"hash":"10ce9b1a67c111038b0520efa47511af","index":{"nums":[1,250,28,8,0,0,0],"html_filename":"pygeodesy_karney_py.html","relative_filename":"pygeodesy/karney.py"}},"pygeodesy_latlonBase_py":{"hash":"174f977e592bb401e7f0cbeeebcfb0fc","index":{"nums":[1,365,47,20,0,0,0],"html_filename":"pygeodesy_latlonBase_py.html","relative_filename":"pygeodesy/latlonBase.py"}},"pygeodesy_lazily_py":{"hash":"5f9b364325923ebb7db447879575f040","index":{"nums":[1,126,31,8,0,0,0],"html_filename":"pygeodesy_lazily_py.html","relative_filename":"pygeodesy/lazily.py"}},"pygeodesy_lcc_py":{"hash":"1ff86cb21758299d866ff2712cac53b5","index":{"nums":[1,273,13,11,0,0,0],"html_filename":"pygeodesy_lcc_py.html","relative_filename":"pygeodesy/lcc.py"}},"pygeodesy_ltp_py":{"hash":"8d0958d1e19aa5b3c48b888dbdee01f8","index":{"nums":[1,257,12,17,0,0,0],"html_filename":"pygeodesy_ltp_py.html","relative_filename":"pygeodesy/ltp.py"}},"pygeodesy_ltpTuples_py":{"hash":"a416a015930307221404e3ae43530b9b","index":{"nums":[1,451,23,28,0,0,0],"html_filename":"pygeodesy_ltpTuples_py.html","relative_filename":"pygeodesy/ltpTuples.py"}},"pygeodesy_mgrs_py":{"hash":"c80b9edc04a9a3472da66bb15db22b46","index":{"nums":[1,191,8,5,0,0,0],"html_filename":"pygeodesy_mgrs_py.html","relative_filename":"pygeodesy/mgrs.py"}},"pygeodesy_named_py":{"hash":"f62981585e7c3edee5c472489ef19678","index":{"nums":[1,421,94,27,0,0,0],"html_filename":"pygeodesy_named_py.html","relative_filename":"pygeodesy/named.py"}},"pygeodesy_namedTuples_py":{"hash":"af484367bc5241f6ddb1a63a78d81c8d","index":{"nums":[1,184,1,2,0,0,0],"html_filename":"pygeodesy_namedTuples_py.html","relative_filename":"pygeodesy/namedTuples.py"}},"pygeodesy_nvectorBase_py":{"hash":"0d5fb76d802a5f2d4be0f63ae1fa59e3","index":{"nums":[1,233,21,8,0,0,0],"html_filename":"pygeodesy_nvectorBase_py.html","relative_filename":"pygeodesy/nvectorBase.py"}},"pygeodesy_osgr_py":{"hash":"dbb6334cc7511aed372cae0a5f05063a","index":{"nums":[1,204,12,8,0,0,0],"html_filename":"pygeodesy_osgr_py.html","relative_filename":"pygeodesy/osgr.py"}},"pygeodesy_points_py":{"hash":"b9c34a9cf0edcfed67150284f982dd17","index":{"nums":[1,567,70,46,0,0,0],"html_filename":"pygeodesy_points_py.html","relative_filename":"pygeodesy/points.py"}},"pygeodesy_props_py":{"hash":"6d2770c441ba364b744fdedc5b1d5bd4","index":{"nums":[1,147,37,2,0,0,0],"html_filename":"pygeodesy_props_py.html","relative_filename":"pygeodesy/props.py"}},"pygeodesy_resections_py":{"hash":"559ebd1913132f9a443137351109ece1","index":{"nums":[1,309,60,20,0,0,0],"html_filename":"pygeodesy_resections_py.html","relative_filename":"pygeodesy/resections.py"}},"pygeodesy_simplify_py":{"hash":"efc2e81a8fd40ff27ece61d2ca38d446","index":{"nums":[1,226,4,4,0,0,0],"html_filename":"pygeodesy_simplify_py.html","relative_filename":"pygeodesy/simplify.py"}},"pygeodesy_sphericalBase_py":{"hash":"ee2e8ab789d9da3c8beb901a8b623f09","index":{"nums":[1,141,7,5,0,0,0],"html_filename":"pygeodesy_sphericalBase_py.html","relative_filename":"pygeodesy/sphericalBase.py"}},"pygeodesy_sphericalNvector_py":{"hash":"088273b2af07dbe65cad53a2ae93a421","index":{"nums":[1,249,17,5,0,0,0],"html_filename":"pygeodesy_sphericalNvector_py.html","relative_filename":"pygeodesy/sphericalNvector.py"}},"pygeodesy_sphericalTrigonometry_py":{"hash":"ab2dc90cd169a86c4f171dfc326d1155","index":{"nums":[1,367,43,17,0,0,0],"html_filename":"pygeodesy_sphericalTrigonometry_py.html","relative_filename":"pygeodesy/sphericalTrigonometry.py"}},"pygeodesy_streprs_py":{"hash":"92a0bd739e2a34b5624c63953149068d","index":{"nums":[1,206,14,6,0,0,0],"html_filename":"pygeodesy_streprs_py.html","relative_filename":"pygeodesy/streprs.py"}},"pygeodesy_trf_py":{"hash":"89fe2c91ab62863989f6e050c3c73cfc","index":{"nums":[1,175,25,6,0,0,0],"html_filename":"pygeodesy_trf_py.html","relative_filename":"pygeodesy/trf.py"}},"pygeodesy_units_py":{"hash":"073d910deba03e30176682e93b6ccbf4","index":{"nums":[1,365,30,17,0,0,0],"html_filename":"pygeodesy_units_py.html","relative_filename":"pygeodesy/units.py"}},"pygeodesy_ups_py":{"hash":"ee6021552a71f13fa3c0ee05a8f7b984","index":{"nums":[1,172,9,7,0,0,0],"html_filename":"pygeodesy_ups_py.html","relative_filename":"pygeodesy/ups.py"}},"pygeodesy_utily_py":{"hash":"38b1aa0ac3c8f855ad19df7319196058","index":{"nums":[1,207,10,13,0,0,0],"html_filename":"pygeodesy_utily_py.html","relative_filename":"pygeodesy/utily.py"}},"pygeodesy_utm_py":{"hash":"f6f8c0bdce3ce922d78449f6cba55e9b","index":{"nums":[1,291,17,7,0,0,0],"html_filename":"pygeodesy_utm_py.html","relative_filename":"pygeodesy/utm.py"}},"pygeodesy_utmups_py":{"hash":"044314ccede769118a95d26c79aed658","index":{"nums":[1,90,13,2,0,0,0],"html_filename":"pygeodesy_utmups_py.html","relative_filename":"pygeodesy/utmups.py"}},"pygeodesy_utmupsBase_py":{"hash":"df73b4f47153ec7aa03ce53015be3228","index":{"nums":[1,205,21,9,0,0,0],"html_filename":"pygeodesy_utmupsBase_py.html","relative_filename":"pygeodesy/utmupsBase.py"}},"pygeodesy_vector2d_py":{"hash":"9c953820ad7dcda5f4321f66bda45eb0","index":{"nums":[1,296,24,11,0,0,0],"html_filename":"pygeodesy_vector2d_py.html","relative_filename":"pygeodesy/vector2d.py"}},"pygeodesy_vector3d_py":{"hash":"b70056b62228d22aeb23ceaa9938af3c","index":{"nums":[1,241,36,10,0,0,0],"html_filename":"pygeodesy_vector3d_py.html","relative_filename":"pygeodesy/vector3d.py"}},"pygeodesy_vector3dBase_py":{"hash":"816be5db6bbc93fd7eecfac21937bc3f","index":{"nums":[1,256,72,19,0,0,0],"html_filename":"pygeodesy_vector3dBase_py.html","relative_filename":"pygeodesy/vector3dBase.py"}},"pygeodesy_webmercator_py":{"hash":"fb09d4bf60351fd173f3db97c4b13733","index":{"nums":[1,117,12,0,0,0,0],"html_filename":"pygeodesy_webmercator_py.html","relative_filename":"pygeodesy/webmercator.py"}},"pygeodesy_wgrs_py":{"hash":"48456bd447965db2a1112d4a2aca6d35","index":{"nums":[1,190,7,5,0,0,0],"html_filename":"pygeodesy_wgrs_py.html","relative_filename":"pygeodesy/wgrs.py"}}}}