{"format":2,"version":"7.2.2","globals":"b5d1192a27d7b23e604bd537002224b1","files":{"d_4569faf12939b165___init___py":{"hash":"998a3b96753bce6147ced9c42e5a067c","index":{"nums":[0,1,179,8,157,0,0,0],"html_filename":"d_4569faf12939b165___init___py.html","relative_filename":"pygeodesy/__init__.py"}},"d_4569faf12939b165_albers_py":{"hash":"ad29ce260822bd62b9a70b64a1ddbb4e","index":{"nums":[0,1,375,18,11,0,0,0],"html_filename":"d_4569faf12939b165_albers_py.html","relative_filename":"pygeodesy/albers.py"}},"d_4569faf12939b165_azimuthal_py":{"hash":"3c1fc63619944627d127b847a8d65db3","index":{"nums":[0,1,312,55,5,0,0,0],"html_filename":"d_4569faf12939b165_azimuthal_py.html","relative_filename":"pygeodesy/azimuthal.py"}},"d_4569faf12939b165_basics_py":{"hash":"9048a2976ff1fa2d8b36dbb2b63e6b89","index":{"nums":[0,1,193,77,18,0,0,0],"html_filename":"d_4569faf12939b165_basics_py.html","relative_filename":"pygeodesy/basics.py"}},"d_4569faf12939b165_booleans_py":{"hash":"7755dc1583c2ce00e077dc3499b4055f","index":{"nums":[0,1,969,118,59,0,0,0],"html_filename":"d_4569faf12939b165_booleans_py.html","relative_filename":"pygeodesy/booleans.py"}},"d_4569faf12939b165_cartesianBase_py":{"hash":"30c8c4c56f6c8be4ccf00fb83f49f6d7","index":{"nums":[0,1,202,20,11,0,0,0],"html_filename":"d_4569faf12939b165_cartesianBase_py.html","relative_filename":"pygeodesy/cartesianBase.py"}},"d_4569faf12939b165_clipy_py":{"hash":"5c92a2ffa62b412da8843707d7f1237b","index":{"nums":[0,1,317,18,14,0,0,0],"html_filename":"d_4569faf12939b165_clipy_py.html","relative_filename":"pygeodesy/clipy.py"}},"d_4569faf12939b165_constants_py":{"hash":"79e63d122fcddec359e501d5807c444a","index":{"nums":[0,1,173,58,0,0,0,0],"html_filename":"d_4569faf12939b165_constants_py.html","relative_filename":"pygeodesy/constants.py"}},"d_4569faf12939b165_css_py":{"hash":"66aef02904cdfbfa63c0d73145e6a178","index":{"nums":[0,1,235,11,5,0,0,0],"html_filename":"d_4569faf12939b165_css_py.html","relative_filename":"pygeodesy/css.py"}},"d_4569faf12939b165_datums_py":{"hash":"9d1a4fc598974882abd007253b167a5e","index":{"nums":[0,1,180,15,5,0,0,0],"html_filename":"d_4569faf12939b165_datums_py.html","relative_filename":"pygeodesy/datums.py"}},"d_81bb61ef01d6cb97___init___py":{"hash":"2768d6eb236a293cd3fe7d8ba0209584","index":{"nums":[0,1,117,176,5,0,0,0],"html_filename":"d_81bb61ef01d6cb97___init___py.html","relative_filename":"pygeodesy/deprecated/__init__.py"}},"d_81bb61ef01d6cb97_bases_py":{"hash":"d1d59c6f293b66c16be8ab1b7354fd3a","index":{"nums":[0,1,6,0,0,0,0,0],"html_filename":"d_81bb61ef01d6cb97_bases_py.html","relative_filename":"pygeodesy/deprecated/bases.py"}},"d_81bb61ef01d6cb97_datum_py":{"hash":"0feb2b1977af4032370af4fb0e0702fe","index":{"nums":[0,1,6,0,0,0,0,0],"html_filename":"d_81bb61ef01d6cb97_datum_py.html","relative_filename":"pygeodesy/deprecated/datum.py"}},"d_81bb61ef01d6cb97_nvector_py":{"hash":"fbab890f7c3a6c9a2daa69c2cc167001","index":{"nums":[0,1,8,3,0,0,0,0],"html_filename":"d_81bb61ef01d6cb97_nvector_py.html","relative_filename":"pygeodesy/deprecated/nvector.py"}},"d_4569faf12939b165_dms_py":{"hash":"41cddb90a7cc3fd281e9afb5d361e294","index":{"nums":[0,1,276,33,11,0,0,0],"html_filename":"d_4569faf12939b165_dms_py.html","relative_filename":"pygeodesy/dms.py"}},"d_4569faf12939b165_ecef_py":{"hash":"fd5129edf2f7777ff1764b3e8c79d779","index":{"nums":[0,1,447,46,23,0,0,0],"html_filename":"d_4569faf12939b165_ecef_py.html","relative_filename":"pygeodesy/ecef.py"}},"d_4569faf12939b165_elevations_py":{"hash":"f9bfd7310f51c9b09289f4029eecb7dc","index":{"nums":[0,1,70,35,14,0,0,0],"html_filename":"d_4569faf12939b165_elevations_py.html","relative_filename":"pygeodesy/elevations.py"}},"d_4569faf12939b165_ellipsoidalBase_py":{"hash":"677de8c83c7fd725518a5d9346acda6d","index":{"nums":[0,1,289,40,15,0,0,0],"html_filename":"d_4569faf12939b165_ellipsoidalBase_py.html","relative_filename":"pygeodesy/ellipsoidalBase.py"}},"d_4569faf12939b165_ellipsoidalBaseDI_py":{"hash":"542d89d565ff71c7f18f420a0c4dfef7","index":{"nums":[0,1,312,23,13,0,0,0],"html_filename":"d_4569faf12939b165_ellipsoidalBaseDI_py.html","relative_filename":"pygeodesy/ellipsoidalBaseDI.py"}},"d_4569faf12939b165_ellipsoidalExact_py":{"hash":"6ef16a97f8780d5ada85d2241a554a12","index":{"nums":[0,1,40,1,0,0,0,0],"html_filename":"d_4569faf12939b165_ellipsoidalExact_py.html","relative_filename":"pygeodesy/ellipsoidalExact.py"}},"d_4569faf12939b165_ellipsoidalGeodSolve_py":{"hash":"9fe9b11912d5b202cbc41292382c96e3","index":{"nums":[0,1,40,1,0,0,0,0],"html_filename":"d_4569faf12939b165_ellipsoidalGeodSolve_py.html","relative_filename":"pygeodesy/ellipsoidalGeodSolve.py"}},"d_4569faf12939b165_ellipsoidalKarney_py":{"hash":"0637a3bc3b1f34faf17c1849bef7c954","index":{"nums":[0,1,42,4,0,0,0,0],"html_filename":"d_4569faf12939b165_ellipsoidalKarney_py.html","relative_filename":"pygeodesy/ellipsoidalKarney.py"}},"d_4569faf12939b165_ellipsoidalNvector_py":{"hash":"ba554993a5a8b45f457e9cf06dac7f1f","index":{"nums":[0,1,122,4,1,0,0,0],"html_filename":"d_4569faf12939b165_ellipsoidalNvector_py.html","relative_filename":"pygeodesy/ellipsoidalNvector.py"}},"d_4569faf12939b165_ellipsoidalVincenty_py":{"hash":"71d33e94de7b9239a41d46779eff0479","index":{"nums":[0,1,175,11,2,0,0,0],"html_filename":"d_4569faf12939b165_ellipsoidalVincenty_py.html","relative_filename":"pygeodesy/ellipsoidalVincenty.py"}},"d_4569faf12939b165_ellipsoids_py":{"hash":"c9403f2104dcc46042a7394d8f755dc7","index":{"nums":[0,1,691,71,17,0,0,0],"html_filename":"d_4569faf12939b165_ellipsoids_py.html","relative_filename":"pygeodesy/ellipsoids.py"}},"d_4569faf12939b165_elliptic_py":{"hash":"47bb4ba2ddab69e52890bd704a4d70ce","index":{"nums":[0,1,453,80,4,0,0,0],"html_filename":"d_4569faf12939b165_elliptic_py.html","relative_filename":"pygeodesy/elliptic.py"}},"d_4569faf12939b165_epsg_py":{"hash":"3113a352cbb8a7af4ef8e86688af3cab","index":{"nums":[0,1,101,7,2,0,0,0],"html_filename":"d_4569faf12939b165_epsg_py.html","relative_filename":"pygeodesy/epsg.py"}},"d_4569faf12939b165_errors_py":{"hash":"c7741812edd08619056df548b33935d1","index":{"nums":[0,1,253,46,13,0,0,0],"html_filename":"d_4569faf12939b165_errors_py.html","relative_filename":"pygeodesy/errors.py"}},"d_4569faf12939b165_etm_py":{"hash":"4bcdda55eef6306e38533f4c89bfcc85","index":{"nums":[0,1,400,83,12,0,0,0],"html_filename":"d_4569faf12939b165_etm_py.html","relative_filename":"pygeodesy/etm.py"}},"d_4569faf12939b165_fmath_py":{"hash":"6d7e78926723306f19802315f50d85ff","index":{"nums":[0,1,267,72,19,0,0,0],"html_filename":"d_4569faf12939b165_fmath_py.html","relative_filename":"pygeodesy/fmath.py"}},"d_4569faf12939b165_formy_py":{"hash":"a0b4c58b1f51f36dccf482cdf5441807","index":{"nums":[0,1,358,20,6,0,0,0],"html_filename":"d_4569faf12939b165_formy_py.html","relative_filename":"pygeodesy/formy.py"}},"d_4569faf12939b165_frechet_py":{"hash":"c72f5eaec93e3ed6958360e15051c8a6","index":{"nums":[0,1,243,73,7,0,0,0],"html_filename":"d_4569faf12939b165_frechet_py.html","relative_filename":"pygeodesy/frechet.py"}},"d_4569faf12939b165_fstats_py":{"hash":"44c53d94bf62b519e1e268944d28acd3","index":{"nums":[0,1,303,24,4,0,0,0],"html_filename":"d_4569faf12939b165_fstats_py.html","relative_filename":"pygeodesy/fstats.py"}},"d_4569faf12939b165_fsums_py":{"hash":"c4702931e84e4c35f99b8b41e8be1fde","index":{"nums":[0,1,698,113,37,0,0,0],"html_filename":"d_4569faf12939b165_fsums_py.html","relative_filename":"pygeodesy/fsums.py"}},"d_4569faf12939b165_gars_py":{"hash":"58e74e51ad01fd1f6b712fe008b592ac","index":{"nums":[0,1,143,11,4,0,0,0],"html_filename":"d_4569faf12939b165_gars_py.html","relative_filename":"pygeodesy/gars.py"}},"d_4d2bca0ead806276__C4_24_py":{"hash":"3c582198dc0d6b33d51c7e78bd0e67fc","index":{"nums":[0,1,5,0,0,0,0,0],"html_filename":"d_4d2bca0ead806276__C4_24_py.html","relative_filename":"pygeodesy/geodesicx/_C4_24.py"}},"d_4d2bca0ead806276__C4_27_py":{"hash":"b816576f10c13cae702cb028a70d65d8","index":{"nums":[0,1,5,0,0,0,0,0],"html_filename":"d_4d2bca0ead806276__C4_27_py.html","relative_filename":"pygeodesy/geodesicx/_C4_27.py"}},"d_4d2bca0ead806276__C4_30_py":{"hash":"acf4bb6fd1e209a6ff0867afea9a3623","index":{"nums":[0,1,5,0,0,0,0,0],"html_filename":"d_4d2bca0ead806276__C4_30_py.html","relative_filename":"pygeodesy/geodesicx/_C4_30.py"}},"d_4d2bca0ead806276___init___py":{"hash":"6430509e8884892b07bed21fd6f432d6","index":{"nums":[0,1,7,0,0,0,0,0],"html_filename":"d_4d2bca0ead806276___init___py.html","relative_filename":"pygeodesy/geodesicx/__init__.py"}},"d_4d2bca0ead806276_gx_py":{"hash":"96490f8db119f850237a0374cc1b3e6a","index":{"nums":[0,1,500,30,32,0,0,0],"html_filename":"d_4d2bca0ead806276_gx_py.html","relative_filename":"pygeodesy/geodesicx/gx.py"}},"d_4d2bca0ead806276_gxarea_py":{"hash":"a0c441649d05261e82ac5fa6a39a3119","index":{"nums":[0,1,213,29,10,0,0,0],"html_filename":"d_4d2bca0ead806276_gxarea_py.html","relative_filename":"pygeodesy/geodesicx/gxarea.py"}},"d_4d2bca0ead806276_gxbases_py":{"hash":"3d1fb9d5253c7d5ca02165cefba34394","index":{"nums":[0,1,40,1,1,0,0,0],"html_filename":"d_4d2bca0ead806276_gxbases_py.html","relative_filename":"pygeodesy/geodesicx/gxbases.py"}},"d_4d2bca0ead806276_gxline_py":{"hash":"e18e2921b7b71b458729b67292647ee9","index":{"nums":[0,1,230,26,8,0,0,0],"html_filename":"d_4d2bca0ead806276_gxline_py.html","relative_filename":"pygeodesy/geodesicx/gxline.py"}},"d_4569faf12939b165_geodsolve_py":{"hash":"a6d3aa50fc69bf48387e3b10ad4543ef","index":{"nums":[0,1,78,22,5,0,0,0],"html_filename":"d_4569faf12939b165_geodsolve_py.html","relative_filename":"pygeodesy/geodsolve.py"}},"d_4569faf12939b165_geohash_py":{"hash":"d9a5ecd1a81b37f19d3fec1f29a9bc00","index":{"nums":[0,1,283,20,11,0,0,0],"html_filename":"d_4569faf12939b165_geohash_py.html","relative_filename":"pygeodesy/geohash.py"}},"d_4569faf12939b165_geoids_py":{"hash":"c9a50884ef801b87556ed8e0043840aa","index":{"nums":[0,1,665,104,28,0,0,0],"html_filename":"d_4569faf12939b165_geoids_py.html","relative_filename":"pygeodesy/geoids.py"}},"d_4569faf12939b165_hausdorff_py":{"hash":"8dcb88378cad52384a073cd55a33be30","index":{"nums":[0,1,266,61,10,0,0,0],"html_filename":"d_4569faf12939b165_hausdorff_py.html","relative_filename":"pygeodesy/hausdorff.py"}},"d_4569faf12939b165_heights_py":{"hash":"c383b0c349e3e0985a00029d8e435a8f","index":{"nums":[0,1,361,92,13,0,0,0],"html_filename":"d_4569faf12939b165_heights_py.html","relative_filename":"pygeodesy/heights.py"}},"d_4569faf12939b165_interns_py":{"hash":"4199668c0e2e84470563c64da61de0d6","index":{"nums":[0,1,429,20,52,0,0,0],"html_filename":"d_4569faf12939b165_interns_py.html","relative_filename":"pygeodesy/interns.py"}},"d_4569faf12939b165_iters_py":{"hash":"e3811bb5bb1645c024dd8d29de4db707","index":{"nums":[0,1,196,25,7,0,0,0],"html_filename":"d_4569faf12939b165_iters_py.html","relative_filename":"pygeodesy/iters.py"}},"d_4569faf12939b165_karney_py":{"hash":"214ec8a12489adbdf314fa5a3331d4c7","index":{"nums":[0,1,361,55,41,0,0,0],"html_filename":"d_4569faf12939b165_karney_py.html","relative_filename":"pygeodesy/karney.py"}},"d_4569faf12939b165_ktm_py":{"hash":"dcf2e148d8cd17ec3ecd8d01e1194624","index":{"nums":[0,1,214,40,5,0,0,0],"html_filename":"d_4569faf12939b165_ktm_py.html","relative_filename":"pygeodesy/ktm.py"}},"d_4569faf12939b165_latlonBase_py":{"hash":"0e6c707df4a7f75123b01ab715235f6a","index":{"nums":[0,1,409,52,15,0,0,0],"html_filename":"d_4569faf12939b165_latlonBase_py.html","relative_filename":"pygeodesy/latlonBase.py"}},"d_4569faf12939b165_lazily_py":{"hash":"d3dabfc3af345b8807bb878b950f3a95","index":{"nums":[0,1,151,75,15,0,0,0],"html_filename":"d_4569faf12939b165_lazily_py.html","relative_filename":"pygeodesy/lazily.py"}},"d_4569faf12939b165_lcc_py":{"hash":"c60ed55942924a44e99f0625f96a0bf3","index":{"nums":[0,1,280,13,11,0,0,0],"html_filename":"d_4569faf12939b165_lcc_py.html","relative_filename":"pygeodesy/lcc.py"}},"d_4569faf12939b165_ltp_py":{"hash":"9ca4c64b278fc0af6247e151a116371e","index":{"nums":[0,1,406,33,14,0,0,0],"html_filename":"d_4569faf12939b165_ltp_py.html","relative_filename":"pygeodesy/ltp.py"}},"d_4569faf12939b165_ltpTuples_py":{"hash":"2f27db1abb2bc01549c035524f7c3c52","index":{"nums":[0,1,493,44,31,0,0,0],"html_filename":"d_4569faf12939b165_ltpTuples_py.html","relative_filename":"pygeodesy/ltpTuples.py"}},"d_4569faf12939b165_mgrs_py":{"hash":"055490b2954680a8da2b83837d0352ba","index":{"nums":[0,1,264,52,2,0,0,0],"html_filename":"d_4569faf12939b165_mgrs_py.html","relative_filename":"pygeodesy/mgrs.py"}},"d_4569faf12939b165_named_py":{"hash":"01da92dccfc482fdec754d504995765c","index":{"nums":[0,1,428,109,16,0,0,0],"html_filename":"d_4569faf12939b165_named_py.html","relative_filename":"pygeodesy/named.py"}},"d_4569faf12939b165_namedTuples_py":{"hash":"a0867c54424cd981be33967eb1cca497","index":{"nums":[0,1,206,1,4,0,0,0],"html_filename":"d_4569faf12939b165_namedTuples_py.html","relative_filename":"pygeodesy/namedTuples.py"}},"d_4569faf12939b165_nvectorBase_py":{"hash":"c7d4b75f34cbbb4d0771154be2e1940f","index":{"nums":[0,1,233,21,8,0,0,0],"html_filename":"d_4569faf12939b165_nvectorBase_py.html","relative_filename":"pygeodesy/nvectorBase.py"}},"d_4569faf12939b165_osgr_py":{"hash":"8b6cc6a15b85998f1ac6f2c3ff816324","index":{"nums":[0,1,303,65,9,0,0,0],"html_filename":"d_4569faf12939b165_osgr_py.html","relative_filename":"pygeodesy/osgr.py"}},"d_4569faf12939b165_points_py":{"hash":"638a381b8aa79c72fd4a75e202b15311","index":{"nums":[0,1,561,96,26,0,0,0],"html_filename":"d_4569faf12939b165_points_py.html","relative_filename":"pygeodesy/points.py"}},"d_4569faf12939b165_props_py":{"hash":"316ec6df07a4565f31ec6b9bee4c4019","index":{"nums":[0,1,201,59,4,0,0,0],"html_filename":"d_4569faf12939b165_props_py.html","relative_filename":"pygeodesy/props.py"}},"d_4569faf12939b165_resections_py":{"hash":"08b4996b3e29462991ed25ff4cad3e71","index":{"nums":[0,1,312,61,4,0,0,0],"html_filename":"d_4569faf12939b165_resections_py.html","relative_filename":"pygeodesy/resections.py"}},"d_4569faf12939b165_rhumbsolve_py":{"hash":"e98123144253e3ebe3e22110dcb1a30f","index":{"nums":[0,1,86,28,1,0,0,0],"html_filename":"d_4569faf12939b165_rhumbsolve_py.html","relative_filename":"pygeodesy/rhumbsolve.py"}},"d_4569faf12939b165_rhumbx_py":{"hash":"3fd5f1aaa0b20f541cdd681f02d88dd4","index":{"nums":[0,1,446,43,10,0,0,0],"html_filename":"d_4569faf12939b165_rhumbx_py.html","relative_filename":"pygeodesy/rhumbx.py"}},"d_4569faf12939b165_simplify_py":{"hash":"df34dfa2344a316b100595cd48e255d0","index":{"nums":[0,1,227,4,2,0,0,0],"html_filename":"d_4569faf12939b165_simplify_py.html","relative_filename":"pygeodesy/simplify.py"}},"d_4569faf12939b165_solveBase_py":{"hash":"0506af8d34c7b7cf6afc28e986cdd02a","index":{"nums":[0,1,203,31,10,0,0,0],"html_filename":"d_4569faf12939b165_solveBase_py.html","relative_filename":"pygeodesy/solveBase.py"}},"d_4569faf12939b165_sphericalBase_py":{"hash":"bb816b4c1d07d0ede17c116630090db3","index":{"nums":[0,1,211,11,17,0,0,0],"html_filename":"d_4569faf12939b165_sphericalBase_py.html","relative_filename":"pygeodesy/sphericalBase.py"}},"d_4569faf12939b165_sphericalNvector_py":{"hash":"1b277aff6d04af705d8bc4040420b651","index":{"nums":[0,1,261,20,10,0,0,0],"html_filename":"d_4569faf12939b165_sphericalNvector_py.html","relative_filename":"pygeodesy/sphericalNvector.py"}},"d_4569faf12939b165_sphericalTrigonometry_py":{"hash":"d4a54b675713af194d9d43f2879bf847","index":{"nums":[0,1,376,57,17,0,0,0],"html_filename":"d_4569faf12939b165_sphericalTrigonometry_py.html","relative_filename":"pygeodesy/sphericalTrigonometry.py"}},"d_4569faf12939b165_streprs_py":{"hash":"d15c06b4975b27f5a079943d68372d37","index":{"nums":[0,1,272,20,14,0,0,0],"html_filename":"d_4569faf12939b165_streprs_py.html","relative_filename":"pygeodesy/streprs.py"}},"d_4569faf12939b165_trf_py":{"hash":"7b98f859689077b20f8625fdeb0136c6","index":{"nums":[0,1,176,26,5,0,0,0],"html_filename":"d_4569faf12939b165_trf_py.html","relative_filename":"pygeodesy/trf.py"}},"d_4569faf12939b165_triaxials_py":{"hash":"ef676cd3a2cb2af2762278ee3375d142","index":{"nums":[0,1,557,40,23,0,0,0],"html_filename":"d_4569faf12939b165_triaxials_py.html","relative_filename":"pygeodesy/triaxials.py"}},"d_4569faf12939b165_units_py":{"hash":"0e9e07ee658815d32be45e9b5ced8f17","index":{"nums":[0,1,297,18,18,0,0,0],"html_filename":"d_4569faf12939b165_units_py.html","relative_filename":"pygeodesy/units.py"}},"d_4569faf12939b165_unitsBase_py":{"hash":"f79a441c7d6c86f11caabfa2d3b3e3df","index":{"nums":[0,1,100,6,1,0,0,0],"html_filename":"d_4569faf12939b165_unitsBase_py.html","relative_filename":"pygeodesy/unitsBase.py"}},"d_4569faf12939b165_ups_py":{"hash":"ab074bc354cbc32fca0f54e511e7d1f4","index":{"nums":[0,1,166,9,5,0,0,0],"html_filename":"d_4569faf12939b165_ups_py.html","relative_filename":"pygeodesy/ups.py"}},"d_4569faf12939b165_utily_py":{"hash":"4a9817d482a2a4484224052f40be51ac","index":{"nums":[0,1,245,14,10,0,0,0],"html_filename":"d_4569faf12939b165_utily_py.html","relative_filename":"pygeodesy/utily.py"}},"d_4569faf12939b165_utm_py":{"hash":"e7933ec89298a7e88a56a71b363d335c","index":{"nums":[0,1,266,20,8,0,0,0],"html_filename":"d_4569faf12939b165_utm_py.html","relative_filename":"pygeodesy/utm.py"}},"d_4569faf12939b165_utmups_py":{"hash":"8588539f055c70f275ca778ce02348ac","index":{"nums":[0,1,87,13,2,0,0,0],"html_filename":"d_4569faf12939b165_utmups_py.html","relative_filename":"pygeodesy/utmups.py"}},"d_4569faf12939b165_utmupsBase_py":{"hash":"b1bef926a887d4707029564d25c7be2c","index":{"nums":[0,1,236,21,6,0,0,0],"html_filename":"d_4569faf12939b165_utmupsBase_py.html","relative_filename":"pygeodesy/utmupsBase.py"}},"d_4569faf12939b165_vector2d_py":{"hash":"f538c0818bdee4da02b2a1f4bdee97aa","index":{"nums":[0,1,320,24,7,0,0,0],"html_filename":"d_4569faf12939b165_vector2d_py.html","relative_filename":"pygeodesy/vector2d.py"}},"d_4569faf12939b165_vector3d_py":{"hash":"ea12c7d32042c5665c0630fc83fbda2a","index":{"nums":[0,1,234,42,4,0,0,0],"html_filename":"d_4569faf12939b165_vector3d_py.html","relative_filename":"pygeodesy/vector3d.py"}},"d_4569faf12939b165_vector3dBase_py":{"hash":"4b2a901861fca5c84fd74b2bf8acba3f","index":{"nums":[0,1,273,100,10,0,0,0],"html_filename":"d_4569faf12939b165_vector3dBase_py.html","relative_filename":"pygeodesy/vector3dBase.py"}},"d_4569faf12939b165_webmercator_py":{"hash":"752d6d5f802cdb9ca8d5c76d781d3ecb","index":{"nums":[0,1,118,12,2,0,0,0],"html_filename":"d_4569faf12939b165_webmercator_py.html","relative_filename":"pygeodesy/webmercator.py"}},"d_4569faf12939b165_wgrs_py":{"hash":"fda490f56e84ea856ce76a9924c684ca","index":{"nums":[0,1,188,7,4,0,0,0],"html_filename":"d_4569faf12939b165_wgrs_py.html","relative_filename":"pygeodesy/wgrs.py"}}}}