{"format":1,"version":"4.5.4","settings":"ddf3a2466abb42bc7bdc09d99cc8d206","files":{"pygeodesy___init___py":{"hash":"7c1b9bceae2c598bc64196ec93c3cf1d","index":{"nums":[1,126,3,3,0,0,0],"html_filename":"pygeodesy___init___py.html","relative_filename":"pygeodesy/__init__.py"}},"pygeodesy_albers_py":{"hash":"cc8a9d6696bafc3f67e15e3c0801ae2a","index":{"nums":[1,371,6,17,0,0,0],"html_filename":"pygeodesy_albers_py.html","relative_filename":"pygeodesy/albers.py"}},"pygeodesy_azimuthal_py":{"hash":"67058215afe8990e644d94d2d40482c5","index":{"nums":[1,273,12,12,0,0,0],"html_filename":"pygeodesy_azimuthal_py.html","relative_filename":"pygeodesy/azimuthal.py"}},"pygeodesy_bases_py":{"hash":"0e9da6f8f421164aef4ddbeed8bfd5eb","index":{"nums":[1,6,0,0,0,0,0],"html_filename":"pygeodesy_bases_py.html","relative_filename":"pygeodesy/bases.py"}},"pygeodesy_basics_py":{"hash":"f7410afc13164ebb48970e8970f450b4","index":{"nums":[1,130,29,2,0,0,0],"html_filename":"pygeodesy_basics_py.html","relative_filename":"pygeodesy/basics.py"}},"pygeodesy_cartesianBase_py":{"hash":"88b674b2ed887f6048fa99ce7ed09bdf","index":{"nums":[1,128,9,6,0,0,0],"html_filename":"pygeodesy_cartesianBase_py.html","relative_filename":"pygeodesy/cartesianBase.py"}},"pygeodesy_clipy_py":{"hash":"2b2934e7adcd1c2f25f6f15956191fb3","index":{"nums":[1,239,16,15,0,0,0],"html_filename":"pygeodesy_clipy_py.html","relative_filename":"pygeodesy/clipy.py"}},"pygeodesy_css_py":{"hash":"144652e9326b02fd655c6c6250e2ebbe","index":{"nums":[1,193,0,7,0,0,0],"html_filename":"pygeodesy_css_py.html","relative_filename":"pygeodesy/css.py"}},"pygeodesy_datum_py":{"hash":"47ec410a7b439d6849bfd6ed586fe524","index":{"nums":[1,7,0,0,0,0,0],"html_filename":"pygeodesy_datum_py.html","relative_filename":"pygeodesy/datum.py"}},"pygeodesy_datums_py":{"hash":"162cce62e9dc2219597d97d52fac4d1b","index":{"nums":[1,106,5,0,0,0,0],"html_filename":"pygeodesy_datums_py.html","relative_filename":"pygeodesy/datums.py"}},"pygeodesy_deprecated_py":{"hash":"f4d40bca0abb914750a157a0f7604fdf","index":{"nums":[1,96,40,0,0,0,0],"html_filename":"pygeodesy_deprecated_py.html","relative_filename":"pygeodesy/deprecated.py"}},"pygeodesy_dms_py":{"hash":"0bac32e68ab7e0c0fc635417e56281fe","index":{"nums":[1,266,7,7,0,0,0],"html_filename":"pygeodesy_dms_py.html","relative_filename":"pygeodesy/dms.py"}},"pygeodesy_ecef_py":{"hash":"096860d1c6e1d3758d3557f544c6a5d7","index":{"nums":[1,357,26,13,0,0,0],"html_filename":"pygeodesy_ecef_py.html","relative_filename":"pygeodesy/ecef.py"}},"pygeodesy_elevations_py":{"hash":"e8d3c2b839be9b293e248d65c9e520fc","index":{"nums":[1,83,23,4,0,0,0],"html_filename":"pygeodesy_elevations_py.html","relative_filename":"pygeodesy/elevations.py"}},"pygeodesy_ellipsoidalBase_py":{"hash":"26a511e82ae9d59289233caf8509f9cb","index":{"nums":[1,255,18,11,0,0,0],"html_filename":"pygeodesy_ellipsoidalBase_py.html","relative_filename":"pygeodesy/ellipsoidalBase.py"}},"pygeodesy_ellipsoidalKarney_py":{"hash":"11a6d5064ecf94c2b9576ec3e89ca0a2","index":{"nums":[1,82,5,0,0,0,0],"html_filename":"pygeodesy_ellipsoidalKarney_py.html","relative_filename":"pygeodesy/ellipsoidalKarney.py"}},"pygeodesy_ellipsoidalNvector_py":{"hash":"96e206e9ddcec237f176c78868227303","index":{"nums":[1,171,6,5,0,0,0],"html_filename":"pygeodesy_ellipsoidalNvector_py.html","relative_filename":"pygeodesy/ellipsoidalNvector.py"}},"pygeodesy_ellipsoidalVincenty_py":{"hash":"7989cea0f059781da7f1dd15f63ead1d","index":{"nums":[1,150,16,2,0,0,0],"html_filename":"pygeodesy_ellipsoidalVincenty_py.html","relative_filename":"pygeodesy/ellipsoidalVincenty.py"}},"pygeodesy_ellipsoids_py":{"hash":"22f31176d7e303b92ccb65e88f91df19","index":{"nums":[1,463,21,16,0,0,0],"html_filename":"pygeodesy_ellipsoids_py.html","relative_filename":"pygeodesy/ellipsoids.py"}},"pygeodesy_elliptic_py":{"hash":"54a3042c3e8828bc53e98f94eb3f6398","index":{"nums":[1,341,25,10,0,0,0],"html_filename":"pygeodesy_elliptic_py.html","relative_filename":"pygeodesy/elliptic.py"}},"pygeodesy_epsg_py":{"hash":"e140c7ebb1bef812f7b77e664087e614","index":{"nums":[1,95,5,3,0,0,0],"html_filename":"pygeodesy_epsg_py.html","relative_filename":"pygeodesy/epsg.py"}},"pygeodesy_errors_py":{"hash":"0657d616063bbb444f3e044a1b01b531","index":{"nums":[1,182,18,7,0,0,0],"html_filename":"pygeodesy_errors_py.html","relative_filename":"pygeodesy/errors.py"}},"pygeodesy_etm_py":{"hash":"c4cad75e8a5e7575a23678451a74aa04","index":{"nums":[1,357,6,21,0,0,0],"html_filename":"pygeodesy_etm_py.html","relative_filename":"pygeodesy/etm.py"}},"pygeodesy_fmath_py":{"hash":"ad640e07313666390a9f936251626f3a","index":{"nums":[1,269,46,6,0,0,0],"html_filename":"pygeodesy_fmath_py.html","relative_filename":"pygeodesy/fmath.py"}},"pygeodesy_formy_py":{"hash":"638425f31aa29163de6cd7544601124d","index":{"nums":[1,291,7,3,0,0,0],"html_filename":"pygeodesy_formy_py.html","relative_filename":"pygeodesy/formy.py"}},"pygeodesy_frechet_py":{"hash":"7e4722850b69ab4922c1b4bacc601b59","index":{"nums":[1,257,53,7,0,0,0],"html_filename":"pygeodesy_frechet_py.html","relative_filename":"pygeodesy/frechet.py"}},"pygeodesy_gars_py":{"hash":"2ffa14683be3d03b7d6153eefc8425b9","index":{"nums":[1,156,8,6,0,0,0],"html_filename":"pygeodesy_gars_py.html","relative_filename":"pygeodesy/gars.py"}},"pygeodesy_geohash_py":{"hash":"4674cb63ada7929fcb87084fa845642c","index":{"nums":[1,240,17,7,0,0,0],"html_filename":"pygeodesy_geohash_py.html","relative_filename":"pygeodesy/geohash.py"}},"pygeodesy_geoids_py":{"hash":"21727d1ad99504fa61f75ff9a14b3201","index":{"nums":[1,644,80,40,0,0,0],"html_filename":"pygeodesy_geoids_py.html","relative_filename":"pygeodesy/geoids.py"}},"pygeodesy_hausdorff_py":{"hash":"4c8114d943beeba59dab737b5cc4387d","index":{"nums":[1,245,60,7,0,0,0],"html_filename":"pygeodesy_hausdorff_py.html","relative_filename":"pygeodesy/hausdorff.py"}},"pygeodesy_heights_py":{"hash":"19144a4f3583137bdaab25f454cb2e4a","index":{"nums":[1,352,73,15,0,0,0],"html_filename":"pygeodesy_heights_py.html","relative_filename":"pygeodesy/heights.py"}},"pygeodesy_interns_py":{"hash":"2c410c61bae56970a74946a439f39dac","index":{"nums":[1,182,0,6,0,0,0],"html_filename":"pygeodesy_interns_py.html","relative_filename":"pygeodesy/interns.py"}},"pygeodesy_karney_py":{"hash":"50c9355ec6e3f334686c8638ecafed01","index":{"nums":[1,115,0,4,0,0,0],"html_filename":"pygeodesy_karney_py.html","relative_filename":"pygeodesy/karney.py"}},"pygeodesy_latlonBase_py":{"hash":"3b7d56bf2ee1e3cbef54d4846a72f967","index":{"nums":[1,214,37,1,0,0,0],"html_filename":"pygeodesy_latlonBase_py.html","relative_filename":"pygeodesy/latlonBase.py"}},"pygeodesy_lazily_py":{"hash":"9b13beff9b1788a976c6faa8bd1be600","index":{"nums":[1,104,19,5,0,0,0],"html_filename":"pygeodesy_lazily_py.html","relative_filename":"pygeodesy/lazily.py"}},"pygeodesy_lcc_py":{"hash":"e78e59a93448ad622e6c4b8e2274c858","index":{"nums":[1,237,13,7,0,0,0],"html_filename":"pygeodesy_lcc_py.html","relative_filename":"pygeodesy/lcc.py"}},"pygeodesy_mgrs_py":{"hash":"53fc62944f9d035c0dc2dccb1304a48f","index":{"nums":[1,133,4,3,0,0,0],"html_filename":"pygeodesy_mgrs_py.html","relative_filename":"pygeodesy/mgrs.py"}},"pygeodesy_named_py":{"hash":"e7baa87649d207207d9b34e275c0ce3d","index":{"nums":[1,351,55,18,0,0,0],"html_filename":"pygeodesy_named_py.html","relative_filename":"pygeodesy/named.py"}},"pygeodesy_nvector_py":{"hash":"0fcb1462bc94903727777a6fbac9d8d1","index":{"nums":[1,6,0,0,0,0,0],"html_filename":"pygeodesy_nvector_py.html","relative_filename":"pygeodesy/nvector.py"}},"pygeodesy_nvectorBase_py":{"hash":"7a8108116a83f938e755a7793847b762","index":{"nums":[1,140,16,3,0,0,0],"html_filename":"pygeodesy_nvectorBase_py.html","relative_filename":"pygeodesy/nvectorBase.py"}},"pygeodesy_osgr_py":{"hash":"50c507c99b4139427bcd4af3a37a2304","index":{"nums":[1,204,8,9,0,0,0],"html_filename":"pygeodesy_osgr_py.html","relative_filename":"pygeodesy/osgr.py"}},"pygeodesy_points_py":{"hash":"43b637d103b0d9d46a86c64b4f333ec8","index":{"nums":[1,499,43,26,0,0,0],"html_filename":"pygeodesy_points_py.html","relative_filename":"pygeodesy/points.py"}},"pygeodesy_simplify_py":{"hash":"6cb84773d9e6908fd90f534beb0cc2e0","index":{"nums":[1,224,3,4,0,0,0],"html_filename":"pygeodesy_simplify_py.html","relative_filename":"pygeodesy/simplify.py"}},"pygeodesy_sphericalBase_py":{"hash":"91a21e1b7e7ff28d8ef62aa31487037f","index":{"nums":[1,144,7,5,0,0,0],"html_filename":"pygeodesy_sphericalBase_py.html","relative_filename":"pygeodesy/sphericalBase.py"}},"pygeodesy_sphericalNvector_py":{"hash":"01693f6e56a23473f091c7dad81e73a7","index":{"nums":[1,301,20,11,0,0,0],"html_filename":"pygeodesy_sphericalNvector_py.html","relative_filename":"pygeodesy/sphericalNvector.py"}},"pygeodesy_sphericalTrigonometry_py":{"hash":"8e663002a07118c5de69f4c0370cf79e","index":{"nums":[1,314,33,13,0,0,0],"html_filename":"pygeodesy_sphericalTrigonometry_py.html","relative_filename":"pygeodesy/sphericalTrigonometry.py"}},"pygeodesy_streprs_py":{"hash":"11f5bacb9282edb853b23caaacf1da35","index":{"nums":[1,98,5,2,0,0,0],"html_filename":"pygeodesy_streprs_py.html","relative_filename":"pygeodesy/streprs.py"}},"pygeodesy_trf_py":{"hash":"0e86e0258542533040e128c44befddff","index":{"nums":[1,112,10,2,0,0,0],"html_filename":"pygeodesy_trf_py.html","relative_filename":"pygeodesy/trf.py"}},"pygeodesy_units_py":{"hash":"fe759ff75035683c2bc381a5ad1c96b2","index":{"nums":[1,239,15,10,0,0,0],"html_filename":"pygeodesy_units_py.html","relative_filename":"pygeodesy/units.py"}},"pygeodesy_ups_py":{"hash":"edb3464b4cde917ff9eeb189b7b634c2","index":{"nums":[1,168,5,7,0,0,0],"html_filename":"pygeodesy_ups_py.html","relative_filename":"pygeodesy/ups.py"}},"pygeodesy_utily_py":{"hash":"1b74926577de16c4011e323464353b29","index":{"nums":[1,149,3,4,0,0,0],"html_filename":"pygeodesy_utily_py.html","relative_filename":"pygeodesy/utily.py"}},"pygeodesy_utm_py":{"hash":"99ac725ab34035ffb040330acba1c2e2","index":{"nums":[1,248,14,7,0,0,0],"html_filename":"pygeodesy_utm_py.html","relative_filename":"pygeodesy/utm.py"}},"pygeodesy_utmups_py":{"hash":"cc4bfc4c62dcef81ae76423e9b5ac793","index":{"nums":[1,97,4,5,0,0,0],"html_filename":"pygeodesy_utmups_py.html","relative_filename":"pygeodesy/utmups.py"}},"pygeodesy_utmupsBase_py":{"hash":"99e97e2e3726b8580a0dcfeaf6369c79","index":{"nums":[1,204,12,11,0,0,0],"html_filename":"pygeodesy_utmupsBase_py.html","relative_filename":"pygeodesy/utmupsBase.py"}},"pygeodesy_vector3d_py":{"hash":"28d2279398b50b5074a38f76b72e0967","index":{"nums":[1,251,27,13,0,0,0],"html_filename":"pygeodesy_vector3d_py.html","relative_filename":"pygeodesy/vector3d.py"}},"pygeodesy_webmercator_py":{"hash":"1a01980b275c410f985e3ca94ef8b40d","index":{"nums":[1,124,7,1,0,0,0],"html_filename":"pygeodesy_webmercator_py.html","relative_filename":"pygeodesy/webmercator.py"}},"pygeodesy_wgrs_py":{"hash":"0b4269f31cf29bd6249f4b8a2002ad6e","index":{"nums":[1,200,5,8,0,0,0],"html_filename":"pygeodesy_wgrs_py.html","relative_filename":"pygeodesy/wgrs.py"}}}}