{"note":"This file is an internal implementation detail to speed up HTML report generation. Its format can change at any time. You might be looking for the JSON report: https://coverage.rtfd.io/cmd.html#cmd-json","format":5,"version":"7.6.0","globals":"218707eb54fc55743a91f96b9fbae7f9","files":{"z_4569faf12939b165___init___py":{"hash":"aa3a9c26d2869ba6da7dd082c984631c","index":{"url":"z_4569faf12939b165___init___py.html","file":"pygeodesy/__init__.py","description":"","nums":{"precision":0,"n_files":1,"n_statements":185,"n_excluded":8,"n_missing":4,"n_branches":0,"n_partial_branches":0,"n_missing_branches":0}}},"z_4569faf12939b165_albers_py":{"hash":"0c080fe3c22af1bb8eb4255a14daa190","index":{"url":"z_4569faf12939b165_albers_py.html","file":"pygeodesy/albers.py","description":"","nums":{"precision":0,"n_files":1,"n_statements":418,"n_excluded":30,"n_missing":13,"n_branches":0,"n_partial_branches":0,"n_missing_branches":0}}},"z_5087a5e01bbcffc5__CX_4_py":{"hash":"000da220286bf6a795cb2ee67d2ee533","index":{"url":"z_5087a5e01bbcffc5__CX_4_py.html","file":"pygeodesy/auxilats/_CX_4.py","description":"","nums":{"precision":0,"n_files":1,"n_statements":8,"n_excluded":0,"n_missing":0,"n_branches":0,"n_partial_branches":0,"n_missing_branches":0}}},"z_5087a5e01bbcffc5__CX_6_py":{"hash":"56b62289dac74f9f52ed5dbed9443e9c","index":{"url":"z_5087a5e01bbcffc5__CX_6_py.html","file":"pygeodesy/auxilats/_CX_6.py","description":"","nums":{"precision":0,"n_files":1,"n_statements":8,"n_excluded":0,"n_missing":0,"n_branches":0,"n_partial_branches":0,"n_missing_branches":0}}},"z_5087a5e01bbcffc5__CX_8_py":{"hash":"f6a8144e5aef80ed78c3fab1947004b1","index":{"url":"z_5087a5e01bbcffc5__CX_8_py.html","file":"pygeodesy/auxilats/_CX_8.py","description":"","nums":{"precision":0,"n_files":1,"n_statements":8,"n_excluded":0,"n_missing":0,"n_branches":0,"n_partial_branches":0,"n_missing_branches":0}}},"z_5087a5e01bbcffc5___init___py":{"hash":"f2d2c296991fdc6f79dcc922cb07b832","index":{"url":"z_5087a5e01bbcffc5___init___py.html","file":"pygeodesy/auxilats/__init__.py","description":"","nums":{"precision":0,"n_files":1,"n_statements":8,"n_excluded":0,"n_missing":0,"n_branches":0,"n_partial_branches":0,"n_missing_branches":0}}},"z_5087a5e01bbcffc5_auxAngle_py":{"hash":"3baf3e6e66a6825fc0b01f566fd6eb31","index":{"url":"z_5087a5e01bbcffc5_auxAngle_py.html","file":"pygeodesy/auxilats/auxAngle.py","description":"","nums":{"precision":0,"n_files":1,"n_statements":225,"n_excluded":33,"n_missing":9,"n_branches":0,"n_partial_branches":0,"n_missing_branches":0}}},"z_5087a5e01bbcffc5_auxDLat_py":{"hash":"5716f2baf16a2900636da57b554aa268","index":{"url":"z_5087a5e01bbcffc5_auxDLat_py.html","file":"pygeodesy/auxilats/auxDLat.py","description":"","nums":{"precision":0,"n_files":1,"n_statements":149,"n_excluded":10,"n_missing":8,"n_branches":0,"n_partial_branches":0,"n_missing_branches":0}}},"z_5087a5e01bbcffc5_auxDST_py":{"hash":"8cb3bcb845cab4849b33be8962a580fa","index":{"url":"z_5087a5e01bbcffc5_auxDST_py.html","file":"pygeodesy/auxilats/auxDST.py","description":"","nums":{"precision":0,"n_files":1,"n_statements":98,"n_excluded":35,"n_missing":3,"n_branches":0,"n_partial_branches":0,"n_missing_branches":0}}},"z_5087a5e01bbcffc5_auxLat_py":{"hash":"e4f530e76a70d1a6fdfed05c44ee5bf2","index":{"url":"z_5087a5e01bbcffc5_auxLat_py.html","file":"pygeodesy/auxilats/auxLat.py","description":"","nums":{"precision":0,"n_files":1,"n_statements":442,"n_excluded":49,"n_missing":34,"n_branches":0,"n_partial_branches":0,"n_missing_branches":0}}},"z_5087a5e01bbcffc5_auxily_py":{"hash":"2b492cfaacc52849d9e4202d01e1c684","index":{"url":"z_5087a5e01bbcffc5_auxily_py.html","file":"pygeodesy/auxilats/auxily.py","description":"","nums":{"precision":0,"n_files":1,"n_statements":113,"n_excluded":30,"n_missing":8,"n_branches":0,"n_partial_branches":0,"n_missing_branches":0}}},"z_4569faf12939b165_azimuthal_py":{"hash":"0ee1d4d2f5647970d38d48f26d5b144a","index":{"url":"z_4569faf12939b165_azimuthal_py.html","file":"pygeodesy/azimuthal.py","description":"","nums":{"precision":0,"n_files":1,"n_statements":317,"n_excluded":57,"n_missing":5,"n_branches":0,"n_partial_branches":0,"n_missing_branches":0}}},"z_4569faf12939b165_basics_py":{"hash":"514afe2549b3e1eb1a2b4d16cc8c15f3","index":{"url":"z_4569faf12939b165_basics_py.html","file":"pygeodesy/basics.py","description":"","nums":{"precision":0,"n_files":1,"n_statements":267,"n_excluded":120,"n_missing":40,"n_branches":0,"n_partial_branches":0,"n_missing_branches":0}}},"z_4569faf12939b165_booleans_py":{"hash":"2e1e123adf85e121c14a6e653cec85af","index":{"url":"z_4569faf12939b165_booleans_py.html","file":"pygeodesy/booleans.py","description":"","nums":{"precision":0,"n_files":1,"n_statements":978,"n_excluded":127,"n_missing":60,"n_branches":0,"n_partial_branches":0,"n_missing_branches":0}}},"z_4569faf12939b165_cartesianBase_py":{"hash":"b749aa8e388c80232de8de9520cad7df","index":{"url":"z_4569faf12939b165_cartesianBase_py.html","file":"pygeodesy/cartesianBase.py","description":"","nums":{"precision":0,"n_files":1,"n_statements":327,"n_excluded":40,"n_missing":28,"n_branches":0,"n_partial_branches":0,"n_missing_branches":0}}},"z_4569faf12939b165_clipy_py":{"hash":"4c2803e612b9abd07da8ce614d650d09","index":{"url":"z_4569faf12939b165_clipy_py.html","file":"pygeodesy/clipy.py","description":"","nums":{"precision":0,"n_files":1,"n_statements":316,"n_excluded":18,"n_missing":14,"n_branches":0,"n_partial_branches":0,"n_missing_branches":0}}},"z_4569faf12939b165_constants_py":{"hash":"b2eff32543e3b5433e3ba65068c7b7a0","index":{"url":"z_4569faf12939b165_constants_py.html","file":"pygeodesy/constants.py","description":"","nums":{"precision":0,"n_files":1,"n_statements":191,"n_excluded":70,"n_missing":3,"n_branches":0,"n_partial_branches":0,"n_missing_branches":0}}},"z_4569faf12939b165_css_py":{"hash":"56c7580ba21934424614de88ef39b9bc","index":{"url":"z_4569faf12939b165_css_py.html","file":"pygeodesy/css.py","description":"","nums":{"precision":0,"n_files":1,"n_statements":234,"n_excluded":12,"n_missing":6,"n_branches":0,"n_partial_branches":0,"n_missing_branches":0}}},"z_4569faf12939b165_datums_py":{"hash":"953caca4d46f61dc258c9a32ab7f92af","index":{"url":"z_4569faf12939b165_datums_py.html","file":"pygeodesy/datums.py","description":"","nums":{"precision":0,"n_files":1,"n_statements":251,"n_excluded":11,"n_missing":13,"n_branches":0,"n_partial_branches":0,"n_missing_branches":0}}},"z_81bb61ef01d6cb97___init___py":{"hash":"31c10b4b4214e0ca300838c744978b07","index":{"url":"z_81bb61ef01d6cb97___init___py.html","file":"pygeodesy/deprecated/__init__.py","description":"","nums":{"precision":0,"n_files":1,"n_statements":13,"n_excluded":0,"n_missing":0,"n_branches":0,"n_partial_branches":0,"n_missing_branches":0}}},"z_81bb61ef01d6cb97_bases_py":{"hash":"bb31d151eb672206b09630d28f593737","index":{"url":"z_81bb61ef01d6cb97_bases_py.html","file":"pygeodesy/deprecated/bases.py","description":"","nums":{"precision":0,"n_files":1,"n_statements":5,"n_excluded":3,"n_missing":0,"n_branches":0,"n_partial_branches":0,"n_missing_branches":0}}},"z_81bb61ef01d6cb97_classes_py":{"hash":"6afa643a9e171328b18bdb9754a4aee0","index":{"url":"z_81bb61ef01d6cb97_classes_py.html","file":"pygeodesy/deprecated/classes.py","description":"","nums":{"precision":0,"n_files":1,"n_statements":85,"n_excluded":83,"n_missing":11,"n_branches":0,"n_partial_branches":0,"n_missing_branches":0}}},"z_81bb61ef01d6cb97_consterns_py":{"hash":"15d12de4c9357639449c83c0fd9106ec","index":{"url":"z_81bb61ef01d6cb97_consterns_py.html","file":"pygeodesy/deprecated/consterns.py","description":"","nums":{"precision":0,"n_files":1,"n_statements":14,"n_excluded":0,"n_missing":0,"n_branches":0,"n_partial_branches":0,"n_missing_branches":0}}},"z_81bb61ef01d6cb97_datum_py":{"hash":"41a88ac293c0843c722b05929fa5215b","index":{"url":"z_81bb61ef01d6cb97_datum_py.html","file":"pygeodesy/deprecated/datum.py","description":"","nums":{"precision":0,"n_files":1,"n_statements":7,"n_excluded":0,"n_missing":0,"n_branches":0,"n_partial_branches":0,"n_missing_branches":0}}},"z_81bb61ef01d6cb97_functions_py":{"hash":"ab761e4acf4c8e4d43a699c6b593db68","index":{"url":"z_81bb61ef01d6cb97_functions_py.html","file":"pygeodesy/deprecated/functions.py","description":"","nums":{"precision":0,"n_files":1,"n_statements":34,"n_excluded":209,"n_missing":5,"n_branches":0,"n_partial_branches":0,"n_missing_branches":0}}},"z_81bb61ef01d6cb97_nvector_py":{"hash":"e21ef5401b1ef843225f069c033ef19a","index":{"url":"z_81bb61ef01d6cb97_nvector_py.html","file":"pygeodesy/deprecated/nvector.py","description":"","nums":{"precision":0,"n_files":1,"n_statements":6,"n_excluded":6,"n_missing":0,"n_branches":0,"n_partial_branches":0,"n_missing_branches":0}}},"z_81bb61ef01d6cb97_rhumbBase_py":{"hash":"9a531ef9a7bafa8051743fb706f93825","index":{"url":"z_81bb61ef01d6cb97_rhumbBase_py.html","file":"pygeodesy/deprecated/rhumbBase.py","description":"","nums":{"precision":0,"n_files":1,"n_statements":3,"n_excluded":0,"n_missing":0,"n_branches":0,"n_partial_branches":0,"n_missing_branches":0}}},"z_81bb61ef01d6cb97_rhumbaux_py":{"hash":"6b5ea00efacb8b67c2de8d2eeb08b2e4","index":{"url":"z_81bb61ef01d6cb97_rhumbaux_py.html","file":"pygeodesy/deprecated/rhumbaux.py","description":"","nums":{"precision":0,"n_files":1,"n_statements":4,"n_excluded":0,"n_missing":0,"n_branches":0,"n_partial_branches":0,"n_missing_branches":0}}},"z_81bb61ef01d6cb97_rhumbsolve_py":{"hash":"990ea849524ecbe886710e2b69060dbe","index":{"url":"z_81bb61ef01d6cb97_rhumbsolve_py.html","file":"pygeodesy/deprecated/rhumbsolve.py","description":"","nums":{"precision":0,"n_files":1,"n_statements":4,"n_excluded":0,"n_missing":0,"n_branches":0,"n_partial_branches":0,"n_missing_branches":0}}},"z_81bb61ef01d6cb97_rhumbx_py":{"hash":"6d1a1aa9fa1ff9535f65303f2fdac8ab","index":{"url":"z_81bb61ef01d6cb97_rhumbx_py.html","file":"pygeodesy/deprecated/rhumbx.py","description":"","nums":{"precision":0,"n_files":1,"n_statements":4,"n_excluded":0,"n_missing":0,"n_branches":0,"n_partial_branches":0,"n_missing_branches":0}}},"z_4569faf12939b165_dms_py":{"hash":"e9e3b88cb2904cf0721dac45c955013d","index":{"url":"z_4569faf12939b165_dms_py.html","file":"pygeodesy/dms.py","description":"","nums":{"precision":0,"n_files":1,"n_statements":284,"n_excluded":34,"n_missing":13,"n_branches":0,"n_partial_branches":0,"n_missing_branches":0}}},"z_4569faf12939b165_ecef_py":{"hash":"940da078176749499c590e42d123ce75","index":{"url":"z_4569faf12939b165_ecef_py.html","file":"pygeodesy/ecef.py","description":"","nums":{"precision":0,"n_files":1,"n_statements":453,"n_excluded":45,"n_missing":22,"n_branches":0,"n_partial_branches":0,"n_missing_branches":0}}},"z_4569faf12939b165_elevations_py":{"hash":"27de7bb4e0f2a9f780bb90984a07ccfe","index":{"url":"z_4569faf12939b165_elevations_py.html","file":"pygeodesy/elevations.py","description":"","nums":{"precision":0,"n_files":1,"n_statements":69,"n_excluded":51,"n_missing":14,"n_branches":0,"n_partial_branches":0,"n_missing_branches":0}}},"z_4569faf12939b165_ellipsoidalBase_py":{"hash":"c1d564a8a1ad7df2137f0e836e0d3206","index":{"url":"z_4569faf12939b165_ellipsoidalBase_py.html","file":"pygeodesy/ellipsoidalBase.py","description":"","nums":{"precision":0,"n_files":1,"n_statements":280,"n_excluded":52,"n_missing":28,"n_branches":0,"n_partial_branches":0,"n_missing_branches":0}}},"z_4569faf12939b165_ellipsoidalBaseDI_py":{"hash":"db2e37d87e22917148483ea2d116deb8","index":{"url":"z_4569faf12939b165_ellipsoidalBaseDI_py.html","file":"pygeodesy/ellipsoidalBaseDI.py","description":"","nums":{"precision":0,"n_files":1,"n_statements":329,"n_excluded":25,"n_missing":31,"n_branches":0,"n_partial_branches":0,"n_missing_branches":0}}},"z_4569faf12939b165_ellipsoidalExact_py":{"hash":"212071222625cb6e97093ba6ffa936e4","index":{"url":"z_4569faf12939b165_ellipsoidalExact_py.html","file":"pygeodesy/ellipsoidalExact.py","description":"","nums":{"precision":0,"n_files":1,"n_statements":39,"n_excluded":1,"n_missing":0,"n_branches":0,"n_partial_branches":0,"n_missing_branches":0}}},"z_4569faf12939b165_ellipsoidalGeodSolve_py":{"hash":"a9b1dd7ca1b3e967f633ea29c7c4f525","index":{"url":"z_4569faf12939b165_ellipsoidalGeodSolve_py.html","file":"pygeodesy/ellipsoidalGeodSolve.py","description":"","nums":{"precision":0,"n_files":1,"n_statements":39,"n_excluded":1,"n_missing":0,"n_branches":0,"n_partial_branches":0,"n_missing_branches":0}}},"z_4569faf12939b165_ellipsoidalKarney_py":{"hash":"74a2f8c72f5af6690aee53b1b2f8c8b6","index":{"url":"z_4569faf12939b165_ellipsoidalKarney_py.html","file":"pygeodesy/ellipsoidalKarney.py","description":"","nums":{"precision":0,"n_files":1,"n_statements":40,"n_excluded":6,"n_missing":0,"n_branches":0,"n_partial_branches":0,"n_missing_branches":0}}},"z_4569faf12939b165_ellipsoidalNvector_py":{"hash":"d014a4330f4b71f3aa724b536d18c59f","index":{"url":"z_4569faf12939b165_ellipsoidalNvector_py.html","file":"pygeodesy/ellipsoidalNvector.py","description":"","nums":{"precision":0,"n_files":1,"n_statements":133,"n_excluded":5,"n_missing":5,"n_branches":0,"n_partial_branches":0,"n_missing_branches":0}}},"z_4569faf12939b165_ellipsoidalVincenty_py":{"hash":"028a8c938aeed4ad6964380495c9abea","index":{"url":"z_4569faf12939b165_ellipsoidalVincenty_py.html","file":"pygeodesy/ellipsoidalVincenty.py","description":"","nums":{"precision":0,"n_files":1,"n_statements":176,"n_excluded":13,"n_missing":2,"n_branches":0,"n_partial_branches":0,"n_missing_branches":0}}},"z_4569faf12939b165_ellipsoids_py":{"hash":"303e7eea3df44dace783b0b5ec1b589a","index":{"url":"z_4569faf12939b165_ellipsoids_py.html","file":"pygeodesy/ellipsoids.py","description":"","nums":{"precision":0,"n_files":1,"n_statements":750,"n_excluded":84,"n_missing":25,"n_branches":0,"n_partial_branches":0,"n_missing_branches":0}}},"z_4569faf12939b165_elliptic_py":{"hash":"88486ab573f2ca2fec139ca2ffdaec48","index":{"url":"z_4569faf12939b165_elliptic_py.html","file":"pygeodesy/elliptic.py","description":"","nums":{"precision":0,"n_files":1,"n_statements":484,"n_excluded":52,"n_missing":19,"n_branches":0,"n_partial_branches":0,"n_missing_branches":0}}},"z_4569faf12939b165_epsg_py":{"hash":"481ab0046578ba3768ab675364f7f725","index":{"url":"z_4569faf12939b165_epsg_py.html","file":"pygeodesy/epsg.py","description":"","nums":{"precision":0,"n_files":1,"n_statements":100,"n_excluded":7,"n_missing":2,"n_branches":0,"n_partial_branches":0,"n_missing_branches":0}}},"z_4569faf12939b165_errors_py":{"hash":"2aa9a2004dc54b3de2826db22a5b4f35","index":{"url":"z_4569faf12939b165_errors_py.html","file":"pygeodesy/errors.py","description":"","nums":{"precision":0,"n_files":1,"n_statements":317,"n_excluded":50,"n_missing":28,"n_branches":0,"n_partial_branches":0,"n_missing_branches":0}}},"z_4569faf12939b165_etm_py":{"hash":"2c60c9054aa90f8ebd854d496702c6d8","index":{"url":"z_4569faf12939b165_etm_py.html","file":"pygeodesy/etm.py","description":"","nums":{"precision":0,"n_files":1,"n_statements":409,"n_excluded":93,"n_missing":33,"n_branches":0,"n_partial_branches":0,"n_missing_branches":0}}},"z_4569faf12939b165_fmath_py":{"hash":"bf2b15e8b56c58e00a83af4d056f3be6","index":{"url":"z_4569faf12939b165_fmath_py.html","file":"pygeodesy/fmath.py","description":"","nums":{"precision":0,"n_files":1,"n_statements":314,"n_excluded":113,"n_missing":35,"n_branches":0,"n_partial_branches":0,"n_missing_branches":0}}},"z_4569faf12939b165_formy_py":{"hash":"56a1e17d7e581bae36510effaf33bdff","index":{"url":"z_4569faf12939b165_formy_py.html","file":"pygeodesy/formy.py","description":"","nums":{"precision":0,"n_files":1,"n_statements":439,"n_excluded":22,"n_missing":10,"n_branches":0,"n_partial_branches":0,"n_missing_branches":0}}},"z_4569faf12939b165_frechet_py":{"hash":"361008228c39d93edd0ce8a6e0a50ea2","index":{"url":"z_4569faf12939b165_frechet_py.html","file":"pygeodesy/frechet.py","description":"","nums":{"precision":0,"n_files":1,"n_statements":215,"n_excluded":76,"n_missing":9,"n_branches":0,"n_partial_branches":0,"n_missing_branches":0}}},"z_4569faf12939b165_fstats_py":{"hash":"0294bb0fdab1233d71c6019ede4c1347","index":{"url":"z_4569faf12939b165_fstats_py.html","file":"pygeodesy/fstats.py","description":"","nums":{"precision":0,"n_files":1,"n_statements":326,"n_excluded":26,"n_missing":6,"n_branches":0,"n_partial_branches":0,"n_missing_branches":0}}},"z_4569faf12939b165_fsums_py":{"hash":"7193fe2fd4678cad4c9074ed59a83548","index":{"url":"z_4569faf12939b165_fsums_py.html","file":"pygeodesy/fsums.py","description":"","nums":{"precision":0,"n_files":1,"n_statements":894,"n_excluded":116,"n_missing":28,"n_branches":0,"n_partial_branches":0,"n_missing_branches":0}}},"z_4569faf12939b165_gars_py":{"hash":"95b967caea8f9c0a18da8f47ac1099c0","index":{"url":"z_4569faf12939b165_gars_py.html","file":"pygeodesy/gars.py","description":"","nums":{"precision":0,"n_files":1,"n_statements":143,"n_excluded":10,"n_missing":5,"n_branches":0,"n_partial_branches":0,"n_missing_branches":0}}},"z_4569faf12939b165_geodesici_py":{"hash":"6f44e2eaa7bfaa67af51e85845f841c7","index":{"url":"z_4569faf12939b165_geodesici_py.html","file":"pygeodesy/geodesici.py","description":"","nums":{"precision":0,"n_files":1,"n_statements":620,"n_excluded":350,"n_missing":56,"n_branches":0,"n_partial_branches":0,"n_missing_branches":0}}},"z_4569faf12939b165_geodesicw_py":{"hash":"ddd2e1569b1190392303b9bd403272d8","index":{"url":"z_4569faf12939b165_geodesicw_py.html","file":"pygeodesy/geodesicw.py","description":"","nums":{"precision":0,"n_files":1,"n_statements":229,"n_excluded":16,"n_missing":25,"n_branches":0,"n_partial_branches":0,"n_missing_branches":0}}},"z_4d2bca0ead806276__C4_24_py":{"hash":"75440ebcfb98ece6decfb99eadc997c1","index":{"url":"z_4d2bca0ead806276__C4_24_py.html","file":"pygeodesy/geodesicx/_C4_24.py","description":"","nums":{"precision":0,"n_files":1,"n_statements":6,"n_excluded":2,"n_missing":0,"n_branches":0,"n_partial_branches":0,"n_missing_branches":0}}},"z_4d2bca0ead806276__C4_27_py":{"hash":"27b14f614a0dac585cdf878a0e82a462","index":{"url":"z_4d2bca0ead806276__C4_27_py.html","file":"pygeodesy/geodesicx/_C4_27.py","description":"","nums":{"precision":0,"n_files":1,"n_statements":6,"n_excluded":2,"n_missing":0,"n_branches":0,"n_partial_branches":0,"n_missing_branches":0}}},"z_4d2bca0ead806276__C4_30_py":{"hash":"66d1fa1dd5e4f2a870967e2a50037b1b","index":{"url":"z_4d2bca0ead806276__C4_30_py.html","file":"pygeodesy/geodesicx/_C4_30.py","description":"","nums":{"precision":0,"n_files":1,"n_statements":6,"n_excluded":2,"n_missing":0,"n_branches":0,"n_partial_branches":0,"n_missing_branches":0}}},"z_4d2bca0ead806276___init___py":{"hash":"a072bc7c22ff62745b92a58e22b29e5d","index":{"url":"z_4d2bca0ead806276___init___py.html","file":"pygeodesy/geodesicx/__init__.py","description":"","nums":{"precision":0,"n_files":1,"n_statements":6,"n_excluded":0,"n_missing":0,"n_branches":0,"n_partial_branches":0,"n_missing_branches":0}}},"z_4d2bca0ead806276_gx_py":{"hash":"32de59358d7adad36532ae0d43a6d98c","index":{"url":"z_4d2bca0ead806276_gx_py.html","file":"pygeodesy/geodesicx/gx.py","description":"","nums":{"precision":0,"n_files":1,"n_statements":512,"n_excluded":32,"n_missing":34,"n_branches":0,"n_partial_branches":0,"n_missing_branches":0}}},"z_4d2bca0ead806276_gxarea_py":{"hash":"13e65cc3351469855abdd62c735a8f19","index":{"url":"z_4d2bca0ead806276_gxarea_py.html","file":"pygeodesy/geodesicx/gxarea.py","description":"","nums":{"precision":0,"n_files":1,"n_statements":211,"n_excluded":33,"n_missing":10,"n_branches":0,"n_partial_branches":0,"n_missing_branches":0}}},"z_4d2bca0ead806276_gxbases_py":{"hash":"8b326b0c22ab797c79d9439af2a93fd3","index":{"url":"z_4d2bca0ead806276_gxbases_py.html","file":"pygeodesy/geodesicx/gxbases.py","description":"","nums":{"precision":0,"n_files":1,"n_statements":58,"n_excluded":1,"n_missing":4,"n_branches":0,"n_partial_branches":0,"n_missing_branches":0}}},"z_4d2bca0ead806276_gxline_py":{"hash":"b967f1433f84b812e5ae23d8774611eb","index":{"url":"z_4d2bca0ead806276_gxline_py.html","file":"pygeodesy/geodesicx/gxline.py","description":"","nums":{"precision":0,"n_files":1,"n_statements":250,"n_excluded":26,"n_missing":20,"n_branches":0,"n_partial_branches":0,"n_missing_branches":0}}},"z_4569faf12939b165_geodsolve_py":{"hash":"49c9ad5609cce7e33244afd3e647b134","index":{"url":"z_4569faf12939b165_geodsolve_py.html","file":"pygeodesy/geodsolve.py","description":"","nums":{"precision":0,"n_files":1,"n_statements":97,"n_excluded":71,"n_missing":12,"n_branches":0,"n_partial_branches":0,"n_missing_branches":0}}},"z_4569faf12939b165_geohash_py":{"hash":"d5a1e68fccb6d0b5eda64a284272e054","index":{"url":"z_4569faf12939b165_geohash_py.html","file":"pygeodesy/geohash.py","description":"","nums":{"precision":0,"n_files":1,"n_statements":368,"n_excluded":42,"n_missing":10,"n_branches":0,"n_partial_branches":0,"n_missing_branches":0}}},"z_4569faf12939b165_geoids_py":{"hash":"aa62d565240651ccfae9b3c157711eec","index":{"url":"z_4569faf12939b165_geoids_py.html","file":"pygeodesy/geoids.py","description":"","nums":{"precision":0,"n_files":1,"n_statements":669,"n_excluded":106,"n_missing":26,"n_branches":0,"n_partial_branches":0,"n_missing_branches":0}}},"z_4569faf12939b165_hausdorff_py":{"hash":"6cf48d3db4ca173fa604a04e17af17f5","index":{"url":"z_4569faf12939b165_hausdorff_py.html","file":"pygeodesy/hausdorff.py","description":"","nums":{"precision":0,"n_files":1,"n_statements":243,"n_excluded":63,"n_missing":11,"n_branches":0,"n_partial_branches":0,"n_missing_branches":0}}},"z_4569faf12939b165_heights_py":{"hash":"53b424da9a497de3c2cee466ffa96773","index":{"url":"z_4569faf12939b165_heights_py.html","file":"pygeodesy/heights.py","description":"","nums":{"precision":0,"n_files":1,"n_statements":318,"n_excluded":149,"n_missing":15,"n_branches":0,"n_partial_branches":0,"n_missing_branches":0}}},"z_4569faf12939b165_internals_py":{"hash":"932e90934883739f742d68c813f86972","index":{"url":"z_4569faf12939b165_internals_py.html","file":"pygeodesy/internals.py","description":"","nums":{"precision":0,"n_files":1,"n_statements":236,"n_excluded":81,"n_missing":31,"n_branches":0,"n_partial_branches":0,"n_missing_branches":0}}},"z_4569faf12939b165_interns_py":{"hash":"23faf3edfc45194e7e0a055fd28ab6eb","index":{"url":"z_4569faf12939b165_interns_py.html","file":"pygeodesy/interns.py","description":"","nums":{"precision":0,"n_files":1,"n_statements":346,"n_excluded":15,"n_missing":2,"n_branches":0,"n_partial_branches":0,"n_missing_branches":0}}},"z_4569faf12939b165_iters_py":{"hash":"94f462c171e4dcc70a26e988deb61a34","index":{"url":"z_4569faf12939b165_iters_py.html","file":"pygeodesy/iters.py","description":"","nums":{"precision":0,"n_files":1,"n_statements":204,"n_excluded":27,"n_missing":7,"n_branches":0,"n_partial_branches":0,"n_missing_branches":0}}},"z_4569faf12939b165_karney_py":{"hash":"7449db665b2eac455097411b795a8670","index":{"url":"z_4569faf12939b165_karney_py.html","file":"pygeodesy/karney.py","description":"","nums":{"precision":0,"n_files":1,"n_statements":319,"n_excluded":65,"n_missing":19,"n_branches":0,"n_partial_branches":0,"n_missing_branches":0}}},"z_4569faf12939b165_ktm_py":{"hash":"1b114b9df16bd9a51cf2529d514d26a6","index":{"url":"z_4569faf12939b165_ktm_py.html","file":"pygeodesy/ktm.py","description":"","nums":{"precision":0,"n_files":1,"n_statements":234,"n_excluded":39,"n_missing":9,"n_branches":0,"n_partial_branches":0,"n_missing_branches":0}}},"z_4569faf12939b165_latlonBase_py":{"hash":"8384a5b9eda8b71086cef7a280dedfb2","index":{"url":"z_4569faf12939b165_latlonBase_py.html","file":"pygeodesy/latlonBase.py","description":"","nums":{"precision":0,"n_files":1,"n_statements":467,"n_excluded":79,"n_missing":31,"n_branches":0,"n_partial_branches":0,"n_missing_branches":0}}},"z_4569faf12939b165_lazily_py":{"hash":"1f3e05b1138275c22e238e58574d3acf","index":{"url":"z_4569faf12939b165_lazily_py.html","file":"pygeodesy/lazily.py","description":"","nums":{"precision":0,"n_files":1,"n_statements":208,"n_excluded":72,"n_missing":6,"n_branches":0,"n_partial_branches":0,"n_missing_branches":0}}},"z_4569faf12939b165_lcc_py":{"hash":"a3b7db5bd25979b9be3cc30be632633d","index":{"url":"z_4569faf12939b165_lcc_py.html","file":"pygeodesy/lcc.py","description":"","nums":{"precision":0,"n_files":1,"n_statements":280,"n_excluded":25,"n_missing":11,"n_branches":0,"n_partial_branches":0,"n_missing_branches":0}}},"z_4569faf12939b165_ltp_py":{"hash":"c1fb43beb20a5db7b2297e9c2b428620","index":{"url":"z_4569faf12939b165_ltp_py.html","file":"pygeodesy/ltp.py","description":"","nums":{"precision":0,"n_files":1,"n_statements":428,"n_excluded":76,"n_missing":23,"n_branches":0,"n_partial_branches":0,"n_missing_branches":0}}},"z_4569faf12939b165_ltpTuples_py":{"hash":"f19aecea8813166e3c8db02cb1c28bc0","index":{"url":"z_4569faf12939b165_ltpTuples_py.html","file":"pygeodesy/ltpTuples.py","description":"","nums":{"precision":0,"n_files":1,"n_statements":565,"n_excluded":49,"n_missing":30,"n_branches":0,"n_partial_branches":0,"n_missing_branches":0}}},"z_4569faf12939b165_mgrs_py":{"hash":"f82a98555f5c37df61bda7f79bf63315","index":{"url":"z_4569faf12939b165_mgrs_py.html","file":"pygeodesy/mgrs.py","description":"","nums":{"precision":0,"n_files":1,"n_statements":266,"n_excluded":52,"n_missing":2,"n_branches":0,"n_partial_branches":0,"n_missing_branches":0}}},"z_4569faf12939b165_named_py":{"hash":"36c89e9b65e40caa457b22283cad2f70","index":{"url":"z_4569faf12939b165_named_py.html","file":"pygeodesy/named.py","description":"","nums":{"precision":0,"n_files":1,"n_statements":523,"n_excluded":140,"n_missing":23,"n_branches":0,"n_partial_branches":0,"n_missing_branches":0}}},"z_4569faf12939b165_namedTuples_py":{"hash":"bf7fc7ef827c076f67b60381c8453dba","index":{"url":"z_4569faf12939b165_namedTuples_py.html","file":"pygeodesy/namedTuples.py","description":"","nums":{"precision":0,"n_files":1,"n_statements":225,"n_excluded":1,"n_missing":8,"n_branches":0,"n_partial_branches":0,"n_missing_branches":0}}},"z_4569faf12939b165_nvectorBase_py":{"hash":"beada8f8c2a150a047469a1ce4638da1","index":{"url":"z_4569faf12939b165_nvectorBase_py.html","file":"pygeodesy/nvectorBase.py","description":"","nums":{"precision":0,"n_files":1,"n_statements":242,"n_excluded":53,"n_missing":11,"n_branches":0,"n_partial_branches":0,"n_missing_branches":0}}},"z_4569faf12939b165_osgr_py":{"hash":"7ecb0c5a93c8cad93d1486edcc38bbcd","index":{"url":"z_4569faf12939b165_osgr_py.html","file":"pygeodesy/osgr.py","description":"","nums":{"precision":0,"n_files":1,"n_statements":305,"n_excluded":65,"n_missing":8,"n_branches":0,"n_partial_branches":0,"n_missing_branches":0}}},"z_4569faf12939b165_points_py":{"hash":"4c609418dab2131e2db8aeac2a57a8d4","index":{"url":"z_4569faf12939b165_points_py.html","file":"pygeodesy/points.py","description":"","nums":{"precision":0,"n_files":1,"n_statements":529,"n_excluded":100,"n_missing":36,"n_branches":0,"n_partial_branches":0,"n_missing_branches":0}}},"z_4569faf12939b165_props_py":{"hash":"0a310e616381ede746b10c085fa83830","index":{"url":"z_4569faf12939b165_props_py.html","file":"pygeodesy/props.py","description":"","nums":{"precision":0,"n_files":1,"n_statements":232,"n_excluded":64,"n_missing":6,"n_branches":0,"n_partial_branches":0,"n_missing_branches":0}}},"z_4569faf12939b165_resections_py":{"hash":"1c0050c29dbc73eb75480612453ee315","index":{"url":"z_4569faf12939b165_resections_py.html","file":"pygeodesy/resections.py","description":"","nums":{"precision":0,"n_files":1,"n_statements":365,"n_excluded":65,"n_missing":10,"n_branches":0,"n_partial_branches":0,"n_missing_branches":0}}},"z_5cf368818b86873a___init___py":{"hash":"4b10f11db078f5a54edcf2972afaa635","index":{"url":"z_5cf368818b86873a___init___py.html","file":"pygeodesy/rhumb/__init__.py","description":"","nums":{"precision":0,"n_files":1,"n_statements":10,"n_excluded":0,"n_missing":0,"n_branches":0,"n_partial_branches":0,"n_missing_branches":0}}},"z_5cf368818b86873a_aux__py":{"hash":"62d47d08b7b292ff383b57e46643b581","index":{"url":"z_5cf368818b86873a_aux__py.html","file":"pygeodesy/rhumb/aux_.py","description":"","nums":{"precision":0,"n_files":1,"n_statements":141,"n_excluded":2,"n_missing":6,"n_branches":0,"n_partial_branches":0,"n_missing_branches":0}}},"z_5cf368818b86873a_bases_py":{"hash":"3f121bf99c9df09f1331c2688f410bb4","index":{"url":"z_5cf368818b86873a_bases_py.html","file":"pygeodesy/rhumb/bases.py","description":"","nums":{"precision":0,"n_files":1,"n_statements":373,"n_excluded":116,"n_missing":24,"n_branches":0,"n_partial_branches":0,"n_missing_branches":0}}},"z_5cf368818b86873a_ekx_py":{"hash":"b29134ad10fe765feb5260065f9a4ff1","index":{"url":"z_5cf368818b86873a_ekx_py.html","file":"pygeodesy/rhumb/ekx.py","description":"","nums":{"precision":0,"n_files":1,"n_statements":226,"n_excluded":46,"n_missing":4,"n_branches":0,"n_partial_branches":0,"n_missing_branches":0}}},"z_5cf368818b86873a_solve_py":{"hash":"a2a933ec8f370f597ec2e7f80d8bea92","index":{"url":"z_5cf368818b86873a_solve_py.html","file":"pygeodesy/rhumb/solve.py","description":"","nums":{"precision":0,"n_files":1,"n_statements":100,"n_excluded":67,"n_missing":11,"n_branches":0,"n_partial_branches":0,"n_missing_branches":0}}},"z_4569faf12939b165_simplify_py":{"hash":"89c15c87b0f6e6b037fdde9f59925bf6","index":{"url":"z_4569faf12939b165_simplify_py.html","file":"pygeodesy/simplify.py","description":"","nums":{"precision":0,"n_files":1,"n_statements":226,"n_excluded":4,"n_missing":2,"n_branches":0,"n_partial_branches":0,"n_missing_branches":0}}},"z_4569faf12939b165_solveBase_py":{"hash":"40a6721ba8439333245ca75783d23613","index":{"url":"z_4569faf12939b165_solveBase_py.html","file":"pygeodesy/solveBase.py","description":"","nums":{"precision":0,"n_files":1,"n_statements":247,"n_excluded":41,"n_missing":20,"n_branches":0,"n_partial_branches":0,"n_missing_branches":0}}},"z_4569faf12939b165_sphericalBase_py":{"hash":"5c893447a63538ce2d9026b2d3158729","index":{"url":"z_4569faf12939b165_sphericalBase_py.html","file":"pygeodesy/sphericalBase.py","description":"","nums":{"precision":0,"n_files":1,"n_statements":250,"n_excluded":11,"n_missing":14,"n_branches":0,"n_partial_branches":0,"n_missing_branches":0}}},"z_4569faf12939b165_sphericalNvector_py":{"hash":"09e38a3117b3304480992307b2b83cc0","index":{"url":"z_4569faf12939b165_sphericalNvector_py.html","file":"pygeodesy/sphericalNvector.py","description":"","nums":{"precision":0,"n_files":1,"n_statements":316,"n_excluded":38,"n_missing":27,"n_branches":0,"n_partial_branches":0,"n_missing_branches":0}}},"z_4569faf12939b165_sphericalTrigonometry_py":{"hash":"b66284af8446adf1e93f3ebb3f288a59","index":{"url":"z_4569faf12939b165_sphericalTrigonometry_py.html","file":"pygeodesy/sphericalTrigonometry.py","description":"","nums":{"precision":0,"n_files":1,"n_statements":386,"n_excluded":71,"n_missing":26,"n_branches":0,"n_partial_branches":0,"n_missing_branches":0}}},"z_4569faf12939b165_streprs_py":{"hash":"715d6900efdc2381b780e491b0d204c2","index":{"url":"z_4569faf12939b165_streprs_py.html","file":"pygeodesy/streprs.py","description":"","nums":{"precision":0,"n_files":1,"n_statements":262,"n_excluded":18,"n_missing":9,"n_branches":0,"n_partial_branches":0,"n_missing_branches":0}}},"z_4569faf12939b165_trf_py":{"hash":"030ee0d7550e777fc566c4bb92232f0d","index":{"url":"z_4569faf12939b165_trf_py.html","file":"pygeodesy/trf.py","description":"","nums":{"precision":0,"n_files":1,"n_statements":620,"n_excluded":63,"n_missing":31,"n_branches":0,"n_partial_branches":0,"n_missing_branches":0}}},"z_4569faf12939b165_triaxials_py":{"hash":"f862906c41ec83cdff37069b8ecd99e7","index":{"url":"z_4569faf12939b165_triaxials_py.html","file":"pygeodesy/triaxials.py","description":"","nums":{"precision":0,"n_files":1,"n_statements":591,"n_excluded":38,"n_missing":34,"n_branches":0,"n_partial_branches":0,"n_missing_branches":0}}},"z_4569faf12939b165_units_py":{"hash":"fdde1928a5ace4d96e8f11e25e0c7777","index":{"url":"z_4569faf12939b165_units_py.html","file":"pygeodesy/units.py","description":"","nums":{"precision":0,"n_files":1,"n_statements":300,"n_excluded":12,"n_missing":13,"n_branches":0,"n_partial_branches":0,"n_missing_branches":0}}},"z_4569faf12939b165_unitsBase_py":{"hash":"a43a3ed59af066c59fc4c31f111b1183","index":{"url":"z_4569faf12939b165_unitsBase_py.html","file":"pygeodesy/unitsBase.py","description":"","nums":{"precision":0,"n_files":1,"n_statements":119,"n_excluded":9,"n_missing":6,"n_branches":0,"n_partial_branches":0,"n_missing_branches":0}}},"z_4569faf12939b165_ups_py":{"hash":"4ca0aa060e5dc55ac12dfa2022fffa8f","index":{"url":"z_4569faf12939b165_ups_py.html","file":"pygeodesy/ups.py","description":"","nums":{"precision":0,"n_files":1,"n_statements":162,"n_excluded":10,"n_missing":5,"n_branches":0,"n_partial_branches":0,"n_missing_branches":0}}},"z_4569faf12939b165_utily_py":{"hash":"2b6f196eac68acdad88da3177775efdf","index":{"url":"z_4569faf12939b165_utily_py.html","file":"pygeodesy/utily.py","description":"","nums":{"precision":0,"n_files":1,"n_statements":336,"n_excluded":14,"n_missing":33,"n_branches":0,"n_partial_branches":0,"n_missing_branches":0}}},"z_4569faf12939b165_utm_py":{"hash":"056bae8ac4cb61ae25699cd16d56f9b5","index":{"url":"z_4569faf12939b165_utm_py.html","file":"pygeodesy/utm.py","description":"","nums":{"precision":0,"n_files":1,"n_statements":259,"n_excluded":21,"n_missing":8,"n_branches":0,"n_partial_branches":0,"n_missing_branches":0}}},"z_4569faf12939b165_utmups_py":{"hash":"98ece817919f4da808ec7429ee307e50","index":{"url":"z_4569faf12939b165_utmups_py.html","file":"pygeodesy/utmups.py","description":"","nums":{"precision":0,"n_files":1,"n_statements":86,"n_excluded":13,"n_missing":2,"n_branches":0,"n_partial_branches":0,"n_missing_branches":0}}},"z_4569faf12939b165_utmupsBase_py":{"hash":"a47ab7157e95413cc402591162ee11e0","index":{"url":"z_4569faf12939b165_utmupsBase_py.html","file":"pygeodesy/utmupsBase.py","description":"","nums":{"precision":0,"n_files":1,"n_statements":231,"n_excluded":29,"n_missing":5,"n_branches":0,"n_partial_branches":0,"n_missing_branches":0}}},"z_4569faf12939b165_vector2d_py":{"hash":"e4635f06451f78b8eb2986b2ce8dee05","index":{"url":"z_4569faf12939b165_vector2d_py.html","file":"pygeodesy/vector2d.py","description":"","nums":{"precision":0,"n_files":1,"n_statements":340,"n_excluded":25,"n_missing":8,"n_branches":0,"n_partial_branches":0,"n_missing_branches":0}}},"z_4569faf12939b165_vector3d_py":{"hash":"1febd0e2c09deef9552b302f73b362ad","index":{"url":"z_4569faf12939b165_vector3d_py.html","file":"pygeodesy/vector3d.py","description":"","nums":{"precision":0,"n_files":1,"n_statements":233,"n_excluded":44,"n_missing":8,"n_branches":0,"n_partial_branches":0,"n_missing_branches":0}}},"z_4569faf12939b165_vector3dBase_py":{"hash":"f386ce1ab59eeae85a44cb65af32459d","index":{"url":"z_4569faf12939b165_vector3dBase_py.html","file":"pygeodesy/vector3dBase.py","description":"","nums":{"precision":0,"n_files":1,"n_statements":281,"n_excluded":122,"n_missing":24,"n_branches":0,"n_partial_branches":0,"n_missing_branches":0}}},"z_4569faf12939b165_webmercator_py":{"hash":"85169df85692a3ba66c91486c2456f01","index":{"url":"z_4569faf12939b165_webmercator_py.html","file":"pygeodesy/webmercator.py","description":"","nums":{"precision":0,"n_files":1,"n_statements":126,"n_excluded":18,"n_missing":1,"n_branches":0,"n_partial_branches":0,"n_missing_branches":0}}},"z_4569faf12939b165_wgrs_py":{"hash":"cca45d0850460a5a1b9cd6641a6753ca","index":{"url":"z_4569faf12939b165_wgrs_py.html","file":"pygeodesy/wgrs.py","description":"","nums":{"precision":0,"n_files":1,"n_statements":189,"n_excluded":9,"n_missing":6,"n_branches":0,"n_partial_branches":0,"n_missing_branches":0}}}}}