{"format":1,"version":"4.5.4","settings":"bbe7ae2afffc51956aa400d56d17e8b1","files":{"pygeodesy___init___py":{"hash":"738715525f964461534a46402d8e0321","index":{"nums":[1,128,3,4,0,0,0],"html_filename":"pygeodesy___init___py.html","relative_filename":"pygeodesy/__init__.py"}},"pygeodesy_albers_py":{"hash":"e42944a64be65cfd86079f303d3d03d7","index":{"nums":[1,379,6,17,0,0,0],"html_filename":"pygeodesy_albers_py.html","relative_filename":"pygeodesy/albers.py"}},"pygeodesy_azimuthal_py":{"hash":"de21a117f7f2864bf11d6cbbc068d453","index":{"nums":[1,283,12,10,0,0,0],"html_filename":"pygeodesy_azimuthal_py.html","relative_filename":"pygeodesy/azimuthal.py"}},"pygeodesy_basics_py":{"hash":"ccdc25ec707d20c895f35640824c193f","index":{"nums":[1,142,29,5,0,0,0],"html_filename":"pygeodesy_basics_py.html","relative_filename":"pygeodesy/basics.py"}},"pygeodesy_cartesianBase_py":{"hash":"c3b61091ccb911f824aa6c867c54b454","index":{"nums":[1,141,9,6,0,0,0],"html_filename":"pygeodesy_cartesianBase_py.html","relative_filename":"pygeodesy/cartesianBase.py"}},"pygeodesy_clipy_py":{"hash":"13047562691f0bbad6ca83b2bbd642a1","index":{"nums":[1,242,16,15,0,0,0],"html_filename":"pygeodesy_clipy_py.html","relative_filename":"pygeodesy/clipy.py"}},"pygeodesy_css_py":{"hash":"73c18ac76e1e00c10067f2cceeaa63df","index":{"nums":[1,208,0,7,0,0,0],"html_filename":"pygeodesy_css_py.html","relative_filename":"pygeodesy/css.py"}},"pygeodesy_datums_py":{"hash":"3991736897db15f3cef31e2f4aca9ee3","index":{"nums":[1,146,6,7,0,0,0],"html_filename":"pygeodesy_datums_py.html","relative_filename":"pygeodesy/datums.py"}},"pygeodesy_deprecated___init___py":{"hash":"0f4522c84e0d606904a4ee46359efce9","index":{"nums":[1,99,40,0,0,0,0],"html_filename":"pygeodesy_deprecated___init___py.html","relative_filename":"pygeodesy/deprecated/__init__.py"}},"pygeodesy_deprecated_bases_py":{"hash":"87fca093f21ecff086e79c5a7d699cdc","index":{"nums":[1,6,0,0,0,0,0],"html_filename":"pygeodesy_deprecated_bases_py.html","relative_filename":"pygeodesy/deprecated/bases.py"}},"pygeodesy_deprecated_datum_py":{"hash":"d3f9f50f75e97ff7491560c23ae22eee","index":{"nums":[1,5,0,0,0,0,0],"html_filename":"pygeodesy_deprecated_datum_py.html","relative_filename":"pygeodesy/deprecated/datum.py"}},"pygeodesy_deprecated_nvector_py":{"hash":"666f2e3d423d6e623fcf4b222d848cf9","index":{"nums":[1,8,0,0,0,0,0],"html_filename":"pygeodesy_deprecated_nvector_py.html","relative_filename":"pygeodesy/deprecated/nvector.py"}},"pygeodesy_dms_py":{"hash":"2b0ce5a0ef86a39271ed6063c0ef4220","index":{"nums":[1,268,7,7,0,0,0],"html_filename":"pygeodesy_dms_py.html","relative_filename":"pygeodesy/dms.py"}},"pygeodesy_ecef_py":{"hash":"d4b94f1bd44009fae21922a87305b3d9","index":{"nums":[1,391,25,15,0,0,0],"html_filename":"pygeodesy_ecef_py.html","relative_filename":"pygeodesy/ecef.py"}},"pygeodesy_elevations_py":{"hash":"2c9d514836cacb07108df2e7c02efe70","index":{"nums":[1,78,23,4,0,0,0],"html_filename":"pygeodesy_elevations_py.html","relative_filename":"pygeodesy/elevations.py"}},"pygeodesy_ellipsoidalBase_py":{"hash":"91e0cd358ea86690ca5f2735f56f2202","index":{"nums":[1,324,20,17,0,0,0],"html_filename":"pygeodesy_ellipsoidalBase_py.html","relative_filename":"pygeodesy/ellipsoidalBase.py"}},"pygeodesy_ellipsoidalKarney_py":{"hash":"6505b40eb1427cc8cd85ec1547d9ba77","index":{"nums":[1,95,5,0,0,0,0],"html_filename":"pygeodesy_ellipsoidalKarney_py.html","relative_filename":"pygeodesy/ellipsoidalKarney.py"}},"pygeodesy_ellipsoidalNvector_py":{"hash":"1f894c33bd13b17dc1fc2c7ca60d0cc0","index":{"nums":[1,177,6,4,0,0,0],"html_filename":"pygeodesy_ellipsoidalNvector_py.html","relative_filename":"pygeodesy/ellipsoidalNvector.py"}},"pygeodesy_ellipsoidalVincenty_py":{"hash":"b01e67e16db6bfd45b5f5a5a9b7b8ea0","index":{"nums":[1,161,16,8,0,0,0],"html_filename":"pygeodesy_ellipsoidalVincenty_py.html","relative_filename":"pygeodesy/ellipsoidalVincenty.py"}},"pygeodesy_ellipsoids_py":{"hash":"b17259d2e231453caccb061023603551","index":{"nums":[1,620,22,14,0,0,0],"html_filename":"pygeodesy_ellipsoids_py.html","relative_filename":"pygeodesy/ellipsoids.py"}},"pygeodesy_elliptic_py":{"hash":"909fc460a1a19ae21bc552597bef605c","index":{"nums":[1,358,25,10,0,0,0],"html_filename":"pygeodesy_elliptic_py.html","relative_filename":"pygeodesy/elliptic.py"}},"pygeodesy_epsg_py":{"hash":"4aa3f7fc0916a78cb4f0363ca50154f0","index":{"nums":[1,101,5,4,0,0,0],"html_filename":"pygeodesy_epsg_py.html","relative_filename":"pygeodesy/epsg.py"}},"pygeodesy_errors_py":{"hash":"72db302a01abe56bd073ff31c69bf58d","index":{"nums":[1,188,18,6,0,0,0],"html_filename":"pygeodesy_errors_py.html","relative_filename":"pygeodesy/errors.py"}},"pygeodesy_etm_py":{"hash":"539f1f9d6cf30ae6645bf5f5f56fbbe4","index":{"nums":[1,371,6,21,0,0,0],"html_filename":"pygeodesy_etm_py.html","relative_filename":"pygeodesy/etm.py"}},"pygeodesy_fmath_py":{"hash":"fc0b6a3214d51f7746716823af98576c","index":{"nums":[1,291,46,7,0,0,0],"html_filename":"pygeodesy_fmath_py.html","relative_filename":"pygeodesy/fmath.py"}},"pygeodesy_formy_py":{"hash":"3d4c7547cb1ac9b8bdab7de947b99554","index":{"nums":[1,282,7,3,0,0,0],"html_filename":"pygeodesy_formy_py.html","relative_filename":"pygeodesy/formy.py"}},"pygeodesy_frechet_py":{"hash":"45dfc6f7f1ac1e130e31a90a779cb09e","index":{"nums":[1,279,52,8,0,0,0],"html_filename":"pygeodesy_frechet_py.html","relative_filename":"pygeodesy/frechet.py"}},"pygeodesy_gars_py":{"hash":"4ee19d7eb24e188f3f44faa432d1353d","index":{"nums":[1,160,8,6,0,0,0],"html_filename":"pygeodesy_gars_py.html","relative_filename":"pygeodesy/gars.py"}},"pygeodesy_geohash_py":{"hash":"90b1d6820455a034e2c2d11cbe66351c","index":{"nums":[1,254,17,7,0,0,0],"html_filename":"pygeodesy_geohash_py.html","relative_filename":"pygeodesy/geohash.py"}},"pygeodesy_geoids_py":{"hash":"aadc94b593d3a95c9df72f1d8e26a81c","index":{"nums":[1,664,80,40,0,0,0],"html_filename":"pygeodesy_geoids_py.html","relative_filename":"pygeodesy/geoids.py"}},"pygeodesy_hausdorff_py":{"hash":"38f3daf26d2e8fea1c7c3a6ea5176b69","index":{"nums":[1,260,59,7,0,0,0],"html_filename":"pygeodesy_hausdorff_py.html","relative_filename":"pygeodesy/hausdorff.py"}},"pygeodesy_heights_py":{"hash":"0ddfca0a4677d65ec59e6c3001a2ad5c","index":{"nums":[1,362,73,16,0,0,0],"html_filename":"pygeodesy_heights_py.html","relative_filename":"pygeodesy/heights.py"}},"pygeodesy_interns_py":{"hash":"5c6ee2f2136c39603747269a81adbf3a","index":{"nums":[1,228,6,6,0,0,0],"html_filename":"pygeodesy_interns_py.html","relative_filename":"pygeodesy/interns.py"}},"pygeodesy_karney_py":{"hash":"3f0e0720242ee5974881a7c916cdc02c","index":{"nums":[1,121,0,4,0,0,0],"html_filename":"pygeodesy_karney_py.html","relative_filename":"pygeodesy/karney.py"}},"pygeodesy_latlonBase_py":{"hash":"3012cd41200152317a8ccfd243c6aefb","index":{"nums":[1,268,38,6,0,0,0],"html_filename":"pygeodesy_latlonBase_py.html","relative_filename":"pygeodesy/latlonBase.py"}},"pygeodesy_lazily_py":{"hash":"01d3891137311ba9bb61702d89115203","index":{"nums":[1,113,19,6,0,0,0],"html_filename":"pygeodesy_lazily_py.html","relative_filename":"pygeodesy/lazily.py"}},"pygeodesy_lcc_py":{"hash":"c7498f1e48677d579b25acc4848dc874","index":{"nums":[1,262,13,7,0,0,0],"html_filename":"pygeodesy_lcc_py.html","relative_filename":"pygeodesy/lcc.py"}},"pygeodesy_mgrs_py":{"hash":"9ac6beb448175061d5e2826009571f1e","index":{"nums":[1,142,4,3,0,0,0],"html_filename":"pygeodesy_mgrs_py.html","relative_filename":"pygeodesy/mgrs.py"}},"pygeodesy_named_py":{"hash":"2d0414e2fabcb2e821eb49f99bcc4bb8","index":{"nums":[1,342,51,18,0,0,0],"html_filename":"pygeodesy_named_py.html","relative_filename":"pygeodesy/named.py"}},"pygeodesy_namedTuples_py":{"hash":"2a7656c2d71ee732a26c360a9e6c6325","index":{"nums":[1,103,1,1,0,0,0],"html_filename":"pygeodesy_namedTuples_py.html","relative_filename":"pygeodesy/namedTuples.py"}},"pygeodesy_nvectorBase_py":{"hash":"e6e43a0699785b8d207a8ee10c73a681","index":{"nums":[1,232,21,7,0,0,0],"html_filename":"pygeodesy_nvectorBase_py.html","relative_filename":"pygeodesy/nvectorBase.py"}},"pygeodesy_osgr_py":{"hash":"315b3a6607872eb2d102dbf8302b7bce","index":{"nums":[1,210,9,12,0,0,0],"html_filename":"pygeodesy_osgr_py.html","relative_filename":"pygeodesy/osgr.py"}},"pygeodesy_points_py":{"hash":"d7214f3adb00740e22255f8dfbeda6b1","index":{"nums":[1,526,43,30,0,0,0],"html_filename":"pygeodesy_points_py.html","relative_filename":"pygeodesy/points.py"}},"pygeodesy_simplify_py":{"hash":"d24a1e8839b611a3deb3141b35017950","index":{"nums":[1,224,3,4,0,0,0],"html_filename":"pygeodesy_simplify_py.html","relative_filename":"pygeodesy/simplify.py"}},"pygeodesy_sphericalBase_py":{"hash":"6fd50340ea9bf9729fc853ce7be14709","index":{"nums":[1,146,6,9,0,0,0],"html_filename":"pygeodesy_sphericalBase_py.html","relative_filename":"pygeodesy/sphericalBase.py"}},"pygeodesy_sphericalNvector_py":{"hash":"c25a1781fcc940e42b6c0316523a113c","index":{"nums":[1,258,17,13,0,0,0],"html_filename":"pygeodesy_sphericalNvector_py.html","relative_filename":"pygeodesy/sphericalNvector.py"}},"pygeodesy_sphericalTrigonometry_py":{"hash":"8289d61c03fb168aefc1b250d1cbc6cf","index":{"nums":[1,327,35,18,0,0,0],"html_filename":"pygeodesy_sphericalTrigonometry_py.html","relative_filename":"pygeodesy/sphericalTrigonometry.py"}},"pygeodesy_streprs_py":{"hash":"2f6b59a10e8e38cd9058cfeb6e973aea","index":{"nums":[1,97,5,1,0,0,0],"html_filename":"pygeodesy_streprs_py.html","relative_filename":"pygeodesy/streprs.py"}},"pygeodesy_trf_py":{"hash":"c19476633f068d22d525aab435873f8e","index":{"nums":[1,105,9,2,0,0,0],"html_filename":"pygeodesy_trf_py.html","relative_filename":"pygeodesy/trf.py"}},"pygeodesy_units_py":{"hash":"fc88dde85319490bbb31966e85b2f7d5","index":{"nums":[1,317,19,16,0,0,0],"html_filename":"pygeodesy_units_py.html","relative_filename":"pygeodesy/units.py"}},"pygeodesy_ups_py":{"hash":"69488e3459b39ac0c75bf43e32160de5","index":{"nums":[1,176,5,7,0,0,0],"html_filename":"pygeodesy_ups_py.html","relative_filename":"pygeodesy/ups.py"}},"pygeodesy_utily_py":{"hash":"3b84c3b0a3baf11dc0e21222458e64f5","index":{"nums":[1,157,3,4,0,0,0],"html_filename":"pygeodesy_utily_py.html","relative_filename":"pygeodesy/utily.py"}},"pygeodesy_utm_py":{"hash":"cb1a7032c1e6917224121fd504c1157d","index":{"nums":[1,255,14,7,0,0,0],"html_filename":"pygeodesy_utm_py.html","relative_filename":"pygeodesy/utm.py"}},"pygeodesy_utmups_py":{"hash":"e462b151297e031185bbabbc500b1048","index":{"nums":[1,97,4,5,0,0,0],"html_filename":"pygeodesy_utmups_py.html","relative_filename":"pygeodesy/utmups.py"}},"pygeodesy_utmupsBase_py":{"hash":"1a3aebac93bd46cebeb13d75de5852d8","index":{"nums":[1,215,12,11,0,0,0],"html_filename":"pygeodesy_utmupsBase_py.html","relative_filename":"pygeodesy/utmupsBase.py"}},"pygeodesy_vector3d_py":{"hash":"5392f9449bde17a060b7be01c0ec704d","index":{"nums":[1,376,34,21,0,0,0],"html_filename":"pygeodesy_vector3d_py.html","relative_filename":"pygeodesy/vector3d.py"}},"pygeodesy_webmercator_py":{"hash":"34a01706e8e4cf90a681dbdc40fc16a4","index":{"nums":[1,128,7,1,0,0,0],"html_filename":"pygeodesy_webmercator_py.html","relative_filename":"pygeodesy/webmercator.py"}},"pygeodesy_wgrs_py":{"hash":"6f3b714d7f66644423790aa73c6c9d1b","index":{"nums":[1,205,5,8,0,0,0],"html_filename":"pygeodesy_wgrs_py.html","relative_filename":"pygeodesy/wgrs.py"}}}}