{"format":2,"version":"7.2.2","globals":"77185c325b03936e268672aac00a4e44","files":{"pygeodesy___init___py":{"hash":"272699bb10ebbc7b05486bb4f7073b0d","index":{"nums":[0,1,183,8,4,0,0,0],"html_filename":"pygeodesy___init___py.html","relative_filename":"pygeodesy/__init__.py"}},"pygeodesy_albers_py":{"hash":"b5eef49aaaf0badce3e1e589b49f8a48","index":{"nums":[0,1,420,21,13,0,0,0],"html_filename":"pygeodesy_albers_py.html","relative_filename":"pygeodesy/albers.py"}},"pygeodesy_auxilats__CX_4_py":{"hash":"000da220286bf6a795cb2ee67d2ee533","index":{"nums":[0,1,9,0,0,0,0,0],"html_filename":"pygeodesy_auxilats__CX_4_py.html","relative_filename":"pygeodesy/auxilats/_CX_4.py"}},"pygeodesy_auxilats__CX_6_py":{"hash":"56b62289dac74f9f52ed5dbed9443e9c","index":{"nums":[0,1,9,0,0,0,0,0],"html_filename":"pygeodesy_auxilats__CX_6_py.html","relative_filename":"pygeodesy/auxilats/_CX_6.py"}},"pygeodesy_auxilats__CX_8_py":{"hash":"f6a8144e5aef80ed78c3fab1947004b1","index":{"nums":[0,1,9,0,0,0,0,0],"html_filename":"pygeodesy_auxilats__CX_8_py.html","relative_filename":"pygeodesy/auxilats/_CX_8.py"}},"pygeodesy_auxilats___init___py":{"hash":"27bcfa348333d8d0782528f9aa59c53e","index":{"nums":[0,1,9,0,0,0,0,0],"html_filename":"pygeodesy_auxilats___init___py.html","relative_filename":"pygeodesy/auxilats/__init__.py"}},"pygeodesy_auxilats_auxAngle_py":{"hash":"9aed639cd736d494f6c78ef0904e668c","index":{"nums":[0,1,225,31,10,0,0,0],"html_filename":"pygeodesy_auxilats_auxAngle_py.html","relative_filename":"pygeodesy/auxilats/auxAngle.py"}},"pygeodesy_auxilats_auxDLat_py":{"hash":"e1336c54bf9fa887f8df28a6e799b5aa","index":{"nums":[0,1,149,10,8,0,0,0],"html_filename":"pygeodesy_auxilats_auxDLat_py.html","relative_filename":"pygeodesy/auxilats/auxDLat.py"}},"pygeodesy_auxilats_auxDST_py":{"hash":"7ca1ca5bfca2b839785d3bcbc623672a","index":{"nums":[0,1,100,16,3,0,0,0],"html_filename":"pygeodesy_auxilats_auxDST_py.html","relative_filename":"pygeodesy/auxilats/auxDST.py"}},"pygeodesy_auxilats_auxLat_py":{"hash":"051346a5b245aea73073b20de23a4c11","index":{"nums":[0,1,432,39,30,0,0,0],"html_filename":"pygeodesy_auxilats_auxLat_py.html","relative_filename":"pygeodesy/auxilats/auxLat.py"}},"pygeodesy_auxilats_auxily_py":{"hash":"8c867c37732b0db0e538004896cbd325","index":{"nums":[0,1,114,29,8,0,0,0],"html_filename":"pygeodesy_auxilats_auxily_py.html","relative_filename":"pygeodesy/auxilats/auxily.py"}},"pygeodesy_azimuthal_py":{"hash":"edd4b198796a637289c830479217b5c8","index":{"nums":[0,1,316,55,3,0,0,0],"html_filename":"pygeodesy_azimuthal_py.html","relative_filename":"pygeodesy/azimuthal.py"}},"pygeodesy_basics_py":{"hash":"933c657a943da7e6bfaa645eb0069ead","index":{"nums":[0,1,238,101,12,0,0,0],"html_filename":"pygeodesy_basics_py.html","relative_filename":"pygeodesy/basics.py"}},"pygeodesy_booleans_py":{"hash":"5602ebd7b90d48c57f7f7e2b29661b6e","index":{"nums":[0,1,981,117,60,0,0,0],"html_filename":"pygeodesy_booleans_py.html","relative_filename":"pygeodesy/booleans.py"}},"pygeodesy_cartesianBase_py":{"hash":"8561850b02625a146d596e35a481bb63","index":{"nums":[0,1,328,23,31,0,0,0],"html_filename":"pygeodesy_cartesianBase_py.html","relative_filename":"pygeodesy/cartesianBase.py"}},"pygeodesy_clipy_py":{"hash":"d4e66045ec766aedbe08827277dfa774","index":{"nums":[0,1,317,18,14,0,0,0],"html_filename":"pygeodesy_clipy_py.html","relative_filename":"pygeodesy/clipy.py"}},"pygeodesy_constants_py":{"hash":"4eb6ea32fcf612c268618dac46882cb5","index":{"nums":[0,1,192,67,3,0,0,0],"html_filename":"pygeodesy_constants_py.html","relative_filename":"pygeodesy/constants.py"}},"pygeodesy_css_py":{"hash":"4522d87f6a7ba5d3bc3c40979cdab49e","index":{"nums":[0,1,235,11,6,0,0,0],"html_filename":"pygeodesy_css_py.html","relative_filename":"pygeodesy/css.py"}},"pygeodesy_datums_py":{"hash":"b284b0d06beb646441df891d01227943","index":{"nums":[0,1,253,11,14,0,0,0],"html_filename":"pygeodesy_datums_py.html","relative_filename":"pygeodesy/datums.py"}},"pygeodesy_deprecated___init___py":{"hash":"c54e576f57d478e81e0560884fd3740b","index":{"nums":[0,1,14,0,0,0,0,0],"html_filename":"pygeodesy_deprecated___init___py.html","relative_filename":"pygeodesy/deprecated/__init__.py"}},"pygeodesy_deprecated_bases_py":{"hash":"bb31d151eb672206b09630d28f593737","index":{"nums":[0,1,6,3,0,0,0,0],"html_filename":"pygeodesy_deprecated_bases_py.html","relative_filename":"pygeodesy/deprecated/bases.py"}},"pygeodesy_deprecated_classes_py":{"hash":"9de80f89077b1914a8b334864d166e4c","index":{"nums":[0,1,74,65,5,0,0,0],"html_filename":"pygeodesy_deprecated_classes_py.html","relative_filename":"pygeodesy/deprecated/classes.py"}},"pygeodesy_deprecated_consterns_py":{"hash":"15d12de4c9357639449c83c0fd9106ec","index":{"nums":[0,1,15,0,0,0,0,0],"html_filename":"pygeodesy_deprecated_consterns_py.html","relative_filename":"pygeodesy/deprecated/consterns.py"}},"pygeodesy_deprecated_datum_py":{"hash":"131476290e4bc80b5e13c83472258812","index":{"nums":[0,1,8,0,0,0,0,0],"html_filename":"pygeodesy_deprecated_datum_py.html","relative_filename":"pygeodesy/deprecated/datum.py"}},"pygeodesy_deprecated_functions_py":{"hash":"af035ab3263340cfe6221b4d54828202","index":{"nums":[0,1,67,119,5,0,0,0],"html_filename":"pygeodesy_deprecated_functions_py.html","relative_filename":"pygeodesy/deprecated/functions.py"}},"pygeodesy_deprecated_nvector_py":{"hash":"e21ef5401b1ef843225f069c033ef19a","index":{"nums":[0,1,7,5,0,0,0,0],"html_filename":"pygeodesy_deprecated_nvector_py.html","relative_filename":"pygeodesy/deprecated/nvector.py"}},"pygeodesy_deprecated_rhumbBase_py":{"hash":"9a531ef9a7bafa8051743fb706f93825","index":{"nums":[0,1,4,0,0,0,0,0],"html_filename":"pygeodesy_deprecated_rhumbBase_py.html","relative_filename":"pygeodesy/deprecated/rhumbBase.py"}},"pygeodesy_deprecated_rhumbaux_py":{"hash":"6b5ea00efacb8b67c2de8d2eeb08b2e4","index":{"nums":[0,1,5,0,0,0,0,0],"html_filename":"pygeodesy_deprecated_rhumbaux_py.html","relative_filename":"pygeodesy/deprecated/rhumbaux.py"}},"pygeodesy_deprecated_rhumbsolve_py":{"hash":"990ea849524ecbe886710e2b69060dbe","index":{"nums":[0,1,5,0,0,0,0,0],"html_filename":"pygeodesy_deprecated_rhumbsolve_py.html","relative_filename":"pygeodesy/deprecated/rhumbsolve.py"}},"pygeodesy_deprecated_rhumbx_py":{"hash":"6d1a1aa9fa1ff9535f65303f2fdac8ab","index":{"nums":[0,1,5,0,0,0,0,0],"html_filename":"pygeodesy_deprecated_rhumbx_py.html","relative_filename":"pygeodesy/deprecated/rhumbx.py"}},"pygeodesy_dms_py":{"hash":"b33a21e4a7063c7dbde8f6dcf1e5d94c","index":{"nums":[0,1,286,34,13,0,0,0],"html_filename":"pygeodesy_dms_py.html","relative_filename":"pygeodesy/dms.py"}},"pygeodesy_ecef_py":{"hash":"fb3d670eb6ec0298c62d2fca4286b969","index":{"nums":[0,1,454,45,22,0,0,0],"html_filename":"pygeodesy_ecef_py.html","relative_filename":"pygeodesy/ecef.py"}},"pygeodesy_elevations_py":{"hash":"a836e989ea2881f165d1cb5b195dea6a","index":{"nums":[0,1,70,36,14,0,0,0],"html_filename":"pygeodesy_elevations_py.html","relative_filename":"pygeodesy/elevations.py"}},"pygeodesy_ellipsoidalBase_py":{"hash":"ccfce4359d6cf258310598d39afcfb06","index":{"nums":[0,1,301,46,28,0,0,0],"html_filename":"pygeodesy_ellipsoidalBase_py.html","relative_filename":"pygeodesy/ellipsoidalBase.py"}},"pygeodesy_ellipsoidalBaseDI_py":{"hash":"1f83a673c232478fad72e863b52c01de","index":{"nums":[0,1,330,28,31,0,0,0],"html_filename":"pygeodesy_ellipsoidalBaseDI_py.html","relative_filename":"pygeodesy/ellipsoidalBaseDI.py"}},"pygeodesy_ellipsoidalExact_py":{"hash":"81c1f77ec3b997516d1ef695ddc2f9ac","index":{"nums":[0,1,40,1,0,0,0,0],"html_filename":"pygeodesy_ellipsoidalExact_py.html","relative_filename":"pygeodesy/ellipsoidalExact.py"}},"pygeodesy_ellipsoidalGeodSolve_py":{"hash":"fafb216ec95bcd350152293b42e8a147","index":{"nums":[0,1,40,1,0,0,0,0],"html_filename":"pygeodesy_ellipsoidalGeodSolve_py.html","relative_filename":"pygeodesy/ellipsoidalGeodSolve.py"}},"pygeodesy_ellipsoidalKarney_py":{"hash":"485ecc4483e66df7e6744eeb4cb74772","index":{"nums":[0,1,42,4,0,0,0,0],"html_filename":"pygeodesy_ellipsoidalKarney_py.html","relative_filename":"pygeodesy/ellipsoidalKarney.py"}},"pygeodesy_ellipsoidalNvector_py":{"hash":"c227356be0dcd893838327de19462a1c","index":{"nums":[0,1,137,4,5,0,0,0],"html_filename":"pygeodesy_ellipsoidalNvector_py.html","relative_filename":"pygeodesy/ellipsoidalNvector.py"}},"pygeodesy_ellipsoidalVincenty_py":{"hash":"ac7697049c8206e0f9aea8a408d13957","index":{"nums":[0,1,178,11,2,0,0,0],"html_filename":"pygeodesy_ellipsoidalVincenty_py.html","relative_filename":"pygeodesy/ellipsoidalVincenty.py"}},"pygeodesy_ellipsoids_py":{"hash":"657adf3f00024c69e2f60d08d06c1c99","index":{"nums":[0,1,756,75,30,0,0,0],"html_filename":"pygeodesy_ellipsoids_py.html","relative_filename":"pygeodesy/ellipsoids.py"}},"pygeodesy_elliptic_py":{"hash":"bf9106bc5edaa794d466ef45287d9b75","index":{"nums":[0,1,485,52,19,0,0,0],"html_filename":"pygeodesy_elliptic_py.html","relative_filename":"pygeodesy/elliptic.py"}},"pygeodesy_epsg_py":{"hash":"9bec07d70cfa16810082da833a2f7782","index":{"nums":[0,1,101,7,2,0,0,0],"html_filename":"pygeodesy_epsg_py.html","relative_filename":"pygeodesy/epsg.py"}},"pygeodesy_errors_py":{"hash":"cd221ba55f3cb031832580237ad3d942","index":{"nums":[0,1,274,42,13,0,0,0],"html_filename":"pygeodesy_errors_py.html","relative_filename":"pygeodesy/errors.py"}},"pygeodesy_etm_py":{"hash":"7db7faba7db64e2d8e29f3889fe189ab","index":{"nums":[0,1,414,84,33,0,0,0],"html_filename":"pygeodesy_etm_py.html","relative_filename":"pygeodesy/etm.py"}},"pygeodesy_fmath_py":{"hash":"2262ee084dc0d9cf477feb20eb206507","index":{"nums":[0,1,323,74,33,0,0,0],"html_filename":"pygeodesy_fmath_py.html","relative_filename":"pygeodesy/fmath.py"}},"pygeodesy_formy_py":{"hash":"2da7c08e05284db20b75f1b357d977b5","index":{"nums":[0,1,435,19,10,0,0,0],"html_filename":"pygeodesy_formy_py.html","relative_filename":"pygeodesy/formy.py"}},"pygeodesy_frechet_py":{"hash":"845af2e9c43ad624c47ba1fe69171a5c","index":{"nums":[0,1,205,81,8,0,0,0],"html_filename":"pygeodesy_frechet_py.html","relative_filename":"pygeodesy/frechet.py"}},"pygeodesy_fstats_py":{"hash":"ce2c82d6762bd8576d45aac4a7e26037","index":{"nums":[0,1,327,26,6,0,0,0],"html_filename":"pygeodesy_fstats_py.html","relative_filename":"pygeodesy/fstats.py"}},"pygeodesy_fsums_py":{"hash":"7e90b195e17a89e450a8c49d8800412c","index":{"nums":[0,1,872,103,27,0,0,0],"html_filename":"pygeodesy_fsums_py.html","relative_filename":"pygeodesy/fsums.py"}},"pygeodesy_gars_py":{"hash":"18c44f10b0e21c73cb20d52d525974ca","index":{"nums":[0,1,141,10,3,0,0,0],"html_filename":"pygeodesy_gars_py.html","relative_filename":"pygeodesy/gars.py"}},"pygeodesy_geodesicw_py":{"hash":"fde4b99ffc5f828d13f373d389ba3f02","index":{"nums":[0,1,221,15,24,0,0,0],"html_filename":"pygeodesy_geodesicw_py.html","relative_filename":"pygeodesy/geodesicw.py"}},"pygeodesy_geodesicx__C4_24_py":{"hash":"75440ebcfb98ece6decfb99eadc997c1","index":{"nums":[0,1,7,2,0,0,0,0],"html_filename":"pygeodesy_geodesicx__C4_24_py.html","relative_filename":"pygeodesy/geodesicx/_C4_24.py"}},"pygeodesy_geodesicx__C4_27_py":{"hash":"27b14f614a0dac585cdf878a0e82a462","index":{"nums":[0,1,7,2,0,0,0,0],"html_filename":"pygeodesy_geodesicx__C4_27_py.html","relative_filename":"pygeodesy/geodesicx/_C4_27.py"}},"pygeodesy_geodesicx__C4_30_py":{"hash":"66d1fa1dd5e4f2a870967e2a50037b1b","index":{"nums":[0,1,7,2,0,0,0,0],"html_filename":"pygeodesy_geodesicx__C4_30_py.html","relative_filename":"pygeodesy/geodesicx/_C4_30.py"}},"pygeodesy_geodesicx___init___py":{"hash":"e53c0aea241fedf761e3d08d4ff0f009","index":{"nums":[0,1,7,0,0,0,0,0],"html_filename":"pygeodesy_geodesicx___init___py.html","relative_filename":"pygeodesy/geodesicx/__init__.py"}},"pygeodesy_geodesicx_gx_py":{"hash":"84e5ce2166d4cbf8c1bfe53d842d0b9f","index":{"nums":[0,1,520,30,36,0,0,0],"html_filename":"pygeodesy_geodesicx_gx_py.html","relative_filename":"pygeodesy/geodesicx/gx.py"}},"pygeodesy_geodesicx_gxarea_py":{"hash":"ad93b014c6e5b46069ae79f56bbe8948","index":{"nums":[0,1,214,29,10,0,0,0],"html_filename":"pygeodesy_geodesicx_gxarea_py.html","relative_filename":"pygeodesy/geodesicx/gxarea.py"}},"pygeodesy_geodesicx_gxbases_py":{"hash":"e774ca68ec3baad5b471e6b8ed71cb7a","index":{"nums":[0,1,55,1,4,0,0,0],"html_filename":"pygeodesy_geodesicx_gxbases_py.html","relative_filename":"pygeodesy/geodesicx/gxbases.py"}},"pygeodesy_geodesicx_gxline_py":{"hash":"9b5dd00e15f044b882b95d76e6b4f913","index":{"nums":[0,1,240,28,7,0,0,0],"html_filename":"pygeodesy_geodesicx_gxline_py.html","relative_filename":"pygeodesy/geodesicx/gxline.py"}},"pygeodesy_geodsolve_py":{"hash":"23a42a34d455dc421df1d2b0745b89f9","index":{"nums":[0,1,80,45,5,0,0,0],"html_filename":"pygeodesy_geodsolve_py.html","relative_filename":"pygeodesy/geodsolve.py"}},"pygeodesy_geohash_py":{"hash":"e84098c180df86bea37dbc80229288a2","index":{"nums":[0,1,292,20,9,0,0,0],"html_filename":"pygeodesy_geohash_py.html","relative_filename":"pygeodesy/geohash.py"}},"pygeodesy_geoids_py":{"hash":"ff5e43e6eddd51e95ea2f10cc4acc11e","index":{"nums":[0,1,670,108,29,0,0,0],"html_filename":"pygeodesy_geoids_py.html","relative_filename":"pygeodesy/geoids.py"}},"pygeodesy_hausdorff_py":{"hash":"f2acaa8b1e3accfdf6fedee99163204b","index":{"nums":[0,1,232,66,10,0,0,0],"html_filename":"pygeodesy_hausdorff_py.html","relative_filename":"pygeodesy/hausdorff.py"}},"pygeodesy_heights_py":{"hash":"7315920c3beb0bcb25dcdf242193b47e","index":{"nums":[0,1,324,107,14,0,0,0],"html_filename":"pygeodesy_heights_py.html","relative_filename":"pygeodesy/heights.py"}},"pygeodesy_internals_py":{"hash":"f78fc941dda77891b625447be8372c3a","index":{"nums":[0,1,202,74,11,0,0,0],"html_filename":"pygeodesy_internals_py.html","relative_filename":"pygeodesy/internals.py"}},"pygeodesy_interns_py":{"hash":"ca8eec526c5de7bd44f6bbbb0d1050d2","index":{"nums":[0,1,357,15,2,0,0,0],"html_filename":"pygeodesy_interns_py.html","relative_filename":"pygeodesy/interns.py"}},"pygeodesy_iters_py":{"hash":"99d2bed32aed49f39cd6e5ad6288c2e6","index":{"nums":[0,1,203,25,7,0,0,0],"html_filename":"pygeodesy_iters_py.html","relative_filename":"pygeodesy/iters.py"}},"pygeodesy_karney_py":{"hash":"4e9095f02fba4aeb8c47e8988dee40cc","index":{"nums":[0,1,284,61,17,0,0,0],"html_filename":"pygeodesy_karney_py.html","relative_filename":"pygeodesy/karney.py"}},"pygeodesy_ktm_py":{"hash":"7c796e4d0fcd62f3a410903262f95d4e","index":{"nums":[0,1,230,40,8,0,0,0],"html_filename":"pygeodesy_ktm_py.html","relative_filename":"pygeodesy/ktm.py"}},"pygeodesy_latlonBase_py":{"hash":"f471d8765bf96afbffff31fade855b63","index":{"nums":[0,1,477,65,30,0,0,0],"html_filename":"pygeodesy_latlonBase_py.html","relative_filename":"pygeodesy/latlonBase.py"}},"pygeodesy_lazily_py":{"hash":"48585956a9f4f7efb8bd5192bb2bcd2c","index":{"nums":[0,1,191,75,14,0,0,0],"html_filename":"pygeodesy_lazily_py.html","relative_filename":"pygeodesy/lazily.py"}},"pygeodesy_lcc_py":{"hash":"e6cb3d486522511b94309a3afae690c5","index":{"nums":[0,1,281,14,11,0,0,0],"html_filename":"pygeodesy_lcc_py.html","relative_filename":"pygeodesy/lcc.py"}},"pygeodesy_ltp_py":{"hash":"450f8f9ebb331aa7d45bc4b37f53af23","index":{"nums":[0,1,412,42,16,0,0,0],"html_filename":"pygeodesy_ltp_py.html","relative_filename":"pygeodesy/ltp.py"}},"pygeodesy_ltpTuples_py":{"hash":"70cb8f4b1a5d468e48af0a3de34b68fd","index":{"nums":[0,1,555,40,31,0,0,0],"html_filename":"pygeodesy_ltpTuples_py.html","relative_filename":"pygeodesy/ltpTuples.py"}},"pygeodesy_mgrs_py":{"hash":"3a4e60d8d4dbba233254dfa94e6296d0","index":{"nums":[0,1,265,52,2,0,0,0],"html_filename":"pygeodesy_mgrs_py.html","relative_filename":"pygeodesy/mgrs.py"}},"pygeodesy_named_py":{"hash":"a0c41a21fe96e4fb04ad8187227ed256","index":{"nums":[0,1,470,114,16,0,0,0],"html_filename":"pygeodesy_named_py.html","relative_filename":"pygeodesy/named.py"}},"pygeodesy_namedTuples_py":{"hash":"57f3d19f2760ccc2cc36b33bb7196dd3","index":{"nums":[0,1,202,1,6,0,0,0],"html_filename":"pygeodesy_namedTuples_py.html","relative_filename":"pygeodesy/namedTuples.py"}},"pygeodesy_nvectorBase_py":{"hash":"86047a5afec1db0712e09a98bf4b0da6","index":{"nums":[0,1,249,23,11,0,0,0],"html_filename":"pygeodesy_nvectorBase_py.html","relative_filename":"pygeodesy/nvectorBase.py"}},"pygeodesy_osgr_py":{"hash":"58c68a9f9fab68ae42564d03c65637ca","index":{"nums":[0,1,306,65,9,0,0,0],"html_filename":"pygeodesy_osgr_py.html","relative_filename":"pygeodesy/osgr.py"}},"pygeodesy_points_py":{"hash":"d2dcab872abd45ac482ffb0560cd868b","index":{"nums":[0,1,532,80,36,0,0,0],"html_filename":"pygeodesy_points_py.html","relative_filename":"pygeodesy/points.py"}},"pygeodesy_props_py":{"hash":"1f492f4cc41f00d804f3d76774041baf","index":{"nums":[0,1,205,56,4,0,0,0],"html_filename":"pygeodesy_props_py.html","relative_filename":"pygeodesy/props.py"}},"pygeodesy_resections_py":{"hash":"89443bd8b30564e5d28c647f914bd3d1","index":{"nums":[0,1,366,65,10,0,0,0],"html_filename":"pygeodesy_resections_py.html","relative_filename":"pygeodesy/resections.py"}},"pygeodesy_rhumb___init___py":{"hash":"26ec5521205c8c54522cd299f567916e","index":{"nums":[0,1,11,0,0,0,0,0],"html_filename":"pygeodesy_rhumb___init___py.html","relative_filename":"pygeodesy/rhumb/__init__.py"}},"pygeodesy_rhumb_aux__py":{"hash":"8e8e1ad87bc0ac198c5ed604e194fe1e","index":{"nums":[0,1,145,2,7,0,0,0],"html_filename":"pygeodesy_rhumb_aux__py.html","relative_filename":"pygeodesy/rhumb/aux_.py"}},"pygeodesy_rhumb_bases_py":{"hash":"3784e4a8733543b78d6c1be162a56401","index":{"nums":[0,1,377,97,23,0,0,0],"html_filename":"pygeodesy_rhumb_bases_py.html","relative_filename":"pygeodesy/rhumb/bases.py"}},"pygeodesy_rhumb_ekx_py":{"hash":"b28cae709a5a4c3d9c5d5a107879a1fd","index":{"nums":[0,1,229,24,4,0,0,0],"html_filename":"pygeodesy_rhumb_ekx_py.html","relative_filename":"pygeodesy/rhumb/ekx.py"}},"pygeodesy_rhumb_solve_py":{"hash":"bce6cf3d9cc05d7dbf1e8a5184ac6e00","index":{"nums":[0,1,103,58,11,0,0,0],"html_filename":"pygeodesy_rhumb_solve_py.html","relative_filename":"pygeodesy/rhumb/solve.py"}},"pygeodesy_simplify_py":{"hash":"62159282eb8412b5c5494ac8188f31db","index":{"nums":[0,1,227,4,2,0,0,0],"html_filename":"pygeodesy_simplify_py.html","relative_filename":"pygeodesy/simplify.py"}},"pygeodesy_solveBase_py":{"hash":"cade0096416707593d4e0993fb8f8fab","index":{"nums":[0,1,216,31,12,0,0,0],"html_filename":"pygeodesy_solveBase_py.html","relative_filename":"pygeodesy/solveBase.py"}},"pygeodesy_sphericalBase_py":{"hash":"846b61719ac786b27283887ef2b94eb2","index":{"nums":[0,1,251,11,14,0,0,0],"html_filename":"pygeodesy_sphericalBase_py.html","relative_filename":"pygeodesy/sphericalBase.py"}},"pygeodesy_sphericalNvector_py":{"hash":"35e4982c65b1f836773f5214d349af26","index":{"nums":[0,1,321,23,27,0,0,0],"html_filename":"pygeodesy_sphericalNvector_py.html","relative_filename":"pygeodesy/sphericalNvector.py"}},"pygeodesy_sphericalTrigonometry_py":{"hash":"591ac0e5b32aa9d63bbc88c802715b2a","index":{"nums":[0,1,392,51,26,0,0,0],"html_filename":"pygeodesy_sphericalTrigonometry_py.html","relative_filename":"pygeodesy/sphericalTrigonometry.py"}},"pygeodesy_streprs_py":{"hash":"22273d44501bd2826d7b38bc93adb247","index":{"nums":[0,1,275,20,11,0,0,0],"html_filename":"pygeodesy_streprs_py.html","relative_filename":"pygeodesy/streprs.py"}},"pygeodesy_trf_py":{"hash":"db778857c58508186dbd4c3979649b90","index":{"nums":[0,1,620,57,31,0,0,0],"html_filename":"pygeodesy_trf_py.html","relative_filename":"pygeodesy/trf.py"}},"pygeodesy_triaxials_py":{"hash":"3ed28cc1e8a010dd0cef7e8ae006a519","index":{"nums":[0,1,588,46,24,0,0,0],"html_filename":"pygeodesy_triaxials_py.html","relative_filename":"pygeodesy/triaxials.py"}},"pygeodesy_units_py":{"hash":"8d4867af897674571c1f7c01dd363d27","index":{"nums":[0,1,330,18,18,0,0,0],"html_filename":"pygeodesy_units_py.html","relative_filename":"pygeodesy/units.py"}},"pygeodesy_unitsBase_py":{"hash":"6d8296ba047a87461fbefef0ffe7b23e","index":{"nums":[0,1,101,6,1,0,0,0],"html_filename":"pygeodesy_unitsBase_py.html","relative_filename":"pygeodesy/unitsBase.py"}},"pygeodesy_ups_py":{"hash":"4c47d907f3adc7297733b22ed6165971","index":{"nums":[0,1,166,9,5,0,0,0],"html_filename":"pygeodesy_ups_py.html","relative_filename":"pygeodesy/ups.py"}},"pygeodesy_utily_py":{"hash":"c11e4c9d192ab2453f2b58dd55fa02c2","index":{"nums":[0,1,336,14,30,0,0,0],"html_filename":"pygeodesy_utily_py.html","relative_filename":"pygeodesy/utily.py"}},"pygeodesy_utm_py":{"hash":"3aa90e77edd45ad321fbad6392ade354","index":{"nums":[0,1,265,20,8,0,0,0],"html_filename":"pygeodesy_utm_py.html","relative_filename":"pygeodesy/utm.py"}},"pygeodesy_utmups_py":{"hash":"520ae0c9996697ee3c2fb1cdeaef4eab","index":{"nums":[0,1,87,13,2,0,0,0],"html_filename":"pygeodesy_utmups_py.html","relative_filename":"pygeodesy/utmups.py"}},"pygeodesy_utmupsBase_py":{"hash":"fe8327f068b96e5325aa275574c908fb","index":{"nums":[0,1,236,24,6,0,0,0],"html_filename":"pygeodesy_utmupsBase_py.html","relative_filename":"pygeodesy/utmupsBase.py"}},"pygeodesy_vector2d_py":{"hash":"55dcc326d08f69386831f8fbe5671c39","index":{"nums":[0,1,319,24,7,0,0,0],"html_filename":"pygeodesy_vector2d_py.html","relative_filename":"pygeodesy/vector2d.py"}},"pygeodesy_vector3d_py":{"hash":"eb901124b2684b0590bd77f4fae85631","index":{"nums":[0,1,234,44,9,0,0,0],"html_filename":"pygeodesy_vector3d_py.html","relative_filename":"pygeodesy/vector3d.py"}},"pygeodesy_vector3dBase_py":{"hash":"32a91339919dde7800a140630d6fad60","index":{"nums":[0,1,274,94,20,0,0,0],"html_filename":"pygeodesy_vector3dBase_py.html","relative_filename":"pygeodesy/vector3dBase.py"}},"pygeodesy_webmercator_py":{"hash":"8f55e0ade5ee687872e6ca644fc8fdf9","index":{"nums":[0,1,129,13,1,0,0,0],"html_filename":"pygeodesy_webmercator_py.html","relative_filename":"pygeodesy/webmercator.py"}},"pygeodesy_wgrs_py":{"hash":"19f29f0454703a836c12fbf8cca20a4b","index":{"nums":[0,1,188,7,4,0,0,0],"html_filename":"pygeodesy_wgrs_py.html","relative_filename":"pygeodesy/wgrs.py"}}}}