{"format":1,"version":"4.5.4","settings":"69ed78aea313e6cf9d0f490027cefd4c","files":{"pygeodesy___init___py":{"hash":"94eb2cc1ac60f313a3f8d8c0cd1fdcb6","index":{"nums":[1,112,3,3,0,0,0],"html_filename":"pygeodesy___init___py.html","relative_filename":"pygeodesy/__init__.py"}},"pygeodesy_bases_py":{"hash":"596b5e3e8befc65af13ec19f5e492823","index":{"nums":[1,6,0,0,0,0,0],"html_filename":"pygeodesy_bases_py.html","relative_filename":"pygeodesy/bases.py"}},"pygeodesy_basics_py":{"hash":"1c9973eff5a487c984d851f337993927","index":{"nums":[1,148,29,6,0,0,0],"html_filename":"pygeodesy_basics_py.html","relative_filename":"pygeodesy/basics.py"}},"pygeodesy_cartesianBase_py":{"hash":"fe317ec4f23c1ce2aa74919cab2c326c","index":{"nums":[1,119,9,6,0,0,0],"html_filename":"pygeodesy_cartesianBase_py.html","relative_filename":"pygeodesy/cartesianBase.py"}},"pygeodesy_clipy_py":{"hash":"104a7182ffa85e43f8d9001aaf3a97fe","index":{"nums":[1,199,8,12,0,0,0],"html_filename":"pygeodesy_clipy_py.html","relative_filename":"pygeodesy/clipy.py"}},"pygeodesy_css_py":{"hash":"5b2cc7916b641fa2d11f46470d812a7d","index":{"nums":[1,187,3,9,0,0,0],"html_filename":"pygeodesy_css_py.html","relative_filename":"pygeodesy/css.py"}},"pygeodesy_datum_py":{"hash":"8257eff8975cfc1493f35e370d78e2a8","index":{"nums":[1,421,27,10,0,0,0],"html_filename":"pygeodesy_datum_py.html","relative_filename":"pygeodesy/datum.py"}},"pygeodesy_deprecated_py":{"hash":"93fd78b56f53909bfe4101be385b05ab","index":{"nums":[1,98,0,6,0,0,0],"html_filename":"pygeodesy_deprecated_py.html","relative_filename":"pygeodesy/deprecated.py"}},"pygeodesy_dms_py":{"hash":"8493ba049c87ef53dbb7c1e5cf2943cf","index":{"nums":[1,202,12,11,0,0,0],"html_filename":"pygeodesy_dms_py.html","relative_filename":"pygeodesy/dms.py"}},"pygeodesy_ecef_py":{"hash":"1e51fcb5afa134c287da0b8170be28b7","index":{"nums":[1,311,14,18,0,0,0],"html_filename":"pygeodesy_ecef_py.html","relative_filename":"pygeodesy/ecef.py"}},"pygeodesy_elevations_py":{"hash":"5836002ecc72d17cdd9014839e6d373f","index":{"nums":[1,74,19,6,0,0,0],"html_filename":"pygeodesy_elevations_py.html","relative_filename":"pygeodesy/elevations.py"}},"pygeodesy_ellipsoidalBase_py":{"hash":"0bea6b37738b0fdec8f32b86fce3bec3","index":{"nums":[1,184,7,13,0,0,0],"html_filename":"pygeodesy_ellipsoidalBase_py.html","relative_filename":"pygeodesy/ellipsoidalBase.py"}},"pygeodesy_ellipsoidalKarney_py":{"hash":"211f428ecf1fecde7d963997400841a1","index":{"nums":[1,90,3,2,0,0,0],"html_filename":"pygeodesy_ellipsoidalKarney_py.html","relative_filename":"pygeodesy/ellipsoidalKarney.py"}},"pygeodesy_ellipsoidalNvector_py":{"hash":"6a95e47f9802f8033d894a936be7543f","index":{"nums":[1,158,4,10,0,0,0],"html_filename":"pygeodesy_ellipsoidalNvector_py.html","relative_filename":"pygeodesy/ellipsoidalNvector.py"}},"pygeodesy_ellipsoidalVincenty_py":{"hash":"65289432a8d05ba028afd05f4902f253","index":{"nums":[1,143,14,2,0,0,0],"html_filename":"pygeodesy_ellipsoidalVincenty_py.html","relative_filename":"pygeodesy/ellipsoidalVincenty.py"}},"pygeodesy_elliptic_py":{"hash":"e2acefe5dee279891f4e0c47bcdb76c9","index":{"nums":[1,340,21,10,0,0,0],"html_filename":"pygeodesy_elliptic_py.html","relative_filename":"pygeodesy/elliptic.py"}},"pygeodesy_epsg_py":{"hash":"00af08f68b749f39302c66fe07b0f1e3","index":{"nums":[1,92,5,4,0,0,0],"html_filename":"pygeodesy_epsg_py.html","relative_filename":"pygeodesy/epsg.py"}},"pygeodesy_etm_py":{"hash":"6bce307185cb955c98f4057a21af2741","index":{"nums":[1,368,6,18,0,0,0],"html_filename":"pygeodesy_etm_py.html","relative_filename":"pygeodesy/etm.py"}},"pygeodesy_fmath_py":{"hash":"013c8aca263dc0b7f8f5e1d870ed3547","index":{"nums":[1,269,48,9,0,0,0],"html_filename":"pygeodesy_fmath_py.html","relative_filename":"pygeodesy/fmath.py"}},"pygeodesy_formy_py":{"hash":"0312b84f913ad8371f92bb61e907f6e0","index":{"nums":[1,154,5,4,0,0,0],"html_filename":"pygeodesy_formy_py.html","relative_filename":"pygeodesy/formy.py"}},"pygeodesy_frechet_py":{"hash":"6b43c47955ca84278ed44e35fa02a092","index":{"nums":[1,228,11,19,0,0,0],"html_filename":"pygeodesy_frechet_py.html","relative_filename":"pygeodesy/frechet.py"}},"pygeodesy_gars_py":{"hash":"c53b73e7c561883e21628b6ec8e0f41e","index":{"nums":[1,156,10,8,0,0,0],"html_filename":"pygeodesy_gars_py.html","relative_filename":"pygeodesy/gars.py"}},"pygeodesy_geohash_py":{"hash":"411286ae28f112e11acbe9715636e2cd","index":{"nums":[1,240,14,10,0,0,0],"html_filename":"pygeodesy_geohash_py.html","relative_filename":"pygeodesy/geohash.py"}},"pygeodesy_geoids_py":{"hash":"68722d6cd7ace5c61514dbb04dde6846","index":{"nums":[1,637,75,41,0,0,0],"html_filename":"pygeodesy_geoids_py.html","relative_filename":"pygeodesy/geoids.py"}},"pygeodesy_hausdorff_py":{"hash":"2bc2dfa90a0a566ce772cee8678d4e58","index":{"nums":[1,222,8,16,0,0,0],"html_filename":"pygeodesy_hausdorff_py.html","relative_filename":"pygeodesy/hausdorff.py"}},"pygeodesy_heights_py":{"hash":"c6b401ef90a5fc55eaa0d3087d9c9d58","index":{"nums":[1,323,32,15,0,0,0],"html_filename":"pygeodesy_heights_py.html","relative_filename":"pygeodesy/heights.py"}},"pygeodesy_latlonBase_py":{"hash":"58dba330b774190d823ce5e0ecd6ee89","index":{"nums":[1,193,20,7,0,0,0],"html_filename":"pygeodesy_latlonBase_py.html","relative_filename":"pygeodesy/latlonBase.py"}},"pygeodesy_lazily_py":{"hash":"b10350eef656349a7731bfa84ea920aa","index":{"nums":[1,99,15,4,0,0,0],"html_filename":"pygeodesy_lazily_py.html","relative_filename":"pygeodesy/lazily.py"}},"pygeodesy_lcc_py":{"hash":"ba0f7e290e996d5940262b62da29ba9d","index":{"nums":[1,218,7,12,0,0,0],"html_filename":"pygeodesy_lcc_py.html","relative_filename":"pygeodesy/lcc.py"}},"pygeodesy_mgrs_py":{"hash":"8f1d98cb7ce5ba236cc92d919b116448","index":{"nums":[1,116,5,7,0,0,0],"html_filename":"pygeodesy_mgrs_py.html","relative_filename":"pygeodesy/mgrs.py"}},"pygeodesy_named_py":{"hash":"81c1c5ea1cdda12cb98fc650d43eb0e0","index":{"nums":[1,406,47,20,0,0,0],"html_filename":"pygeodesy_named_py.html","relative_filename":"pygeodesy/named.py"}},"pygeodesy_nvector_py":{"hash":"3dffc014e408f96a6ad1b7328c4d2dfd","index":{"nums":[1,5,0,0,0,0,0],"html_filename":"pygeodesy_nvector_py.html","relative_filename":"pygeodesy/nvector.py"}},"pygeodesy_nvectorBase_py":{"hash":"78f3a2ba04057a191b4af8eeea6a5b3f","index":{"nums":[1,133,16,8,0,0,0],"html_filename":"pygeodesy_nvectorBase_py.html","relative_filename":"pygeodesy/nvectorBase.py"}},"pygeodesy_osgr_py":{"hash":"414b5f6b8d075ba13f2582e9db5d5145","index":{"nums":[1,181,9,9,0,0,0],"html_filename":"pygeodesy_osgr_py.html","relative_filename":"pygeodesy/osgr.py"}},"pygeodesy_points_py":{"hash":"561395e76d2876892a441100137271b8","index":{"nums":[1,479,44,25,0,0,0],"html_filename":"pygeodesy_points_py.html","relative_filename":"pygeodesy/points.py"}},"pygeodesy_simplify_py":{"hash":"88ab6725ab00a31393881ca0c34c315a","index":{"nums":[1,222,3,9,0,0,0],"html_filename":"pygeodesy_simplify_py.html","relative_filename":"pygeodesy/simplify.py"}},"pygeodesy_sphericalBase_py":{"hash":"f8e9ba62b4a62e3ce9dcaa2a20534b4d","index":{"nums":[1,103,3,5,0,0,0],"html_filename":"pygeodesy_sphericalBase_py.html","relative_filename":"pygeodesy/sphericalBase.py"}},"pygeodesy_sphericalNvector_py":{"hash":"bc799676e08b6ed16e2db2b75491dad4","index":{"nums":[1,304,7,10,0,0,0],"html_filename":"pygeodesy_sphericalNvector_py.html","relative_filename":"pygeodesy/sphericalNvector.py"}},"pygeodesy_sphericalTrigonometry_py":{"hash":"74a6b99a2ed9d055bb5baa93649a1dda","index":{"nums":[1,268,23,10,0,0,0],"html_filename":"pygeodesy_sphericalTrigonometry_py.html","relative_filename":"pygeodesy/sphericalTrigonometry.py"}},"pygeodesy_streprs_py":{"hash":"9a6a2343797297fbaddb2fa743ad80ec","index":{"nums":[1,77,4,3,0,0,0],"html_filename":"pygeodesy_streprs_py.html","relative_filename":"pygeodesy/streprs.py"}},"pygeodesy_trf_py":{"hash":"65c3f001dc6eeb33850456ea240f16f9","index":{"nums":[1,83,16,6,0,0,0],"html_filename":"pygeodesy_trf_py.html","relative_filename":"pygeodesy/trf.py"}},"pygeodesy_ups_py":{"hash":"c2443b6b9abe84aeeeeecc7e9ef20b07","index":{"nums":[1,175,9,8,0,0,0],"html_filename":"pygeodesy_ups_py.html","relative_filename":"pygeodesy/ups.py"}},"pygeodesy_utily_py":{"hash":"0165bd6c51c7b76d4300eda96e151a1b","index":{"nums":[1,128,6,4,0,0,0],"html_filename":"pygeodesy_utily_py.html","relative_filename":"pygeodesy/utily.py"}},"pygeodesy_utm_py":{"hash":"2241e86386911d2c24ab3798d4efd34b","index":{"nums":[1,256,15,8,0,0,0],"html_filename":"pygeodesy_utm_py.html","relative_filename":"pygeodesy/utm.py"}},"pygeodesy_utmups_py":{"hash":"728dabdbc8256a1375a5dd8ede5f04bb","index":{"nums":[1,100,4,4,0,0,0],"html_filename":"pygeodesy_utmups_py.html","relative_filename":"pygeodesy/utmups.py"}},"pygeodesy_utmupsBase_py":{"hash":"19d3663e4e5fdc105088a5a5d6122dfd","index":{"nums":[1,133,6,7,0,0,0],"html_filename":"pygeodesy_utmupsBase_py.html","relative_filename":"pygeodesy/utmupsBase.py"}},"pygeodesy_vector3d_py":{"hash":"2d9f85601c7cfa77211166f79d1f598e","index":{"nums":[1,204,19,10,0,0,0],"html_filename":"pygeodesy_vector3d_py.html","relative_filename":"pygeodesy/vector3d.py"}},"pygeodesy_webmercator_py":{"hash":"a3eeb1ed8a2ff72ff02e1b0f73d83fb4","index":{"nums":[1,116,10,4,0,0,0],"html_filename":"pygeodesy_webmercator_py.html","relative_filename":"pygeodesy/webmercator.py"}},"pygeodesy_wgrs_py":{"hash":"cb49932addd07407d9770ba2110d6aec","index":{"nums":[1,208,11,13,0,0,0],"html_filename":"pygeodesy_wgrs_py.html","relative_filename":"pygeodesy/wgrs.py"}}}}