{"format":1,"version":"4.5.4","settings":"e31ad2706caf964664c6bc496c06d7cf","files":{"pygeodesy___init___py":{"hash":"aea01fdc6647acaa307c179d77a68184","index":{"nums":[1,142,3,6,0,0,0],"html_filename":"pygeodesy___init___py.html","relative_filename":"pygeodesy/__init__.py"}},"pygeodesy_albers_py":{"hash":"0abf0568a4e4569776e32d05c1149716","index":{"nums":[1,380,9,18,0,0,0],"html_filename":"pygeodesy_albers_py.html","relative_filename":"pygeodesy/albers.py"}},"pygeodesy_azimuthal_py":{"hash":"2b42669b3fb7235c5a32ab72dd4d6530","index":{"nums":[1,274,15,7,0,0,0],"html_filename":"pygeodesy_azimuthal_py.html","relative_filename":"pygeodesy/azimuthal.py"}},"pygeodesy_basics_py":{"hash":"3ddf05101d2ca5f268b839e6b1662328","index":{"nums":[1,121,26,4,0,0,0],"html_filename":"pygeodesy_basics_py.html","relative_filename":"pygeodesy/basics.py"}},"pygeodesy_cartesianBase_py":{"hash":"eef755f3c0a514767a7f69b0357abef3","index":{"nums":[1,176,12,17,0,0,0],"html_filename":"pygeodesy_cartesianBase_py.html","relative_filename":"pygeodesy/cartesianBase.py"}},"pygeodesy_clipy_py":{"hash":"18e7df98380e04bf3592a0e416b11698","index":{"nums":[1,297,16,13,0,0,0],"html_filename":"pygeodesy_clipy_py.html","relative_filename":"pygeodesy/clipy.py"}},"pygeodesy_css_py":{"hash":"fb0c8d7321f17e35612f6ad27b170fa9","index":{"nums":[1,197,3,6,0,0,0],"html_filename":"pygeodesy_css_py.html","relative_filename":"pygeodesy/css.py"}},"pygeodesy_datums_py":{"hash":"2ef757e4eb6082a715cad56d0ae3dd18","index":{"nums":[1,164,14,5,0,0,0],"html_filename":"pygeodesy_datums_py.html","relative_filename":"pygeodesy/datums.py"}},"pygeodesy_deprecated___init___py":{"hash":"2711827c567b29fda15f1e3483d872ec","index":{"nums":[1,53,168,1,0,0,0],"html_filename":"pygeodesy_deprecated___init___py.html","relative_filename":"pygeodesy/deprecated/__init__.py"}},"pygeodesy_deprecated_bases_py":{"hash":"fa163eff8db14057476b202a8c904157","index":{"nums":[1,6,0,0,0,0,0],"html_filename":"pygeodesy_deprecated_bases_py.html","relative_filename":"pygeodesy/deprecated/bases.py"}},"pygeodesy_deprecated_datum_py":{"hash":"49104cee81306465f3157ec133ce28e5","index":{"nums":[1,5,0,0,0,0,0],"html_filename":"pygeodesy_deprecated_datum_py.html","relative_filename":"pygeodesy/deprecated/datum.py"}},"pygeodesy_deprecated_nvector_py":{"hash":"2d0f6bd19e7b1e8a299a8942491ac341","index":{"nums":[1,11,0,2,0,0,0],"html_filename":"pygeodesy_deprecated_nvector_py.html","relative_filename":"pygeodesy/deprecated/nvector.py"}},"pygeodesy_dms_py":{"hash":"fd60983180dd27b7b5e5b12c4047f7aa","index":{"nums":[1,264,7,7,0,0,0],"html_filename":"pygeodesy_dms_py.html","relative_filename":"pygeodesy/dms.py"}},"pygeodesy_ecef_py":{"hash":"424619377907e6f843ad215d75f12dde","index":{"nums":[1,451,40,44,0,0,0],"html_filename":"pygeodesy_ecef_py.html","relative_filename":"pygeodesy/ecef.py"}},"pygeodesy_elevations_py":{"hash":"27ff06f1cedbf4465b78f0a6107915f1","index":{"nums":[1,80,22,4,0,0,0],"html_filename":"pygeodesy_elevations_py.html","relative_filename":"pygeodesy/elevations.py"}},"pygeodesy_ellipsoidalBase_py":{"hash":"743a30ad67b3ad26b5c388df9c90407c","index":{"nums":[1,349,31,18,0,0,0],"html_filename":"pygeodesy_ellipsoidalBase_py.html","relative_filename":"pygeodesy/ellipsoidalBase.py"}},"pygeodesy_ellipsoidalKarney_py":{"hash":"f077286f46c89231a6043bb48cf4e901","index":{"nums":[1,99,5,1,0,0,0],"html_filename":"pygeodesy_ellipsoidalKarney_py.html","relative_filename":"pygeodesy/ellipsoidalKarney.py"}},"pygeodesy_ellipsoidalNvector_py":{"hash":"53fea8e956a6ed25ddc8e6956ebc926a","index":{"nums":[1,129,3,2,0,0,0],"html_filename":"pygeodesy_ellipsoidalNvector_py.html","relative_filename":"pygeodesy/ellipsoidalNvector.py"}},"pygeodesy_ellipsoidalVincenty_py":{"hash":"eb07078554958aa15a6c1d1df3163497","index":{"nums":[1,176,15,7,0,0,0],"html_filename":"pygeodesy_ellipsoidalVincenty_py.html","relative_filename":"pygeodesy/ellipsoidalVincenty.py"}},"pygeodesy_ellipsoids_py":{"hash":"ab0420a30c6d057766d96f94aad63eb7","index":{"nums":[1,612,36,31,0,0,0],"html_filename":"pygeodesy_ellipsoids_py.html","relative_filename":"pygeodesy/ellipsoids.py"}},"pygeodesy_elliptic_py":{"hash":"1a0637265a5d793cf7a6cb9093e7f86a","index":{"nums":[1,362,25,13,0,0,0],"html_filename":"pygeodesy_elliptic_py.html","relative_filename":"pygeodesy/elliptic.py"}},"pygeodesy_epsg_py":{"hash":"f2b40e88ce9ba3bcd0799ee7e51b338e","index":{"nums":[1,103,5,4,0,0,0],"html_filename":"pygeodesy_epsg_py.html","relative_filename":"pygeodesy/epsg.py"}},"pygeodesy_errors_py":{"hash":"d6b6b4ea04d7f4a5904b7e2ac0bcfb22","index":{"nums":[1,216,18,6,0,0,0],"html_filename":"pygeodesy_errors_py.html","relative_filename":"pygeodesy/errors.py"}},"pygeodesy_etm_py":{"hash":"d48058f46197309aac7988c2e9718d54","index":{"nums":[1,364,8,23,0,0,0],"html_filename":"pygeodesy_etm_py.html","relative_filename":"pygeodesy/etm.py"}},"pygeodesy_fmath_py":{"hash":"882254bf9aada6a140568454c11776f4","index":{"nums":[1,328,48,20,0,0,0],"html_filename":"pygeodesy_fmath_py.html","relative_filename":"pygeodesy/fmath.py"}},"pygeodesy_formy_py":{"hash":"80b972e245a832c6b3b46bb5c54a3df7","index":{"nums":[1,287,5,7,0,0,0],"html_filename":"pygeodesy_formy_py.html","relative_filename":"pygeodesy/formy.py"}},"pygeodesy_frechet_py":{"hash":"c4e5dce44619c9fc03d69a404471748b","index":{"nums":[1,256,50,5,0,0,0],"html_filename":"pygeodesy_frechet_py.html","relative_filename":"pygeodesy/frechet.py"}},"pygeodesy_gars_py":{"hash":"c64a3b7fc872360f4656f7099e4444b4","index":{"nums":[1,150,8,7,0,0,0],"html_filename":"pygeodesy_gars_py.html","relative_filename":"pygeodesy/gars.py"}},"pygeodesy_geohash_py":{"hash":"bba676d6d7e38b60bb9ce735b3c6909d","index":{"nums":[1,286,17,14,0,0,0],"html_filename":"pygeodesy_geohash_py.html","relative_filename":"pygeodesy/geohash.py"}},"pygeodesy_geoids_py":{"hash":"eaed526a50dabaa31a461179777175d8","index":{"nums":[1,684,89,35,0,0,0],"html_filename":"pygeodesy_geoids_py.html","relative_filename":"pygeodesy/geoids.py"}},"pygeodesy_hausdorff_py":{"hash":"c1674647db2e849f8cc306724616a9cf","index":{"nums":[1,262,59,8,0,0,0],"html_filename":"pygeodesy_hausdorff_py.html","relative_filename":"pygeodesy/hausdorff.py"}},"pygeodesy_heights_py":{"hash":"2d87c62b378ffb1a84d1aeb16d7c536e","index":{"nums":[1,369,73,18,0,0,0],"html_filename":"pygeodesy_heights_py.html","relative_filename":"pygeodesy/heights.py"}},"pygeodesy_interns_py":{"hash":"97412c271c2c03d92ea6a17b53ffc977","index":{"nums":[1,334,5,6,0,0,0],"html_filename":"pygeodesy_interns_py.html","relative_filename":"pygeodesy/interns.py"}},"pygeodesy_iters_py":{"hash":"b9c4e78c9781302884a275264ff68699","index":{"nums":[1,179,11,9,0,0,0],"html_filename":"pygeodesy_iters_py.html","relative_filename":"pygeodesy/iters.py"}},"pygeodesy_karney_py":{"hash":"af7988b66fd60cd8ab5e383a2d92c649","index":{"nums":[1,124,0,6,0,0,0],"html_filename":"pygeodesy_karney_py.html","relative_filename":"pygeodesy/karney.py"}},"pygeodesy_latlonBase_py":{"hash":"e797da954409cf7b91919d35ea9adcf7","index":{"nums":[1,297,36,17,0,0,0],"html_filename":"pygeodesy_latlonBase_py.html","relative_filename":"pygeodesy/latlonBase.py"}},"pygeodesy_lazily_py":{"hash":"e2f399c06c36839dfc0cc0f5b1241bf5","index":{"nums":[1,112,27,4,0,0,0],"html_filename":"pygeodesy_lazily_py.html","relative_filename":"pygeodesy/lazily.py"}},"pygeodesy_lcc_py":{"hash":"a4a9b10bceb25d70443eea5034f90078","index":{"nums":[1,270,13,10,0,0,0],"html_filename":"pygeodesy_lcc_py.html","relative_filename":"pygeodesy/lcc.py"}},"pygeodesy_ltp_py":{"hash":"2804796230439f1fdc00823efe3df96f","index":{"nums":[1,163,11,5,0,0,0],"html_filename":"pygeodesy_ltp_py.html","relative_filename":"pygeodesy/ltp.py"}},"pygeodesy_ltpTuples_py":{"hash":"fee6a8de226c4703de8c2e5131174cf7","index":{"nums":[1,441,4,28,0,0,0],"html_filename":"pygeodesy_ltpTuples_py.html","relative_filename":"pygeodesy/ltpTuples.py"}},"pygeodesy_mgrs_py":{"hash":"dd65c622acbf8603cb19e1ca99edce5b","index":{"nums":[1,157,4,4,0,0,0],"html_filename":"pygeodesy_mgrs_py.html","relative_filename":"pygeodesy/mgrs.py"}},"pygeodesy_named_py":{"hash":"898e132f0f1801aff3f82cafa72abd79","index":{"nums":[1,401,65,24,0,0,0],"html_filename":"pygeodesy_named_py.html","relative_filename":"pygeodesy/named.py"}},"pygeodesy_namedTuples_py":{"hash":"d13488feab2b41038b8445aa17dcc1f9","index":{"nums":[1,156,0,2,0,0,0],"html_filename":"pygeodesy_namedTuples_py.html","relative_filename":"pygeodesy/namedTuples.py"}},"pygeodesy_nvectorBase_py":{"hash":"e7d263101bf9419122abacdada148ef5","index":{"nums":[1,236,21,9,0,0,0],"html_filename":"pygeodesy_nvectorBase_py.html","relative_filename":"pygeodesy/nvectorBase.py"}},"pygeodesy_osgr_py":{"hash":"bd4136d457488a45030ee89f4f1e6ddd","index":{"nums":[1,208,8,12,0,0,0],"html_filename":"pygeodesy_osgr_py.html","relative_filename":"pygeodesy/osgr.py"}},"pygeodesy_points_py":{"hash":"21809696f2ba7c2ceda038f0358590b8","index":{"nums":[1,552,50,31,0,0,0],"html_filename":"pygeodesy_points_py.html","relative_filename":"pygeodesy/points.py"}},"pygeodesy_props_py":{"hash":"786c581e81873962c43485fc0298db58","index":{"nums":[1,149,30,2,0,0,0],"html_filename":"pygeodesy_props_py.html","relative_filename":"pygeodesy/props.py"}},"pygeodesy_simplify_py":{"hash":"98cd0bb4b5996dbdb694b68cb0edf9d3","index":{"nums":[1,225,3,4,0,0,0],"html_filename":"pygeodesy_simplify_py.html","relative_filename":"pygeodesy/simplify.py"}},"pygeodesy_sphericalBase_py":{"hash":"f25b5b33393f00f3aa5c5fa612fad3c7","index":{"nums":[1,142,6,6,0,0,0],"html_filename":"pygeodesy_sphericalBase_py.html","relative_filename":"pygeodesy/sphericalBase.py"}},"pygeodesy_sphericalNvector_py":{"hash":"b3e845e2e7dbd1b3fed9da3da6a4c7d4","index":{"nums":[1,247,17,6,0,0,0],"html_filename":"pygeodesy_sphericalNvector_py.html","relative_filename":"pygeodesy/sphericalNvector.py"}},"pygeodesy_sphericalTrigonometry_py":{"hash":"86b01604950358fc5063e12044a3719b","index":{"nums":[1,365,38,14,0,0,0],"html_filename":"pygeodesy_sphericalTrigonometry_py.html","relative_filename":"pygeodesy/sphericalTrigonometry.py"}},"pygeodesy_streprs_py":{"hash":"a17a5de3c231f54e3c9eb23d718f081e","index":{"nums":[1,206,10,10,0,0,0],"html_filename":"pygeodesy_streprs_py.html","relative_filename":"pygeodesy/streprs.py"}},"pygeodesy_trf_py":{"hash":"e385bf1190bccd20289b83919a968dc5","index":{"nums":[1,109,11,2,0,0,0],"html_filename":"pygeodesy_trf_py.html","relative_filename":"pygeodesy/trf.py"}},"pygeodesy_units_py":{"hash":"2d0b7dd12126c3bfd71a8f74193bddff","index":{"nums":[1,368,17,21,0,0,0],"html_filename":"pygeodesy_units_py.html","relative_filename":"pygeodesy/units.py"}},"pygeodesy_ups_py":{"hash":"f2f130666ff3a6e8373fce9a578f903d","index":{"nums":[1,176,8,7,0,0,0],"html_filename":"pygeodesy_ups_py.html","relative_filename":"pygeodesy/ups.py"}},"pygeodesy_utily_py":{"hash":"95e5225b2c9ee347687cd1b09c972044","index":{"nums":[1,198,4,7,0,0,0],"html_filename":"pygeodesy_utily_py.html","relative_filename":"pygeodesy/utily.py"}},"pygeodesy_utm_py":{"hash":"30d8626613313d7a711504e43cf3bd40","index":{"nums":[1,261,17,5,0,0,0],"html_filename":"pygeodesy_utm_py.html","relative_filename":"pygeodesy/utm.py"}},"pygeodesy_utmups_py":{"hash":"42f1d41ce7cabc830557a35bc538944d","index":{"nums":[1,99,4,5,0,0,0],"html_filename":"pygeodesy_utmups_py.html","relative_filename":"pygeodesy/utmups.py"}},"pygeodesy_utmupsBase_py":{"hash":"8246254d28b2d171abfe41cf33617f8d","index":{"nums":[1,186,12,11,0,0,0],"html_filename":"pygeodesy_utmupsBase_py.html","relative_filename":"pygeodesy/utmupsBase.py"}},"pygeodesy_vector3d_py":{"hash":"58926037c6bbdbd56c574c7e41532e9d","index":{"nums":[1,418,38,24,0,0,0],"html_filename":"pygeodesy_vector3d_py.html","relative_filename":"pygeodesy/vector3d.py"}},"pygeodesy_webmercator_py":{"hash":"6c950bcc44703b0b86def3ee4e927f57","index":{"nums":[1,119,10,1,0,0,0],"html_filename":"pygeodesy_webmercator_py.html","relative_filename":"pygeodesy/webmercator.py"}},"pygeodesy_wgrs_py":{"hash":"df76371e2b6792395dc0b9ccac4d4bdd","index":{"nums":[1,193,5,7,0,0,0],"html_filename":"pygeodesy_wgrs_py.html","relative_filename":"pygeodesy/wgrs.py"}}}}