{"format":1,"version":"4.5.4","settings":"2596ce4ad336d87798e022050417d35a","files":{"pygeodesy___init___py":{"hash":"dd99efd56c8ec79162ad52eec9f9f47a","index":{"nums":[1,112,3,3,0,0,0],"html_filename":"pygeodesy___init___py.html","relative_filename":"pygeodesy/__init__.py"}},"pygeodesy_bases_py":{"hash":"596b5e3e8befc65af13ec19f5e492823","index":{"nums":[1,6,0,0,0,0,0],"html_filename":"pygeodesy_bases_py.html","relative_filename":"pygeodesy/bases.py"}},"pygeodesy_basics_py":{"hash":"96816d6a96d0d5ad76074c0b32873974","index":{"nums":[1,141,36,6,0,0,0],"html_filename":"pygeodesy_basics_py.html","relative_filename":"pygeodesy/basics.py"}},"pygeodesy_cartesianBase_py":{"hash":"78a958f2aab5a30dc54e276a6fb2d1b9","index":{"nums":[1,119,9,6,0,0,0],"html_filename":"pygeodesy_cartesianBase_py.html","relative_filename":"pygeodesy/cartesianBase.py"}},"pygeodesy_clipy_py":{"hash":"028cb7b402f371e23cd577674b421576","index":{"nums":[1,199,8,12,0,0,0],"html_filename":"pygeodesy_clipy_py.html","relative_filename":"pygeodesy/clipy.py"}},"pygeodesy_css_py":{"hash":"1f4375a8f5457270a4166ce43fbabc7a","index":{"nums":[1,177,4,8,0,0,0],"html_filename":"pygeodesy_css_py.html","relative_filename":"pygeodesy/css.py"}},"pygeodesy_datum_py":{"hash":"6dd4b49c76b8ff09311052d5f68a50c0","index":{"nums":[1,413,26,10,0,0,0],"html_filename":"pygeodesy_datum_py.html","relative_filename":"pygeodesy/datum.py"}},"pygeodesy_deprecated_py":{"hash":"93fd78b56f53909bfe4101be385b05ab","index":{"nums":[1,98,0,6,0,0,0],"html_filename":"pygeodesy_deprecated_py.html","relative_filename":"pygeodesy/deprecated.py"}},"pygeodesy_dms_py":{"hash":"b89c78462d08a2c040d5e279579e2ebc","index":{"nums":[1,202,12,11,0,0,0],"html_filename":"pygeodesy_dms_py.html","relative_filename":"pygeodesy/dms.py"}},"pygeodesy_ecef_py":{"hash":"1ce90c627531d2c3d375a62fdc4c2794","index":{"nums":[1,309,9,20,0,0,0],"html_filename":"pygeodesy_ecef_py.html","relative_filename":"pygeodesy/ecef.py"}},"pygeodesy_elevations_py":{"hash":"301b0f4dbd67b8f0e188b0c37ccdbbe3","index":{"nums":[1,74,19,6,0,0,0],"html_filename":"pygeodesy_elevations_py.html","relative_filename":"pygeodesy/elevations.py"}},"pygeodesy_ellipsoidalBase_py":{"hash":"a3802d847db1130e9d6d1b7953161b84","index":{"nums":[1,184,7,13,0,0,0],"html_filename":"pygeodesy_ellipsoidalBase_py.html","relative_filename":"pygeodesy/ellipsoidalBase.py"}},"pygeodesy_ellipsoidalKarney_py":{"hash":"fc6bd715a964fc1dc622223ae54dd1f4","index":{"nums":[1,88,3,2,0,0,0],"html_filename":"pygeodesy_ellipsoidalKarney_py.html","relative_filename":"pygeodesy/ellipsoidalKarney.py"}},"pygeodesy_ellipsoidalNvector_py":{"hash":"b4355260e337914d55ddfa058944998d","index":{"nums":[1,155,4,9,0,0,0],"html_filename":"pygeodesy_ellipsoidalNvector_py.html","relative_filename":"pygeodesy/ellipsoidalNvector.py"}},"pygeodesy_ellipsoidalVincenty_py":{"hash":"8de725d0672eaacccd3f78eff7f75b23","index":{"nums":[1,145,14,2,0,0,0],"html_filename":"pygeodesy_ellipsoidalVincenty_py.html","relative_filename":"pygeodesy/ellipsoidalVincenty.py"}},"pygeodesy_elliptic_py":{"hash":"0ddd74f9710efcdf217b5cec08d815c3","index":{"nums":[1,337,21,9,0,0,0],"html_filename":"pygeodesy_elliptic_py.html","relative_filename":"pygeodesy/elliptic.py"}},"pygeodesy_epsg_py":{"hash":"1ea3bb01c65e6290284a2e01356f748f","index":{"nums":[1,92,5,4,0,0,0],"html_filename":"pygeodesy_epsg_py.html","relative_filename":"pygeodesy/epsg.py"}},"pygeodesy_etm_py":{"hash":"e08087f3db97918e4e357223e62809df","index":{"nums":[1,368,6,18,0,0,0],"html_filename":"pygeodesy_etm_py.html","relative_filename":"pygeodesy/etm.py"}},"pygeodesy_fmath_py":{"hash":"252107adeac47158c355dbc39665f2e8","index":{"nums":[1,269,48,9,0,0,0],"html_filename":"pygeodesy_fmath_py.html","relative_filename":"pygeodesy/fmath.py"}},"pygeodesy_formy_py":{"hash":"cf1dccddec0f433c9eacf8e5b86f3bab","index":{"nums":[1,129,5,9,0,0,0],"html_filename":"pygeodesy_formy_py.html","relative_filename":"pygeodesy/formy.py"}},"pygeodesy_frechet_py":{"hash":"b47bb99e3e5568dfc6757f36ba8c5d5f","index":{"nums":[1,177,7,14,0,0,0],"html_filename":"pygeodesy_frechet_py.html","relative_filename":"pygeodesy/frechet.py"}},"pygeodesy_gars_py":{"hash":"43fd6dda1b2ab5014a0d097b393700f3","index":{"nums":[1,157,10,8,0,0,0],"html_filename":"pygeodesy_gars_py.html","relative_filename":"pygeodesy/gars.py"}},"pygeodesy_geohash_py":{"hash":"f95ea18c1329864dcc23178e60179c61","index":{"nums":[1,239,15,10,0,0,0],"html_filename":"pygeodesy_geohash_py.html","relative_filename":"pygeodesy/geohash.py"}},"pygeodesy_geoids_py":{"hash":"a97b4b2c9548ce0c8ecd2117b074acb9","index":{"nums":[1,645,71,58,0,0,0],"html_filename":"pygeodesy_geoids_py.html","relative_filename":"pygeodesy/geoids.py"}},"pygeodesy_hausdorff_py":{"hash":"c620338b0dea66831296794489a89b33","index":{"nums":[1,186,5,13,0,0,0],"html_filename":"pygeodesy_hausdorff_py.html","relative_filename":"pygeodesy/hausdorff.py"}},"pygeodesy_heights_py":{"hash":"834d2a3bcb009448a2ced573607d72ba","index":{"nums":[1,293,34,14,0,0,0],"html_filename":"pygeodesy_heights_py.html","relative_filename":"pygeodesy/heights.py"}},"pygeodesy_latlonBase_py":{"hash":"b122393793fba0ec872aa230cde45527","index":{"nums":[1,188,20,7,0,0,0],"html_filename":"pygeodesy_latlonBase_py.html","relative_filename":"pygeodesy/latlonBase.py"}},"pygeodesy_lazily_py":{"hash":"160d11e2b90ce3a3365ba8baec9213dd","index":{"nums":[1,103,11,8,0,0,0],"html_filename":"pygeodesy_lazily_py.html","relative_filename":"pygeodesy/lazily.py"}},"pygeodesy_lcc_py":{"hash":"abc78a5205c306c4eb1e72b1631d9afc","index":{"nums":[1,218,7,12,0,0,0],"html_filename":"pygeodesy_lcc_py.html","relative_filename":"pygeodesy/lcc.py"}},"pygeodesy_mgrs_py":{"hash":"8600b5e98969c185de0c13b138c25f9e","index":{"nums":[1,115,5,7,0,0,0],"html_filename":"pygeodesy_mgrs_py.html","relative_filename":"pygeodesy/mgrs.py"}},"pygeodesy_named_py":{"hash":"d237f1bd814cb7e7187702acc7232b9f","index":{"nums":[1,406,47,20,0,0,0],"html_filename":"pygeodesy_named_py.html","relative_filename":"pygeodesy/named.py"}},"pygeodesy_nvector_py":{"hash":"3dffc014e408f96a6ad1b7328c4d2dfd","index":{"nums":[1,5,0,0,0,0,0],"html_filename":"pygeodesy_nvector_py.html","relative_filename":"pygeodesy/nvector.py"}},"pygeodesy_nvectorBase_py":{"hash":"64015bd1cb678c9dedbab66bea6b41df","index":{"nums":[1,133,16,12,0,0,0],"html_filename":"pygeodesy_nvectorBase_py.html","relative_filename":"pygeodesy/nvectorBase.py"}},"pygeodesy_osgr_py":{"hash":"7d3b5e2f8d4b18af64a7358c0c3be4c5","index":{"nums":[1,181,9,9,0,0,0],"html_filename":"pygeodesy_osgr_py.html","relative_filename":"pygeodesy/osgr.py"}},"pygeodesy_points_py":{"hash":"c46cf6a799519478e28f3742090b7ccb","index":{"nums":[1,483,37,46,0,0,0],"html_filename":"pygeodesy_points_py.html","relative_filename":"pygeodesy/points.py"}},"pygeodesy_simplify_py":{"hash":"c7db59b5e354f13459549f56a437c247","index":{"nums":[1,222,3,9,0,0,0],"html_filename":"pygeodesy_simplify_py.html","relative_filename":"pygeodesy/simplify.py"}},"pygeodesy_sphericalBase_py":{"hash":"f1532b7a5b3d5c936c1436bfcf5d38eb","index":{"nums":[1,103,3,6,0,0,0],"html_filename":"pygeodesy_sphericalBase_py.html","relative_filename":"pygeodesy/sphericalBase.py"}},"pygeodesy_sphericalNvector_py":{"hash":"c70a6f327666e083b97b9d96ae759309","index":{"nums":[1,300,7,10,0,0,0],"html_filename":"pygeodesy_sphericalNvector_py.html","relative_filename":"pygeodesy/sphericalNvector.py"}},"pygeodesy_sphericalTrigonometry_py":{"hash":"1aa2379df77875e7aa6e0c3f6210db52","index":{"nums":[1,264,23,9,0,0,0],"html_filename":"pygeodesy_sphericalTrigonometry_py.html","relative_filename":"pygeodesy/sphericalTrigonometry.py"}},"pygeodesy_streprs_py":{"hash":"037dbfc1395aa662d1ded211f8263bbc","index":{"nums":[1,77,4,3,0,0,0],"html_filename":"pygeodesy_streprs_py.html","relative_filename":"pygeodesy/streprs.py"}},"pygeodesy_trf_py":{"hash":"a9966e5080ac83fb95dc5c7340588ae4","index":{"nums":[1,83,16,6,0,0,0],"html_filename":"pygeodesy_trf_py.html","relative_filename":"pygeodesy/trf.py"}},"pygeodesy_ups_py":{"hash":"a6a367844a3b2f7ab620cc74cfd1b144","index":{"nums":[1,175,9,8,0,0,0],"html_filename":"pygeodesy_ups_py.html","relative_filename":"pygeodesy/ups.py"}},"pygeodesy_utily_py":{"hash":"101ef5a7870def29d4dc81b6583a4b5e","index":{"nums":[1,128,6,4,0,0,0],"html_filename":"pygeodesy_utily_py.html","relative_filename":"pygeodesy/utily.py"}},"pygeodesy_utm_py":{"hash":"7bc44e0b76ed3398b22c0f84ea92940d","index":{"nums":[1,256,15,8,0,0,0],"html_filename":"pygeodesy_utm_py.html","relative_filename":"pygeodesy/utm.py"}},"pygeodesy_utmups_py":{"hash":"a69184a106d9eaa423e90e41b3b02b03","index":{"nums":[1,100,4,4,0,0,0],"html_filename":"pygeodesy_utmups_py.html","relative_filename":"pygeodesy/utmups.py"}},"pygeodesy_utmupsBase_py":{"hash":"7773876a99dac4e621efd8fc8526409f","index":{"nums":[1,128,6,6,0,0,0],"html_filename":"pygeodesy_utmupsBase_py.html","relative_filename":"pygeodesy/utmupsBase.py"}},"pygeodesy_vector3d_py":{"hash":"b39f320555dff392613a4048f3e0c07a","index":{"nums":[1,204,19,10,0,0,0],"html_filename":"pygeodesy_vector3d_py.html","relative_filename":"pygeodesy/vector3d.py"}},"pygeodesy_webmercator_py":{"hash":"177451be94374090eae0ff87952c35e4","index":{"nums":[1,101,10,7,0,0,0],"html_filename":"pygeodesy_webmercator_py.html","relative_filename":"pygeodesy/webmercator.py"}},"pygeodesy_wgrs_py":{"hash":"ba83e539fcb86dfa3b53163b41aa03dd","index":{"nums":[1,208,12,13,0,0,0],"html_filename":"pygeodesy_wgrs_py.html","relative_filename":"pygeodesy/wgrs.py"}}}}