{"format":1,"version":"4.5.4","settings":"e6a48c7db243de340f4ed42c964197f3","files":{"pygeodesy___init___py":{"hash":"b9216849c5110fb99bca2cfaedaaac31","index":{"nums":[1,166,8,4,0,0,0],"html_filename":"pygeodesy___init___py.html","relative_filename":"pygeodesy/__init__.py"}},"pygeodesy_albers_py":{"hash":"43eceef03838580d18132e6d9e4f5734","index":{"nums":[1,371,18,11,0,0,0],"html_filename":"pygeodesy_albers_py.html","relative_filename":"pygeodesy/albers.py"}},"pygeodesy_azimuthal_py":{"hash":"5991c531f74587d617f8f3829ac923b6","index":{"nums":[1,307,57,3,0,0,0],"html_filename":"pygeodesy_azimuthal_py.html","relative_filename":"pygeodesy/azimuthal.py"}},"pygeodesy_basics_py":{"hash":"1b290cf17b9c0c797a8caa92d83a75ce","index":{"nums":[1,208,94,8,0,0,0],"html_filename":"pygeodesy_basics_py.html","relative_filename":"pygeodesy/basics.py"}},"pygeodesy_cartesianBase_py":{"hash":"b79990e60e832942dd4704fc8b9f5680","index":{"nums":[1,197,20,10,0,0,0],"html_filename":"pygeodesy_cartesianBase_py.html","relative_filename":"pygeodesy/cartesianBase.py"}},"pygeodesy_clipy_py":{"hash":"3f28e875ed45df947416c514da7d1c8e","index":{"nums":[1,286,18,12,0,0,0],"html_filename":"pygeodesy_clipy_py.html","relative_filename":"pygeodesy/clipy.py"}},"pygeodesy_css_py":{"hash":"6f167a39733797d8b1b83573f15032c3","index":{"nums":[1,234,11,6,0,0,0],"html_filename":"pygeodesy_css_py.html","relative_filename":"pygeodesy/css.py"}},"pygeodesy_datums_py":{"hash":"d061121bcdb0e47652ffe3fd1906ed9c","index":{"nums":[1,171,13,8,0,0,0],"html_filename":"pygeodesy_datums_py.html","relative_filename":"pygeodesy/datums.py"}},"pygeodesy_deprecated___init___py":{"hash":"8534c913ef0797286252e11f5b51a8e0","index":{"nums":[1,97,165,2,0,0,0],"html_filename":"pygeodesy_deprecated___init___py.html","relative_filename":"pygeodesy/deprecated/__init__.py"}},"pygeodesy_deprecated_bases_py":{"hash":"3df3c326b9b8654267583c52c5c81dc3","index":{"nums":[1,6,0,0,0,0,0],"html_filename":"pygeodesy_deprecated_bases_py.html","relative_filename":"pygeodesy/deprecated/bases.py"}},"pygeodesy_deprecated_datum_py":{"hash":"d5ce1cbc06fd89d8d304d6eea4617288","index":{"nums":[1,5,0,0,0,0,0],"html_filename":"pygeodesy_deprecated_datum_py.html","relative_filename":"pygeodesy/deprecated/datum.py"}},"pygeodesy_deprecated_nvector_py":{"hash":"45431b8f6bb5f67559f21ddb506de6aa","index":{"nums":[1,8,3,0,0,0,0],"html_filename":"pygeodesy_deprecated_nvector_py.html","relative_filename":"pygeodesy/deprecated/nvector.py"}},"pygeodesy_dms_py":{"hash":"d66b1a6a6b220b29d7c3f85e6d6341b7","index":{"nums":[1,279,33,12,0,0,0],"html_filename":"pygeodesy_dms_py.html","relative_filename":"pygeodesy/dms.py"}},"pygeodesy_ecef_py":{"hash":"ed53e3cea9f2b50fe258419e11d473d4","index":{"nums":[1,433,46,21,0,0,0],"html_filename":"pygeodesy_ecef_py.html","relative_filename":"pygeodesy/ecef.py"}},"pygeodesy_elevations_py":{"hash":"1b6d16dd55874b4622e4ae5314ef7b83","index":{"nums":[1,70,35,1,0,0,0],"html_filename":"pygeodesy_elevations_py.html","relative_filename":"pygeodesy/elevations.py"}},"pygeodesy_ellipsoidalBase_py":{"hash":"a225705fc3e396373efb2e66318a0c36","index":{"nums":[1,275,37,7,0,0,0],"html_filename":"pygeodesy_ellipsoidalBase_py.html","relative_filename":"pygeodesy/ellipsoidalBase.py"}},"pygeodesy_ellipsoidalBaseDI_py":{"hash":"8c4c89455eee2eb515a1129d55e63786","index":{"nums":[1,307,24,12,0,0,0],"html_filename":"pygeodesy_ellipsoidalBaseDI_py.html","relative_filename":"pygeodesy/ellipsoidalBaseDI.py"}},"pygeodesy_ellipsoidalExact_py":{"hash":"771ab35f76c3116741eefc2829d96ca4","index":{"nums":[1,40,1,0,0,0,0],"html_filename":"pygeodesy_ellipsoidalExact_py.html","relative_filename":"pygeodesy/ellipsoidalExact.py"}},"pygeodesy_ellipsoidalGeodSolve_py":{"hash":"82567671aef6818a6dbd6b18d808f4c2","index":{"nums":[1,40,1,0,0,0,0],"html_filename":"pygeodesy_ellipsoidalGeodSolve_py.html","relative_filename":"pygeodesy/ellipsoidalGeodSolve.py"}},"pygeodesy_ellipsoidalKarney_py":{"hash":"db0b26fa1d6803a8046cf2fec56417e9","index":{"nums":[1,42,4,0,0,0,0],"html_filename":"pygeodesy_ellipsoidalKarney_py.html","relative_filename":"pygeodesy/ellipsoidalKarney.py"}},"pygeodesy_ellipsoidalNvector_py":{"hash":"192302cc93ba14270760e89c7bb706a4","index":{"nums":[1,117,3,1,0,0,0],"html_filename":"pygeodesy_ellipsoidalNvector_py.html","relative_filename":"pygeodesy/ellipsoidalNvector.py"}},"pygeodesy_ellipsoidalVincenty_py":{"hash":"03e385965bbed07291fbf0e5a4c38910","index":{"nums":[1,151,13,2,0,0,0],"html_filename":"pygeodesy_ellipsoidalVincenty_py.html","relative_filename":"pygeodesy/ellipsoidalVincenty.py"}},"pygeodesy_ellipsoids_py":{"hash":"9f8f1f17f1f65df50b29aff4181a7f5d","index":{"nums":[1,686,69,15,0,0,0],"html_filename":"pygeodesy_ellipsoids_py.html","relative_filename":"pygeodesy/ellipsoids.py"}},"pygeodesy_elliptic_py":{"hash":"612c6694236e04a608ccd797fd4e18e0","index":{"nums":[1,414,60,1,0,0,0],"html_filename":"pygeodesy_elliptic_py.html","relative_filename":"pygeodesy/elliptic.py"}},"pygeodesy_epsg_py":{"hash":"a34ea6691ab481083356aef125e7c08e","index":{"nums":[1,101,7,2,0,0,0],"html_filename":"pygeodesy_epsg_py.html","relative_filename":"pygeodesy/epsg.py"}},"pygeodesy_errors_py":{"hash":"bd0f63cdac1964a163a6e548a22c0714","index":{"nums":[1,221,43,9,0,0,0],"html_filename":"pygeodesy_errors_py.html","relative_filename":"pygeodesy/errors.py"}},"pygeodesy_etm_py":{"hash":"f68c719c75a25ab445c00c78924b79c1","index":{"nums":[1,399,83,12,0,0,0],"html_filename":"pygeodesy_etm_py.html","relative_filename":"pygeodesy/etm.py"}},"pygeodesy_fmath_py":{"hash":"38069f06348af176ea2eb8ea9fba7917","index":{"nums":[1,225,67,10,0,0,0],"html_filename":"pygeodesy_fmath_py.html","relative_filename":"pygeodesy/fmath.py"}},"pygeodesy_formy_py":{"hash":"97c4e4018f79ea28f7a4253c401d5523","index":{"nums":[1,330,14,6,0,0,0],"html_filename":"pygeodesy_formy_py.html","relative_filename":"pygeodesy/formy.py"}},"pygeodesy_frechet_py":{"hash":"60500200720d975d16a4d3295905d23a","index":{"nums":[1,241,73,7,0,0,0],"html_filename":"pygeodesy_frechet_py.html","relative_filename":"pygeodesy/frechet.py"}},"pygeodesy_fstats_py":{"hash":"6b25211cfe507b3a25f0ed73013c7c35","index":{"nums":[1,302,24,4,0,0,0],"html_filename":"pygeodesy_fstats_py.html","relative_filename":"pygeodesy/fstats.py"}},"pygeodesy_fsums_py":{"hash":"fde16e6fc7228e6e820e92dd70f6c384","index":{"nums":[1,647,97,10,0,0,0],"html_filename":"pygeodesy_fsums_py.html","relative_filename":"pygeodesy/fsums.py"}},"pygeodesy_gars_py":{"hash":"afb991584a69969cea34a10572234564","index":{"nums":[1,146,11,4,0,0,0],"html_filename":"pygeodesy_gars_py.html","relative_filename":"pygeodesy/gars.py"}},"pygeodesy_geodesicx__C4_24_py":{"hash":"cc56a97ebfee3a439e13b08bd399b5b8","index":{"nums":[1,5,0,0,0,0,0],"html_filename":"pygeodesy_geodesicx__C4_24_py.html","relative_filename":"pygeodesy/geodesicx/_C4_24.py"}},"pygeodesy_geodesicx__C4_27_py":{"hash":"66c7a14f23ba641867576a0b20097a82","index":{"nums":[1,5,0,0,0,0,0],"html_filename":"pygeodesy_geodesicx__C4_27_py.html","relative_filename":"pygeodesy/geodesicx/_C4_27.py"}},"pygeodesy_geodesicx__C4_30_py":{"hash":"273c85fcdcc977efc4d2eb78858c22be","index":{"nums":[1,5,0,0,0,0,0],"html_filename":"pygeodesy_geodesicx__C4_30_py.html","relative_filename":"pygeodesy/geodesicx/_C4_30.py"}},"pygeodesy_geodesicx___init___py":{"hash":"34fecff07bb8d5c8b88eab6782762366","index":{"nums":[1,7,0,0,0,0,0],"html_filename":"pygeodesy_geodesicx___init___py.html","relative_filename":"pygeodesy/geodesicx/__init__.py"}},"pygeodesy_geodesicx_gx_py":{"hash":"0b435feda04115b97a3a7d4c7eb62c2a","index":{"nums":[1,495,30,20,0,0,0],"html_filename":"pygeodesy_geodesicx_gx_py.html","relative_filename":"pygeodesy/geodesicx/gx.py"}},"pygeodesy_geodesicx_gxarea_py":{"hash":"05b39e9c766e2f46fef55a24559d3c0c","index":{"nums":[1,220,29,9,0,0,0],"html_filename":"pygeodesy_geodesicx_gxarea_py.html","relative_filename":"pygeodesy/geodesicx/gxarea.py"}},"pygeodesy_geodesicx_gxbases_py":{"hash":"6b9799766e4fa14ce1af446bed2781c1","index":{"nums":[1,40,1,1,0,0,0],"html_filename":"pygeodesy_geodesicx_gxbases_py.html","relative_filename":"pygeodesy/geodesicx/gxbases.py"}},"pygeodesy_geodesicx_gxline_py":{"hash":"733be06bb87c4d5805d52e5d20bbcd88","index":{"nums":[1,228,26,4,0,0,0],"html_filename":"pygeodesy_geodesicx_gxline_py.html","relative_filename":"pygeodesy/geodesicx/gxline.py"}},"pygeodesy_geodsolve_py":{"hash":"3b42693d94f2ce7a5d7b543e3ae8340f","index":{"nums":[1,77,22,5,0,0,0],"html_filename":"pygeodesy_geodsolve_py.html","relative_filename":"pygeodesy/geodsolve.py"}},"pygeodesy_geohash_py":{"hash":"d1b75fc65ab28fc825c5a7121f20e942","index":{"nums":[1,283,20,11,0,0,0],"html_filename":"pygeodesy_geohash_py.html","relative_filename":"pygeodesy/geohash.py"}},"pygeodesy_geoids_py":{"hash":"62bb73cf5300c631c309dced9c7efe0e","index":{"nums":[1,663,104,28,0,0,0],"html_filename":"pygeodesy_geoids_py.html","relative_filename":"pygeodesy/geoids.py"}},"pygeodesy_hausdorff_py":{"hash":"3fe61cf1a7832057559054f2c1337965","index":{"nums":[1,267,61,10,0,0,0],"html_filename":"pygeodesy_hausdorff_py.html","relative_filename":"pygeodesy/hausdorff.py"}},"pygeodesy_heights_py":{"hash":"e36d5981c3cdb136aa5a86a27318fe1f","index":{"nums":[1,356,92,10,0,0,0],"html_filename":"pygeodesy_heights_py.html","relative_filename":"pygeodesy/heights.py"}},"pygeodesy_interns_py":{"hash":"b4d523b6e0e6e3e20e816f3554eb8adb","index":{"nums":[1,533,21,20,0,0,0],"html_filename":"pygeodesy_interns_py.html","relative_filename":"pygeodesy/interns.py"}},"pygeodesy_iters_py":{"hash":"1cf10885a8e1bb7de86a07b081e2508f","index":{"nums":[1,194,23,7,0,0,0],"html_filename":"pygeodesy_iters_py.html","relative_filename":"pygeodesy/iters.py"}},"pygeodesy_karney_py":{"hash":"b1fe7cad9be50d740d291ff4a5e2a8b0","index":{"nums":[1,357,54,16,0,0,0],"html_filename":"pygeodesy_karney_py.html","relative_filename":"pygeodesy/karney.py"}},"pygeodesy_ktm_py":{"hash":"2b5bf143f880f5e19fad9eb1c8248ee7","index":{"nums":[1,219,38,12,0,0,0],"html_filename":"pygeodesy_ktm_py.html","relative_filename":"pygeodesy/ktm.py"}},"pygeodesy_latlonBase_py":{"hash":"a519a42ef2165b93ccff32c31edb97f7","index":{"nums":[1,383,51,15,0,0,0],"html_filename":"pygeodesy_latlonBase_py.html","relative_filename":"pygeodesy/latlonBase.py"}},"pygeodesy_lazily_py":{"hash":"714810d95cbb7c8df40534d4fd9bc4af","index":{"nums":[1,147,72,4,0,0,0],"html_filename":"pygeodesy_lazily_py.html","relative_filename":"pygeodesy/lazily.py"}},"pygeodesy_lcc_py":{"hash":"fc7cec0990d8db35de792a47a800bb12","index":{"nums":[1,281,13,11,0,0,0],"html_filename":"pygeodesy_lcc_py.html","relative_filename":"pygeodesy/lcc.py"}},"pygeodesy_ltp_py":{"hash":"cd82d8e940815a4ad7b6125d1843c8e9","index":{"nums":[1,251,27,6,0,0,0],"html_filename":"pygeodesy_ltp_py.html","relative_filename":"pygeodesy/ltp.py"}},"pygeodesy_ltpTuples_py":{"hash":"b76b1bea902f35d2382214dfe71708ed","index":{"nums":[1,421,44,14,0,0,0],"html_filename":"pygeodesy_ltpTuples_py.html","relative_filename":"pygeodesy/ltpTuples.py"}},"pygeodesy_mgrs_py":{"hash":"126d370476c6a66e0451079080189fa5","index":{"nums":[1,191,8,5,0,0,0],"html_filename":"pygeodesy_mgrs_py.html","relative_filename":"pygeodesy/mgrs.py"}},"pygeodesy_named_py":{"hash":"59236616c1c9b9d23ee4eac845b46f9e","index":{"nums":[1,417,109,14,0,0,0],"html_filename":"pygeodesy_named_py.html","relative_filename":"pygeodesy/named.py"}},"pygeodesy_namedTuples_py":{"hash":"837faa398b38148863083c8f9fc79f7c","index":{"nums":[1,202,1,3,0,0,0],"html_filename":"pygeodesy_namedTuples_py.html","relative_filename":"pygeodesy/namedTuples.py"}},"pygeodesy_nvectorBase_py":{"hash":"ed1960a375a4a0008d1dac33924f6faa","index":{"nums":[1,234,21,8,0,0,0],"html_filename":"pygeodesy_nvectorBase_py.html","relative_filename":"pygeodesy/nvectorBase.py"}},"pygeodesy_osgr_py":{"hash":"f4f1f7a0e75ff72c8a69989696eaa8cb","index":{"nums":[1,204,12,8,0,0,0],"html_filename":"pygeodesy_osgr_py.html","relative_filename":"pygeodesy/osgr.py"}},"pygeodesy_points_py":{"hash":"fa8d554851336fe74040edbbd1cae488","index":{"nums":[1,554,95,23,0,0,0],"html_filename":"pygeodesy_points_py.html","relative_filename":"pygeodesy/points.py"}},"pygeodesy_props_py":{"hash":"461b1ff7b74982aee3a90695b4ad8bfd","index":{"nums":[1,174,54,2,0,0,0],"html_filename":"pygeodesy_props_py.html","relative_filename":"pygeodesy/props.py"}},"pygeodesy_resections_py":{"hash":"1cd0929933d6f307d2dd913a4ded0571","index":{"nums":[1,312,61,4,0,0,0],"html_filename":"pygeodesy_resections_py.html","relative_filename":"pygeodesy/resections.py"}},"pygeodesy_rhumbsolve_py":{"hash":"12a3826d0e14d0a120912fad92cdd52b","index":{"nums":[1,84,28,1,0,0,0],"html_filename":"pygeodesy_rhumbsolve_py.html","relative_filename":"pygeodesy/rhumbsolve.py"}},"pygeodesy_rhumbx_py":{"hash":"f36d693985900761b92840314e7d1a41","index":{"nums":[1,434,41,9,0,0,0],"html_filename":"pygeodesy_rhumbx_py.html","relative_filename":"pygeodesy/rhumbx.py"}},"pygeodesy_simplify_py":{"hash":"21ecc3161b1924234bfe6e196e6b7f88","index":{"nums":[1,225,4,4,0,0,0],"html_filename":"pygeodesy_simplify_py.html","relative_filename":"pygeodesy/simplify.py"}},"pygeodesy_solveBase_py":{"hash":"40455706e7c84253358cc1da662312aa","index":{"nums":[1,196,31,8,0,0,0],"html_filename":"pygeodesy_solveBase_py.html","relative_filename":"pygeodesy/solveBase.py"}},"pygeodesy_sphericalBase_py":{"hash":"ed88743815b496997d7c6334ac84f11d","index":{"nums":[1,159,7,8,0,0,0],"html_filename":"pygeodesy_sphericalBase_py.html","relative_filename":"pygeodesy/sphericalBase.py"}},"pygeodesy_sphericalNvector_py":{"hash":"afdc707480508c1bf9f355a32cfce454","index":{"nums":[1,247,17,8,0,0,0],"html_filename":"pygeodesy_sphericalNvector_py.html","relative_filename":"pygeodesy/sphericalNvector.py"}},"pygeodesy_sphericalTrigonometry_py":{"hash":"2cdc2c1f21d9894d01d5b725988e303d","index":{"nums":[1,358,56,11,0,0,0],"html_filename":"pygeodesy_sphericalTrigonometry_py.html","relative_filename":"pygeodesy/sphericalTrigonometry.py"}},"pygeodesy_streprs_py":{"hash":"6cee673a42d8c049efccb02cf40e37ee","index":{"nums":[1,211,18,7,0,0,0],"html_filename":"pygeodesy_streprs_py.html","relative_filename":"pygeodesy/streprs.py"}},"pygeodesy_trf_py":{"hash":"853371448c4824e6fc2fb213a4770c7a","index":{"nums":[1,175,25,6,0,0,0],"html_filename":"pygeodesy_trf_py.html","relative_filename":"pygeodesy/trf.py"}},"pygeodesy_units_py":{"hash":"ebc92f4a9481b801d97f23f31ec6ba30","index":{"nums":[1,365,30,17,0,0,0],"html_filename":"pygeodesy_units_py.html","relative_filename":"pygeodesy/units.py"}},"pygeodesy_ups_py":{"hash":"b018df0f1228fe647c0775aab0797930","index":{"nums":[1,172,9,7,0,0,0],"html_filename":"pygeodesy_ups_py.html","relative_filename":"pygeodesy/ups.py"}},"pygeodesy_utily_py":{"hash":"87978391f2845056ffaf1394f6b25585","index":{"nums":[1,226,14,6,0,0,0],"html_filename":"pygeodesy_utily_py.html","relative_filename":"pygeodesy/utily.py"}},"pygeodesy_utm_py":{"hash":"127766b1d54a552eaef1754b26d520df","index":{"nums":[1,286,18,8,0,0,0],"html_filename":"pygeodesy_utm_py.html","relative_filename":"pygeodesy/utm.py"}},"pygeodesy_utmups_py":{"hash":"00cd59a3303a5b0ed6600a4c030f6d4b","index":{"nums":[1,85,13,2,0,0,0],"html_filename":"pygeodesy_utmups_py.html","relative_filename":"pygeodesy/utmups.py"}},"pygeodesy_utmupsBase_py":{"hash":"ec24490ce9963499fa56b616601b54fc","index":{"nums":[1,204,21,9,0,0,0],"html_filename":"pygeodesy_utmupsBase_py.html","relative_filename":"pygeodesy/utmupsBase.py"}},"pygeodesy_vector2d_py":{"hash":"0656cf91fe1164dca4d6625055f90308","index":{"nums":[1,297,24,11,0,0,0],"html_filename":"pygeodesy_vector2d_py.html","relative_filename":"pygeodesy/vector2d.py"}},"pygeodesy_vector3d_py":{"hash":"b300566d0497144c4c2beb9aaf0353ef","index":{"nums":[1,235,42,4,0,0,0],"html_filename":"pygeodesy_vector3d_py.html","relative_filename":"pygeodesy/vector3d.py"}},"pygeodesy_vector3dBase_py":{"hash":"4e23c93493891af502ca30bf4c86b545","index":{"nums":[1,255,79,7,0,0,0],"html_filename":"pygeodesy_vector3dBase_py.html","relative_filename":"pygeodesy/vector3dBase.py"}},"pygeodesy_webmercator_py":{"hash":"54df416751b2ce5dd50f3b140f6a598f","index":{"nums":[1,119,12,2,0,0,0],"html_filename":"pygeodesy_webmercator_py.html","relative_filename":"pygeodesy/webmercator.py"}},"pygeodesy_wgrs_py":{"hash":"4aea3d17ebc1cab4343ec0002a5801ac","index":{"nums":[1,187,7,4,0,0,0],"html_filename":"pygeodesy_wgrs_py.html","relative_filename":"pygeodesy/wgrs.py"}}}}