{"format":1,"version":"4.5.4","settings":"379b8e88d1f50620088223d69b548b1d","files":{"pygeodesy___init___py":{"hash":"93618b92136fa74a20a6cac70f9f1c60","index":{"nums":[1,149,3,6,0,0,0],"html_filename":"pygeodesy___init___py.html","relative_filename":"pygeodesy/__init__.py"}},"pygeodesy_albers_py":{"hash":"91ffa2d8a6f74d4f08088bf61a48e04c","index":{"nums":[1,380,9,18,0,0,0],"html_filename":"pygeodesy_albers_py.html","relative_filename":"pygeodesy/albers.py"}},"pygeodesy_azimuthal_py":{"hash":"dfde5e2b7263038107ec1596719cafd8","index":{"nums":[1,332,33,16,0,0,0],"html_filename":"pygeodesy_azimuthal_py.html","relative_filename":"pygeodesy/azimuthal.py"}},"pygeodesy_basics_py":{"hash":"7960f5b5ffc32ca9ec2208d00e252c9f","index":{"nums":[1,164,29,5,0,0,0],"html_filename":"pygeodesy_basics_py.html","relative_filename":"pygeodesy/basics.py"}},"pygeodesy_cartesianBase_py":{"hash":"525f41d389431cb41d7f0fcee6030f6b","index":{"nums":[1,194,12,18,0,0,0],"html_filename":"pygeodesy_cartesianBase_py.html","relative_filename":"pygeodesy/cartesianBase.py"}},"pygeodesy_clipy_py":{"hash":"1a92e2287a8073e26dec5af64ff6f899","index":{"nums":[1,297,16,13,0,0,0],"html_filename":"pygeodesy_clipy_py.html","relative_filename":"pygeodesy/clipy.py"}},"pygeodesy_css_py":{"hash":"ad0d2e35f95db821742599d8f2ffc0cf","index":{"nums":[1,197,3,6,0,0,0],"html_filename":"pygeodesy_css_py.html","relative_filename":"pygeodesy/css.py"}},"pygeodesy_datums_py":{"hash":"391d34115ea0f62dd3c16edf5c3e7d96","index":{"nums":[1,164,14,5,0,0,0],"html_filename":"pygeodesy_datums_py.html","relative_filename":"pygeodesy/datums.py"}},"pygeodesy_deprecated___init___py":{"hash":"f959507aa94e4f1aa8e635ca20d5d708","index":{"nums":[1,63,172,1,0,0,0],"html_filename":"pygeodesy_deprecated___init___py.html","relative_filename":"pygeodesy/deprecated/__init__.py"}},"pygeodesy_deprecated_bases_py":{"hash":"fa163eff8db14057476b202a8c904157","index":{"nums":[1,6,0,0,0,0,0],"html_filename":"pygeodesy_deprecated_bases_py.html","relative_filename":"pygeodesy/deprecated/bases.py"}},"pygeodesy_deprecated_datum_py":{"hash":"49104cee81306465f3157ec133ce28e5","index":{"nums":[1,5,0,0,0,0,0],"html_filename":"pygeodesy_deprecated_datum_py.html","relative_filename":"pygeodesy/deprecated/datum.py"}},"pygeodesy_deprecated_nvector_py":{"hash":"b5c304eda68d43bf9442be31b026e535","index":{"nums":[1,8,3,0,0,0,0],"html_filename":"pygeodesy_deprecated_nvector_py.html","relative_filename":"pygeodesy/deprecated/nvector.py"}},"pygeodesy_dms_py":{"hash":"7a0221bb4b8e81c556c7f06e6bdb60eb","index":{"nums":[1,264,7,7,0,0,0],"html_filename":"pygeodesy_dms_py.html","relative_filename":"pygeodesy/dms.py"}},"pygeodesy_ecef_py":{"hash":"a43433821bd102c30f98a97eef8f677f","index":{"nums":[1,438,28,36,0,0,0],"html_filename":"pygeodesy_ecef_py.html","relative_filename":"pygeodesy/ecef.py"}},"pygeodesy_elevations_py":{"hash":"b20663bfab61b315feee0e7f7c095a84","index":{"nums":[1,80,22,4,0,0,0],"html_filename":"pygeodesy_elevations_py.html","relative_filename":"pygeodesy/elevations.py"}},"pygeodesy_ellipsoidalBase_py":{"hash":"f02a205c7213d87582f1e997e58bd49c","index":{"nums":[1,292,25,14,0,0,0],"html_filename":"pygeodesy_ellipsoidalBase_py.html","relative_filename":"pygeodesy/ellipsoidalBase.py"}},"pygeodesy_ellipsoidalBaseDI_py":{"hash":"c55d4625f94726b1ac77f10a2efb024c","index":{"nums":[1,193,23,6,0,0,0],"html_filename":"pygeodesy_ellipsoidalBaseDI_py.html","relative_filename":"pygeodesy/ellipsoidalBaseDI.py"}},"pygeodesy_ellipsoidalExact_py":{"hash":"3b2ae0b57b6829aac33d9b083ff7ca86","index":{"nums":[1,42,1,0,0,0,0],"html_filename":"pygeodesy_ellipsoidalExact_py.html","relative_filename":"pygeodesy/ellipsoidalExact.py"}},"pygeodesy_ellipsoidalGeodSolve_py":{"hash":"31e490e0598ec94b1f1e444640b5f39d","index":{"nums":[1,42,1,0,0,0,0],"html_filename":"pygeodesy_ellipsoidalGeodSolve_py.html","relative_filename":"pygeodesy/ellipsoidalGeodSolve.py"}},"pygeodesy_ellipsoidalKarney_py":{"hash":"087dc7e91f2f49c14678a8e3a0bc7d43","index":{"nums":[1,43,4,0,0,0,0],"html_filename":"pygeodesy_ellipsoidalKarney_py.html","relative_filename":"pygeodesy/ellipsoidalKarney.py"}},"pygeodesy_ellipsoidalNvector_py":{"hash":"f62221ece4d8e18a8bbaa723566ec5bc","index":{"nums":[1,129,3,2,0,0,0],"html_filename":"pygeodesy_ellipsoidalNvector_py.html","relative_filename":"pygeodesy/ellipsoidalNvector.py"}},"pygeodesy_ellipsoidalVincenty_py":{"hash":"fea10a28c8153913083f32831d2f4fc2","index":{"nums":[1,152,15,2,0,0,0],"html_filename":"pygeodesy_ellipsoidalVincenty_py.html","relative_filename":"pygeodesy/ellipsoidalVincenty.py"}},"pygeodesy_ellipsoids_py":{"hash":"fc063d4cb26a7fb89a8e38662abbe494","index":{"nums":[1,691,44,43,0,0,0],"html_filename":"pygeodesy_ellipsoids_py.html","relative_filename":"pygeodesy/ellipsoids.py"}},"pygeodesy_elliptic_py":{"hash":"c44f31f38f5be3530ad4ac2ae149e22d","index":{"nums":[1,362,25,10,0,0,0],"html_filename":"pygeodesy_elliptic_py.html","relative_filename":"pygeodesy/elliptic.py"}},"pygeodesy_epsg_py":{"hash":"afbda2351eb10072f5e16dec4775913d","index":{"nums":[1,103,5,4,0,0,0],"html_filename":"pygeodesy_epsg_py.html","relative_filename":"pygeodesy/epsg.py"}},"pygeodesy_errors_py":{"hash":"ff6a80e6ce27f29ab13bed0e9471c4d7","index":{"nums":[1,235,18,10,0,0,0],"html_filename":"pygeodesy_errors_py.html","relative_filename":"pygeodesy/errors.py"}},"pygeodesy_etm_py":{"hash":"7dcf59e9f26742054038d74d08030564","index":{"nums":[1,364,8,23,0,0,0],"html_filename":"pygeodesy_etm_py.html","relative_filename":"pygeodesy/etm.py"}},"pygeodesy_fmath_py":{"hash":"e319278026310f6fac5c514babaca38e","index":{"nums":[1,349,50,20,0,0,0],"html_filename":"pygeodesy_fmath_py.html","relative_filename":"pygeodesy/fmath.py"}},"pygeodesy_formy_py":{"hash":"2a790938c86a0e3cbc5c3c3e4aacd50d","index":{"nums":[1,322,9,10,0,0,0],"html_filename":"pygeodesy_formy_py.html","relative_filename":"pygeodesy/formy.py"}},"pygeodesy_frechet_py":{"hash":"263c4a92eabf8256093f37f8a9f6cab8","index":{"nums":[1,261,50,8,0,0,0],"html_filename":"pygeodesy_frechet_py.html","relative_filename":"pygeodesy/frechet.py"}},"pygeodesy_gars_py":{"hash":"d53894ce7b9f51d183a5c754d0f401c0","index":{"nums":[1,150,8,7,0,0,0],"html_filename":"pygeodesy_gars_py.html","relative_filename":"pygeodesy/gars.py"}},"pygeodesy_geodesicx__C4_24_py":{"hash":"f2d7fb1008efb7594b4b459c2bea295f","index":{"nums":[1,5,0,0,0,0,0],"html_filename":"pygeodesy_geodesicx__C4_24_py.html","relative_filename":"pygeodesy/geodesicx/_C4_24.py"}},"pygeodesy_geodesicx__C4_27_py":{"hash":"1a49b6d54bcf5a12779f21f03bc8e4f6","index":{"nums":[1,5,0,0,0,0,0],"html_filename":"pygeodesy_geodesicx__C4_27_py.html","relative_filename":"pygeodesy/geodesicx/_C4_27.py"}},"pygeodesy_geodesicx__C4_30_py":{"hash":"1e879619f2c53a3c34ce05f8efe1f962","index":{"nums":[1,5,0,0,0,0,0],"html_filename":"pygeodesy_geodesicx__C4_30_py.html","relative_filename":"pygeodesy/geodesicx/_C4_30.py"}},"pygeodesy_geodesicx___init___py":{"hash":"fc66ccb05054b9d7d4275b21b28d8526","index":{"nums":[1,7,0,0,0,0,0],"html_filename":"pygeodesy_geodesicx___init___py.html","relative_filename":"pygeodesy/geodesicx/__init__.py"}},"pygeodesy_geodesicx_gx_py":{"hash":"3457befef719b87cff341c3075f868af","index":{"nums":[1,506,11,36,0,0,0],"html_filename":"pygeodesy_geodesicx_gx_py.html","relative_filename":"pygeodesy/geodesicx/gx.py"}},"pygeodesy_geodesicx_gxarea_py":{"hash":"ea67536e3e34a2010c419d89180eec3d","index":{"nums":[1,229,23,22,0,0,0],"html_filename":"pygeodesy_geodesicx_gxarea_py.html","relative_filename":"pygeodesy/geodesicx/gxarea.py"}},"pygeodesy_geodesicx_gxbases_py":{"hash":"db7139cfd412ea396405a06ed703880e","index":{"nums":[1,93,1,3,0,0,0],"html_filename":"pygeodesy_geodesicx_gxbases_py.html","relative_filename":"pygeodesy/geodesicx/gxbases.py"}},"pygeodesy_geodesicx_gxline_py":{"hash":"c611757c368d1cb59f95120c15722517","index":{"nums":[1,225,29,8,0,0,0],"html_filename":"pygeodesy_geodesicx_gxline_py.html","relative_filename":"pygeodesy/geodesicx/gxline.py"}},"pygeodesy_geodsolve_py":{"hash":"bb4e5afc88a9d41e869baac8aa3a83ab","index":{"nums":[1,253,40,20,0,0,0],"html_filename":"pygeodesy_geodsolve_py.html","relative_filename":"pygeodesy/geodsolve.py"}},"pygeodesy_geohash_py":{"hash":"9c3c78506ef73025c68bdee7dc0d246e","index":{"nums":[1,286,17,14,0,0,0],"html_filename":"pygeodesy_geohash_py.html","relative_filename":"pygeodesy/geohash.py"}},"pygeodesy_geoids_py":{"hash":"8d1b6bf2cddcd30f9291f63438e4f548","index":{"nums":[1,683,89,35,0,0,0],"html_filename":"pygeodesy_geoids_py.html","relative_filename":"pygeodesy/geoids.py"}},"pygeodesy_hausdorff_py":{"hash":"0bc93edbbfeb14d14a55b66e0c5b67f1","index":{"nums":[1,267,59,11,0,0,0],"html_filename":"pygeodesy_hausdorff_py.html","relative_filename":"pygeodesy/hausdorff.py"}},"pygeodesy_heights_py":{"hash":"1fa38e8e8443f4d4cd76c7c8596106c9","index":{"nums":[1,369,73,18,0,0,0],"html_filename":"pygeodesy_heights_py.html","relative_filename":"pygeodesy/heights.py"}},"pygeodesy_interns_py":{"hash":"f9c8f562496af11c21319332ed3a4dbd","index":{"nums":[1,406,7,8,0,0,0],"html_filename":"pygeodesy_interns_py.html","relative_filename":"pygeodesy/interns.py"}},"pygeodesy_iters_py":{"hash":"eddd72982eb54b0608e82acbbfd4eba2","index":{"nums":[1,202,13,13,0,0,0],"html_filename":"pygeodesy_iters_py.html","relative_filename":"pygeodesy/iters.py"}},"pygeodesy_karney_py":{"hash":"d9566056ab3f91cd96957ffbad68d9af","index":{"nums":[1,243,2,15,0,0,0],"html_filename":"pygeodesy_karney_py.html","relative_filename":"pygeodesy/karney.py"}},"pygeodesy_latlonBase_py":{"hash":"a3602bb538a8bf33954a5eb0942a9f6e","index":{"nums":[1,352,39,27,0,0,0],"html_filename":"pygeodesy_latlonBase_py.html","relative_filename":"pygeodesy/latlonBase.py"}},"pygeodesy_lazily_py":{"hash":"feabd5a5d64a27aadd7068a214895d20","index":{"nums":[1,129,28,9,0,0,0],"html_filename":"pygeodesy_lazily_py.html","relative_filename":"pygeodesy/lazily.py"}},"pygeodesy_lcc_py":{"hash":"193503735fe5595ec20235c7d52075db","index":{"nums":[1,273,13,11,0,0,0],"html_filename":"pygeodesy_lcc_py.html","relative_filename":"pygeodesy/lcc.py"}},"pygeodesy_ltp_py":{"hash":"69d8cdcaa479f8f9f0a7d8d4fd5a8053","index":{"nums":[1,171,12,11,0,0,0],"html_filename":"pygeodesy_ltp_py.html","relative_filename":"pygeodesy/ltp.py"}},"pygeodesy_ltpTuples_py":{"hash":"4ef03a973710fa6f2970b7124ca10da0","index":{"nums":[1,452,4,28,0,0,0],"html_filename":"pygeodesy_ltpTuples_py.html","relative_filename":"pygeodesy/ltpTuples.py"}},"pygeodesy_mgrs_py":{"hash":"44151beb36ae3563e1c11c5005cc643b","index":{"nums":[1,193,6,7,0,0,0],"html_filename":"pygeodesy_mgrs_py.html","relative_filename":"pygeodesy/mgrs.py"}},"pygeodesy_named_py":{"hash":"926bb22479c452965d0ce5806084dff0","index":{"nums":[1,422,69,25,0,0,0],"html_filename":"pygeodesy_named_py.html","relative_filename":"pygeodesy/named.py"}},"pygeodesy_namedTuples_py":{"hash":"c66317e5ad466827cd778a40446bf94e","index":{"nums":[1,162,0,3,0,0,0],"html_filename":"pygeodesy_namedTuples_py.html","relative_filename":"pygeodesy/namedTuples.py"}},"pygeodesy_nvectorBase_py":{"hash":"7277f4f268e4d83e1349aa79593c6c41","index":{"nums":[1,234,21,8,0,0,0],"html_filename":"pygeodesy_nvectorBase_py.html","relative_filename":"pygeodesy/nvectorBase.py"}},"pygeodesy_osgr_py":{"hash":"a5f778ce20ea307eea910db2e6743ace","index":{"nums":[1,208,8,12,0,0,0],"html_filename":"pygeodesy_osgr_py.html","relative_filename":"pygeodesy/osgr.py"}},"pygeodesy_points_py":{"hash":"f3ad1338b2f6e062798ccb431f724a62","index":{"nums":[1,554,50,30,0,0,0],"html_filename":"pygeodesy_points_py.html","relative_filename":"pygeodesy/points.py"}},"pygeodesy_props_py":{"hash":"5361515ae9534d01b5f794a47bc5ebcf","index":{"nums":[1,152,32,2,0,0,0],"html_filename":"pygeodesy_props_py.html","relative_filename":"pygeodesy/props.py"}},"pygeodesy_simplify_py":{"hash":"bab56bfebfdbe9147016dde5b1c88f20","index":{"nums":[1,226,3,4,0,0,0],"html_filename":"pygeodesy_simplify_py.html","relative_filename":"pygeodesy/simplify.py"}},"pygeodesy_sphericalBase_py":{"hash":"44c1194752013e0d70f56e0affa2608e","index":{"nums":[1,142,6,6,0,0,0],"html_filename":"pygeodesy_sphericalBase_py.html","relative_filename":"pygeodesy/sphericalBase.py"}},"pygeodesy_sphericalNvector_py":{"hash":"77825feb1449fda86ee242fae1a0efe6","index":{"nums":[1,247,17,5,0,0,0],"html_filename":"pygeodesy_sphericalNvector_py.html","relative_filename":"pygeodesy/sphericalNvector.py"}},"pygeodesy_sphericalTrigonometry_py":{"hash":"81d256a59328a980e95887bd1fb97765","index":{"nums":[1,376,37,19,0,0,0],"html_filename":"pygeodesy_sphericalTrigonometry_py.html","relative_filename":"pygeodesy/sphericalTrigonometry.py"}},"pygeodesy_streprs_py":{"hash":"31191cdfbadd296e07f9bd07837784dc","index":{"nums":[1,206,10,10,0,0,0],"html_filename":"pygeodesy_streprs_py.html","relative_filename":"pygeodesy/streprs.py"}},"pygeodesy_trf_py":{"hash":"8bfeda5a13fb7ca9a48212215b5fbe35","index":{"nums":[1,171,20,6,0,0,0],"html_filename":"pygeodesy_trf_py.html","relative_filename":"pygeodesy/trf.py"}},"pygeodesy_units_py":{"hash":"b3a7137a28299d045b02fa88762eeaac","index":{"nums":[1,368,17,21,0,0,0],"html_filename":"pygeodesy_units_py.html","relative_filename":"pygeodesy/units.py"}},"pygeodesy_ups_py":{"hash":"b139f3e15726079158d99a361781d553","index":{"nums":[1,176,8,7,0,0,0],"html_filename":"pygeodesy_ups_py.html","relative_filename":"pygeodesy/ups.py"}},"pygeodesy_utily_py":{"hash":"268fc77cfed33b96d70c1f9783d293a9","index":{"nums":[1,164,1,2,0,0,0],"html_filename":"pygeodesy_utily_py.html","relative_filename":"pygeodesy/utily.py"}},"pygeodesy_utm_py":{"hash":"220960915921c36dd57299f0468ceaca","index":{"nums":[1,284,17,6,0,0,0],"html_filename":"pygeodesy_utm_py.html","relative_filename":"pygeodesy/utm.py"}},"pygeodesy_utmups_py":{"hash":"a707fca49a551d2cdbc6c19aa0003a93","index":{"nums":[1,99,4,5,0,0,0],"html_filename":"pygeodesy_utmups_py.html","relative_filename":"pygeodesy/utmups.py"}},"pygeodesy_utmupsBase_py":{"hash":"89de8ff8cd0be0b06963d231e65cfe7d","index":{"nums":[1,186,12,11,0,0,0],"html_filename":"pygeodesy_utmupsBase_py.html","relative_filename":"pygeodesy/utmupsBase.py"}},"pygeodesy_vector3d_py":{"hash":"ac7879baf6b6eafee06238f9a3c8d843","index":{"nums":[1,406,32,31,0,0,0],"html_filename":"pygeodesy_vector3d_py.html","relative_filename":"pygeodesy/vector3d.py"}},"pygeodesy_vector3dBase_py":{"hash":"062b807f8d04e1a0e1b97d827759bdca","index":{"nums":[1,220,19,18,0,0,0],"html_filename":"pygeodesy_vector3dBase_py.html","relative_filename":"pygeodesy/vector3dBase.py"}},"pygeodesy_webmercator_py":{"hash":"f59c2245efd0daf2e4a3a6e0ae12ddae","index":{"nums":[1,119,10,0,0,0,0],"html_filename":"pygeodesy_webmercator_py.html","relative_filename":"pygeodesy/webmercator.py"}},"pygeodesy_wgrs_py":{"hash":"5183c999d0bd78806f1cc9d003c52ec3","index":{"nums":[1,192,5,7,0,0,0],"html_filename":"pygeodesy_wgrs_py.html","relative_filename":"pygeodesy/wgrs.py"}}}}