{"note":"This file is an internal implementation detail to speed up HTML report generation. Its format can change at any time. You might be looking for the JSON report: https://coverage.rtfd.io/cmd.html#cmd-json","format":5,"version":"7.6.1","globals":"983cd293f93e4733e6616ecdfabf1dbd","files":{"z_4569faf12939b165___init___py":{"hash":"af66c9a26008893812962e684e41777c","index":{"url":"z_4569faf12939b165___init___py.html","file":"pygeodesy/__init__.py","description":"","nums":{"precision":0,"n_files":1,"n_statements":185,"n_excluded":8,"n_missing":4,"n_branches":0,"n_partial_branches":0,"n_missing_branches":0}}},"z_4569faf12939b165_albers_py":{"hash":"d7dd6d36b50b1e084fcea15c98b9f0df","index":{"url":"z_4569faf12939b165_albers_py.html","file":"pygeodesy/albers.py","description":"","nums":{"precision":0,"n_files":1,"n_statements":413,"n_excluded":30,"n_missing":13,"n_branches":0,"n_partial_branches":0,"n_missing_branches":0}}},"z_5087a5e01bbcffc5__CX_4_py":{"hash":"763ecd9f0ef6db40d527b8d98f66deae","index":{"url":"z_5087a5e01bbcffc5__CX_4_py.html","file":"pygeodesy/auxilats/_CX_4.py","description":"","nums":{"precision":0,"n_files":1,"n_statements":6,"n_excluded":0,"n_missing":0,"n_branches":0,"n_partial_branches":0,"n_missing_branches":0}}},"z_5087a5e01bbcffc5__CX_6_py":{"hash":"4281eb944478f8a4d8f7bf0de8ea2674","index":{"url":"z_5087a5e01bbcffc5__CX_6_py.html","file":"pygeodesy/auxilats/_CX_6.py","description":"","nums":{"precision":0,"n_files":1,"n_statements":6,"n_excluded":0,"n_missing":0,"n_branches":0,"n_partial_branches":0,"n_missing_branches":0}}},"z_5087a5e01bbcffc5__CX_8_py":{"hash":"281ed02c18ba8d652f6ce824ff0f95d8","index":{"url":"z_5087a5e01bbcffc5__CX_8_py.html","file":"pygeodesy/auxilats/_CX_8.py","description":"","nums":{"precision":0,"n_files":1,"n_statements":6,"n_excluded":0,"n_missing":0,"n_branches":0,"n_partial_branches":0,"n_missing_branches":0}}},"z_5087a5e01bbcffc5__CX_Rs_py":{"hash":"30002aa29feabd7c460d44084c3390c9","index":{"url":"z_5087a5e01bbcffc5__CX_Rs_py.html","file":"pygeodesy/auxilats/_CX_Rs.py","description":"","nums":{"precision":0,"n_files":1,"n_statements":76,"n_excluded":54,"n_missing":1,"n_branches":0,"n_partial_branches":0,"n_missing_branches":0}}},"z_5087a5e01bbcffc5___init___py":{"hash":"2eff2c8caa6c5d9ee23b46f1a3121e2c","index":{"url":"z_5087a5e01bbcffc5___init___py.html","file":"pygeodesy/auxilats/__init__.py","description":"","nums":{"precision":0,"n_files":1,"n_statements":8,"n_excluded":0,"n_missing":0,"n_branches":0,"n_partial_branches":0,"n_missing_branches":0}}},"z_5087a5e01bbcffc5_auxAngle_py":{"hash":"3baf3e6e66a6825fc0b01f566fd6eb31","index":{"url":"z_5087a5e01bbcffc5_auxAngle_py.html","file":"pygeodesy/auxilats/auxAngle.py","description":"","nums":{"precision":0,"n_files":1,"n_statements":225,"n_excluded":33,"n_missing":9,"n_branches":0,"n_partial_branches":0,"n_missing_branches":0}}},"z_5087a5e01bbcffc5_auxDLat_py":{"hash":"5716f2baf16a2900636da57b554aa268","index":{"url":"z_5087a5e01bbcffc5_auxDLat_py.html","file":"pygeodesy/auxilats/auxDLat.py","description":"","nums":{"precision":0,"n_files":1,"n_statements":149,"n_excluded":10,"n_missing":8,"n_branches":0,"n_partial_branches":0,"n_missing_branches":0}}},"z_5087a5e01bbcffc5_auxDST_py":{"hash":"8cb3bcb845cab4849b33be8962a580fa","index":{"url":"z_5087a5e01bbcffc5_auxDST_py.html","file":"pygeodesy/auxilats/auxDST.py","description":"","nums":{"precision":0,"n_files":1,"n_statements":98,"n_excluded":35,"n_missing":3,"n_branches":0,"n_partial_branches":0,"n_missing_branches":0}}},"z_5087a5e01bbcffc5_auxLat_py":{"hash":"b1c26df7bfe00654d4ef4093b311c1cc","index":{"url":"z_5087a5e01bbcffc5_auxLat_py.html","file":"pygeodesy/auxilats/auxLat.py","description":"","nums":{"precision":0,"n_files":1,"n_statements":437,"n_excluded":47,"n_missing":31,"n_branches":0,"n_partial_branches":0,"n_missing_branches":0}}},"z_5087a5e01bbcffc5_auxily_py":{"hash":"763aa9193d2e16d89b7d1b046de44610","index":{"url":"z_5087a5e01bbcffc5_auxily_py.html","file":"pygeodesy/auxilats/auxily.py","description":"","nums":{"precision":0,"n_files":1,"n_statements":105,"n_excluded":37,"n_missing":6,"n_branches":0,"n_partial_branches":0,"n_missing_branches":0}}},"z_4569faf12939b165_azimuthal_py":{"hash":"51c38e9a914e5cc2962c177eaa18221a","index":{"url":"z_4569faf12939b165_azimuthal_py.html","file":"pygeodesy/azimuthal.py","description":"","nums":{"precision":0,"n_files":1,"n_statements":318,"n_excluded":55,"n_missing":5,"n_branches":0,"n_partial_branches":0,"n_missing_branches":0}}},"z_4569faf12939b165_basics_py":{"hash":"29a5b469c1eb6e3cf88f694ae4f7783d","index":{"url":"z_4569faf12939b165_basics_py.html","file":"pygeodesy/basics.py","description":"","nums":{"precision":0,"n_files":1,"n_statements":241,"n_excluded":140,"n_missing":12,"n_branches":0,"n_partial_branches":0,"n_missing_branches":0}}},"z_4569faf12939b165_booleans_py":{"hash":"719ee611dbe0c54b41f7316e934dec0a","index":{"url":"z_4569faf12939b165_booleans_py.html","file":"pygeodesy/booleans.py","description":"","nums":{"precision":0,"n_files":1,"n_statements":966,"n_excluded":145,"n_missing":51,"n_branches":0,"n_partial_branches":0,"n_missing_branches":0}}},"z_4569faf12939b165_cartesianBase_py":{"hash":"ae293d8753fc99fdab49e669adc808c7","index":{"url":"z_4569faf12939b165_cartesianBase_py.html","file":"pygeodesy/cartesianBase.py","description":"","nums":{"precision":0,"n_files":1,"n_statements":327,"n_excluded":40,"n_missing":28,"n_branches":0,"n_partial_branches":0,"n_missing_branches":0}}},"z_4569faf12939b165_clipy_py":{"hash":"58cb5d6e36acd0a944eb15bab41f638b","index":{"url":"z_4569faf12939b165_clipy_py.html","file":"pygeodesy/clipy.py","description":"","nums":{"precision":0,"n_files":1,"n_statements":315,"n_excluded":18,"n_missing":14,"n_branches":0,"n_partial_branches":0,"n_missing_branches":0}}},"z_4569faf12939b165_constants_py":{"hash":"41557e37193939f4c2d1063d98272d36","index":{"url":"z_4569faf12939b165_constants_py.html","file":"pygeodesy/constants.py","description":"","nums":{"precision":0,"n_files":1,"n_statements":196,"n_excluded":80,"n_missing":3,"n_branches":0,"n_partial_branches":0,"n_missing_branches":0}}},"z_4569faf12939b165_css_py":{"hash":"5b3045952de8e3a8484bf7aa9950c71d","index":{"url":"z_4569faf12939b165_css_py.html","file":"pygeodesy/css.py","description":"","nums":{"precision":0,"n_files":1,"n_statements":234,"n_excluded":12,"n_missing":6,"n_branches":0,"n_partial_branches":0,"n_missing_branches":0}}},"z_4569faf12939b165_datums_py":{"hash":"c8f60610c6198f0545ec2c4aaaadddbd","index":{"url":"z_4569faf12939b165_datums_py.html","file":"pygeodesy/datums.py","description":"","nums":{"precision":0,"n_files":1,"n_statements":251,"n_excluded":11,"n_missing":13,"n_branches":0,"n_partial_branches":0,"n_missing_branches":0}}},"z_81bb61ef01d6cb97___init___py":{"hash":"0b0ca5be5788d512fcc05f1802eef28f","index":{"url":"z_81bb61ef01d6cb97___init___py.html","file":"pygeodesy/deprecated/__init__.py","description":"","nums":{"precision":0,"n_files":1,"n_statements":13,"n_excluded":0,"n_missing":0,"n_branches":0,"n_partial_branches":0,"n_missing_branches":0}}},"z_81bb61ef01d6cb97_bases_py":{"hash":"bb31d151eb672206b09630d28f593737","index":{"url":"z_81bb61ef01d6cb97_bases_py.html","file":"pygeodesy/deprecated/bases.py","description":"","nums":{"precision":0,"n_files":1,"n_statements":5,"n_excluded":3,"n_missing":0,"n_branches":0,"n_partial_branches":0,"n_missing_branches":0}}},"z_81bb61ef01d6cb97_classes_py":{"hash":"adceef795e5fa6af233ac657affda962","index":{"url":"z_81bb61ef01d6cb97_classes_py.html","file":"pygeodesy/deprecated/classes.py","description":"","nums":{"precision":0,"n_files":1,"n_statements":62,"n_excluded":108,"n_missing":0,"n_branches":0,"n_partial_branches":0,"n_missing_branches":0}}},"z_81bb61ef01d6cb97_consterns_py":{"hash":"15d12de4c9357639449c83c0fd9106ec","index":{"url":"z_81bb61ef01d6cb97_consterns_py.html","file":"pygeodesy/deprecated/consterns.py","description":"","nums":{"precision":0,"n_files":1,"n_statements":14,"n_excluded":0,"n_missing":0,"n_branches":0,"n_partial_branches":0,"n_missing_branches":0}}},"z_81bb61ef01d6cb97_datum_py":{"hash":"41a88ac293c0843c722b05929fa5215b","index":{"url":"z_81bb61ef01d6cb97_datum_py.html","file":"pygeodesy/deprecated/datum.py","description":"","nums":{"precision":0,"n_files":1,"n_statements":7,"n_excluded":0,"n_missing":0,"n_branches":0,"n_partial_branches":0,"n_missing_branches":0}}},"z_81bb61ef01d6cb97_functions_py":{"hash":"d50da26c710423e434c39570b16984fe","index":{"url":"z_81bb61ef01d6cb97_functions_py.html","file":"pygeodesy/deprecated/functions.py","description":"","nums":{"precision":0,"n_files":1,"n_statements":24,"n_excluded":229,"n_missing":0,"n_branches":0,"n_partial_branches":0,"n_missing_branches":0}}},"z_81bb61ef01d6cb97_nvector_py":{"hash":"e21ef5401b1ef843225f069c033ef19a","index":{"url":"z_81bb61ef01d6cb97_nvector_py.html","file":"pygeodesy/deprecated/nvector.py","description":"","nums":{"precision":0,"n_files":1,"n_statements":6,"n_excluded":6,"n_missing":0,"n_branches":0,"n_partial_branches":0,"n_missing_branches":0}}},"z_81bb61ef01d6cb97_rhumbBase_py":{"hash":"9a531ef9a7bafa8051743fb706f93825","index":{"url":"z_81bb61ef01d6cb97_rhumbBase_py.html","file":"pygeodesy/deprecated/rhumbBase.py","description":"","nums":{"precision":0,"n_files":1,"n_statements":3,"n_excluded":0,"n_missing":0,"n_branches":0,"n_partial_branches":0,"n_missing_branches":0}}},"z_81bb61ef01d6cb97_rhumbaux_py":{"hash":"6b5ea00efacb8b67c2de8d2eeb08b2e4","index":{"url":"z_81bb61ef01d6cb97_rhumbaux_py.html","file":"pygeodesy/deprecated/rhumbaux.py","description":"","nums":{"precision":0,"n_files":1,"n_statements":4,"n_excluded":0,"n_missing":0,"n_branches":0,"n_partial_branches":0,"n_missing_branches":0}}},"z_81bb61ef01d6cb97_rhumbsolve_py":{"hash":"990ea849524ecbe886710e2b69060dbe","index":{"url":"z_81bb61ef01d6cb97_rhumbsolve_py.html","file":"pygeodesy/deprecated/rhumbsolve.py","description":"","nums":{"precision":0,"n_files":1,"n_statements":4,"n_excluded":0,"n_missing":0,"n_branches":0,"n_partial_branches":0,"n_missing_branches":0}}},"z_81bb61ef01d6cb97_rhumbx_py":{"hash":"6d1a1aa9fa1ff9535f65303f2fdac8ab","index":{"url":"z_81bb61ef01d6cb97_rhumbx_py.html","file":"pygeodesy/deprecated/rhumbx.py","description":"","nums":{"precision":0,"n_files":1,"n_statements":4,"n_excluded":0,"n_missing":0,"n_branches":0,"n_partial_branches":0,"n_missing_branches":0}}},"z_4569faf12939b165_dms_py":{"hash":"34ba72e823b3d46966be8c37b8bee7cc","index":{"url":"z_4569faf12939b165_dms_py.html","file":"pygeodesy/dms.py","description":"","nums":{"precision":0,"n_files":1,"n_statements":298,"n_excluded":41,"n_missing":10,"n_branches":0,"n_partial_branches":0,"n_missing_branches":0}}},"z_4569faf12939b165_ecef_py":{"hash":"d19a44b60bfa9292085b1f882e729e34","index":{"url":"z_4569faf12939b165_ecef_py.html","file":"pygeodesy/ecef.py","description":"","nums":{"precision":0,"n_files":1,"n_statements":450,"n_excluded":45,"n_missing":22,"n_branches":0,"n_partial_branches":0,"n_missing_branches":0}}},"z_4569faf12939b165_elevations_py":{"hash":"27de7bb4e0f2a9f780bb90984a07ccfe","index":{"url":"z_4569faf12939b165_elevations_py.html","file":"pygeodesy/elevations.py","description":"","nums":{"precision":0,"n_files":1,"n_statements":69,"n_excluded":51,"n_missing":14,"n_branches":0,"n_partial_branches":0,"n_missing_branches":0}}},"z_4569faf12939b165_ellipsoidalBase_py":{"hash":"4ed523279b5702d3fd2e1fee383cd091","index":{"url":"z_4569faf12939b165_ellipsoidalBase_py.html","file":"pygeodesy/ellipsoidalBase.py","description":"","nums":{"precision":0,"n_files":1,"n_statements":261,"n_excluded":64,"n_missing":15,"n_branches":0,"n_partial_branches":0,"n_missing_branches":0}}},"z_4569faf12939b165_ellipsoidalBaseDI_py":{"hash":"91fa33c544b33e6fc591f235395e893a","index":{"url":"z_4569faf12939b165_ellipsoidalBaseDI_py.html","file":"pygeodesy/ellipsoidalBaseDI.py","description":"","nums":{"precision":0,"n_files":1,"n_statements":330,"n_excluded":25,"n_missing":31,"n_branches":0,"n_partial_branches":0,"n_missing_branches":0}}},"z_4569faf12939b165_ellipsoidalExact_py":{"hash":"5119fb4e442d75525c97eab212a16539","index":{"url":"z_4569faf12939b165_ellipsoidalExact_py.html","file":"pygeodesy/ellipsoidalExact.py","description":"","nums":{"precision":0,"n_files":1,"n_statements":42,"n_excluded":1,"n_missing":0,"n_branches":0,"n_partial_branches":0,"n_missing_branches":0}}},"z_4569faf12939b165_ellipsoidalGeodSolve_py":{"hash":"a9b1dd7ca1b3e967f633ea29c7c4f525","index":{"url":"z_4569faf12939b165_ellipsoidalGeodSolve_py.html","file":"pygeodesy/ellipsoidalGeodSolve.py","description":"","nums":{"precision":0,"n_files":1,"n_statements":39,"n_excluded":1,"n_missing":0,"n_branches":0,"n_partial_branches":0,"n_missing_branches":0}}},"z_4569faf12939b165_ellipsoidalKarney_py":{"hash":"74a2f8c72f5af6690aee53b1b2f8c8b6","index":{"url":"z_4569faf12939b165_ellipsoidalKarney_py.html","file":"pygeodesy/ellipsoidalKarney.py","description":"","nums":{"precision":0,"n_files":1,"n_statements":40,"n_excluded":6,"n_missing":0,"n_branches":0,"n_partial_branches":0,"n_missing_branches":0}}},"z_4569faf12939b165_ellipsoidalNvector_py":{"hash":"6e55a3e3e98c8489d4904e00d52ae3d0","index":{"url":"z_4569faf12939b165_ellipsoidalNvector_py.html","file":"pygeodesy/ellipsoidalNvector.py","description":"","nums":{"precision":0,"n_files":1,"n_statements":133,"n_excluded":5,"n_missing":5,"n_branches":0,"n_partial_branches":0,"n_missing_branches":0}}},"z_4569faf12939b165_ellipsoidalVincenty_py":{"hash":"e024416b3ba4af016f2874e79796de78","index":{"url":"z_4569faf12939b165_ellipsoidalVincenty_py.html","file":"pygeodesy/ellipsoidalVincenty.py","description":"","nums":{"precision":0,"n_files":1,"n_statements":176,"n_excluded":13,"n_missing":2,"n_branches":0,"n_partial_branches":0,"n_missing_branches":0}}},"z_4569faf12939b165_ellipsoids_py":{"hash":"66eceff56d685ced1004eee2100b1406","index":{"url":"z_4569faf12939b165_ellipsoids_py.html","file":"pygeodesy/ellipsoids.py","description":"","nums":{"precision":0,"n_files":1,"n_statements":726,"n_excluded":79,"n_missing":25,"n_branches":0,"n_partial_branches":0,"n_missing_branches":0}}},"z_4569faf12939b165_elliptic_py":{"hash":"27d3bfc3accdbbee85c3cf76a5567c56","index":{"url":"z_4569faf12939b165_elliptic_py.html","file":"pygeodesy/elliptic.py","description":"","nums":{"precision":0,"n_files":1,"n_statements":526,"n_excluded":52,"n_missing":23,"n_branches":0,"n_partial_branches":0,"n_missing_branches":0}}},"z_4569faf12939b165_epsg_py":{"hash":"481ab0046578ba3768ab675364f7f725","index":{"url":"z_4569faf12939b165_epsg_py.html","file":"pygeodesy/epsg.py","description":"","nums":{"precision":0,"n_files":1,"n_statements":100,"n_excluded":7,"n_missing":2,"n_branches":0,"n_partial_branches":0,"n_missing_branches":0}}},"z_4569faf12939b165_errors_py":{"hash":"f47107c2c22522c86852715206568601","index":{"url":"z_4569faf12939b165_errors_py.html","file":"pygeodesy/errors.py","description":"","nums":{"precision":0,"n_files":1,"n_statements":319,"n_excluded":58,"n_missing":26,"n_branches":0,"n_partial_branches":0,"n_missing_branches":0}}},"z_4569faf12939b165_etm_py":{"hash":"375c23a054e59ecdf29d136621e5b534","index":{"url":"z_4569faf12939b165_etm_py.html","file":"pygeodesy/etm.py","description":"","nums":{"precision":0,"n_files":1,"n_statements":410,"n_excluded":115,"n_missing":34,"n_branches":0,"n_partial_branches":0,"n_missing_branches":0}}},"z_4569faf12939b165_fmath_py":{"hash":"d84ac5fc55430cd4bf0f53f7b3a35826","index":{"url":"z_4569faf12939b165_fmath_py.html","file":"pygeodesy/fmath.py","description":"","nums":{"precision":0,"n_files":1,"n_statements":329,"n_excluded":112,"n_missing":32,"n_branches":0,"n_partial_branches":0,"n_missing_branches":0}}},"z_4569faf12939b165_formy_py":{"hash":"10708ed5d512c44bde06c36d772d3326","index":{"url":"z_4569faf12939b165_formy_py.html","file":"pygeodesy/formy.py","description":"","nums":{"precision":0,"n_files":1,"n_statements":439,"n_excluded":22,"n_missing":10,"n_branches":0,"n_partial_branches":0,"n_missing_branches":0}}},"z_4569faf12939b165_frechet_py":{"hash":"361008228c39d93edd0ce8a6e0a50ea2","index":{"url":"z_4569faf12939b165_frechet_py.html","file":"pygeodesy/frechet.py","description":"","nums":{"precision":0,"n_files":1,"n_statements":215,"n_excluded":76,"n_missing":9,"n_branches":0,"n_partial_branches":0,"n_missing_branches":0}}},"z_4569faf12939b165_fstats_py":{"hash":"2c3b30df171faeebd1cc3adb00a82c41","index":{"url":"z_4569faf12939b165_fstats_py.html","file":"pygeodesy/fstats.py","description":"","nums":{"precision":0,"n_files":1,"n_statements":325,"n_excluded":24,"n_missing":6,"n_branches":0,"n_partial_branches":0,"n_missing_branches":0}}},"z_4569faf12939b165_fsums_py":{"hash":"4935ea2a8f61bf8f9fdb30048f03ab5a","index":{"url":"z_4569faf12939b165_fsums_py.html","file":"pygeodesy/fsums.py","description":"","nums":{"precision":0,"n_files":1,"n_statements":1098,"n_excluded":174,"n_missing":55,"n_branches":0,"n_partial_branches":0,"n_missing_branches":0}}},"z_4569faf12939b165_gars_py":{"hash":"95b967caea8f9c0a18da8f47ac1099c0","index":{"url":"z_4569faf12939b165_gars_py.html","file":"pygeodesy/gars.py","description":"","nums":{"precision":0,"n_files":1,"n_statements":143,"n_excluded":10,"n_missing":5,"n_branches":0,"n_partial_branches":0,"n_missing_branches":0}}},"z_4569faf12939b165_geodesici_py":{"hash":"04dcf931c802649ceeacbb7d61c85f8c","index":{"url":"z_4569faf12939b165_geodesici_py.html","file":"pygeodesy/geodesici.py","description":"","nums":{"precision":0,"n_files":1,"n_statements":620,"n_excluded":373,"n_missing":56,"n_branches":0,"n_partial_branches":0,"n_missing_branches":0}}},"z_4569faf12939b165_geodesicw_py":{"hash":"19460fe0b0914a075334500456a7d58a","index":{"url":"z_4569faf12939b165_geodesicw_py.html","file":"pygeodesy/geodesicw.py","description":"","nums":{"precision":0,"n_files":1,"n_statements":221,"n_excluded":26,"n_missing":21,"n_branches":0,"n_partial_branches":0,"n_missing_branches":0}}},"z_4d2bca0ead806276__C4_24_py":{"hash":"d7d5f47c8aa5b23884f44e378454fa7f","index":{"url":"z_4d2bca0ead806276__C4_24_py.html","file":"pygeodesy/geodesicx/_C4_24.py","description":"","nums":{"precision":0,"n_files":1,"n_statements":6,"n_excluded":0,"n_missing":0,"n_branches":0,"n_partial_branches":0,"n_missing_branches":0}}},"z_4d2bca0ead806276__C4_27_py":{"hash":"15820c7d683cda2db4362cca65675119","index":{"url":"z_4d2bca0ead806276__C4_27_py.html","file":"pygeodesy/geodesicx/_C4_27.py","description":"","nums":{"precision":0,"n_files":1,"n_statements":6,"n_excluded":0,"n_missing":0,"n_branches":0,"n_partial_branches":0,"n_missing_branches":0}}},"z_4d2bca0ead806276__C4_30_py":{"hash":"c79e72c7485723253e6fb98b555a58de","index":{"url":"z_4d2bca0ead806276__C4_30_py.html","file":"pygeodesy/geodesicx/_C4_30.py","description":"","nums":{"precision":0,"n_files":1,"n_statements":6,"n_excluded":0,"n_missing":0,"n_branches":0,"n_partial_branches":0,"n_missing_branches":0}}},"z_4d2bca0ead806276___init___py":{"hash":"e31fbb207882f156c4c2576c26621a04","index":{"url":"z_4d2bca0ead806276___init___py.html","file":"pygeodesy/geodesicx/__init__.py","description":"","nums":{"precision":0,"n_files":1,"n_statements":6,"n_excluded":0,"n_missing":0,"n_branches":0,"n_partial_branches":0,"n_missing_branches":0}}},"z_4d2bca0ead806276_gx_py":{"hash":"5f1e63a466af770dd0d5e220c4d89132","index":{"url":"z_4d2bca0ead806276_gx_py.html","file":"pygeodesy/geodesicx/gx.py","description":"","nums":{"precision":0,"n_files":1,"n_statements":512,"n_excluded":32,"n_missing":37,"n_branches":0,"n_partial_branches":0,"n_missing_branches":0}}},"z_4d2bca0ead806276_gxarea_py":{"hash":"10bfb721333a0e73ddf3d4b0d7af78a9","index":{"url":"z_4d2bca0ead806276_gxarea_py.html","file":"pygeodesy/geodesicx/gxarea.py","description":"","nums":{"precision":0,"n_files":1,"n_statements":212,"n_excluded":33,"n_missing":10,"n_branches":0,"n_partial_branches":0,"n_missing_branches":0}}},"z_4d2bca0ead806276_gxbases_py":{"hash":"4588b913b7ab7c1c68104ae40b91b136","index":{"url":"z_4d2bca0ead806276_gxbases_py.html","file":"pygeodesy/geodesicx/gxbases.py","description":"","nums":{"precision":0,"n_files":1,"n_statements":57,"n_excluded":1,"n_missing":1,"n_branches":0,"n_partial_branches":0,"n_missing_branches":0}}},"z_4d2bca0ead806276_gxline_py":{"hash":"b967f1433f84b812e5ae23d8774611eb","index":{"url":"z_4d2bca0ead806276_gxline_py.html","file":"pygeodesy/geodesicx/gxline.py","description":"","nums":{"precision":0,"n_files":1,"n_statements":250,"n_excluded":26,"n_missing":20,"n_branches":0,"n_partial_branches":0,"n_missing_branches":0}}},"z_4569faf12939b165_geodsolve_py":{"hash":"e7ad7ef89f5746f575d69649df6244dd","index":{"url":"z_4569faf12939b165_geodsolve_py.html","file":"pygeodesy/geodsolve.py","description":"","nums":{"precision":0,"n_files":1,"n_statements":83,"n_excluded":121,"n_missing":2,"n_branches":0,"n_partial_branches":0,"n_missing_branches":0}}},"z_4569faf12939b165_geohash_py":{"hash":"c604a396862f9d506815ff6db515e038","index":{"url":"z_4569faf12939b165_geohash_py.html","file":"pygeodesy/geohash.py","description":"","nums":{"precision":0,"n_files":1,"n_statements":368,"n_excluded":42,"n_missing":10,"n_branches":0,"n_partial_branches":0,"n_missing_branches":0}}},"z_4569faf12939b165_geoids_py":{"hash":"262f8c41b4ba10884ac9cb5b63240e0b","index":{"url":"z_4569faf12939b165_geoids_py.html","file":"pygeodesy/geoids.py","description":"","nums":{"precision":0,"n_files":1,"n_statements":661,"n_excluded":110,"n_missing":26,"n_branches":0,"n_partial_branches":0,"n_missing_branches":0}}},"z_4569faf12939b165_hausdorff_py":{"hash":"6cf48d3db4ca173fa604a04e17af17f5","index":{"url":"z_4569faf12939b165_hausdorff_py.html","file":"pygeodesy/hausdorff.py","description":"","nums":{"precision":0,"n_files":1,"n_statements":243,"n_excluded":63,"n_missing":11,"n_branches":0,"n_partial_branches":0,"n_missing_branches":0}}},"z_4569faf12939b165_heights_py":{"hash":"1c87a4670c5e2c9861762b6455ad04b8","index":{"url":"z_4569faf12939b165_heights_py.html","file":"pygeodesy/heights.py","description":"","nums":{"precision":0,"n_files":1,"n_statements":318,"n_excluded":149,"n_missing":15,"n_branches":0,"n_partial_branches":0,"n_missing_branches":0}}},"z_4569faf12939b165_internals_py":{"hash":"ad5ce38af6afa8d90090bf7ff320becb","index":{"url":"z_4569faf12939b165_internals_py.html","file":"pygeodesy/internals.py","description":"","nums":{"precision":0,"n_files":1,"n_statements":271,"n_excluded":119,"n_missing":20,"n_branches":0,"n_partial_branches":0,"n_missing_branches":0}}},"z_4569faf12939b165_interns_py":{"hash":"79d4dbcbf2f9269e1dd5b23c8db784e9","index":{"url":"z_4569faf12939b165_interns_py.html","file":"pygeodesy/interns.py","description":"","nums":{"precision":0,"n_files":1,"n_statements":348,"n_excluded":19,"n_missing":2,"n_branches":0,"n_partial_branches":0,"n_missing_branches":0}}},"z_4569faf12939b165_iters_py":{"hash":"94f462c171e4dcc70a26e988deb61a34","index":{"url":"z_4569faf12939b165_iters_py.html","file":"pygeodesy/iters.py","description":"","nums":{"precision":0,"n_files":1,"n_statements":204,"n_excluded":27,"n_missing":7,"n_branches":0,"n_partial_branches":0,"n_missing_branches":0}}},"z_4569faf12939b165_karney_py":{"hash":"01c9a0cb634d742f5470494bae4f9b47","index":{"url":"z_4569faf12939b165_karney_py.html","file":"pygeodesy/karney.py","description":"","nums":{"precision":0,"n_files":1,"n_statements":359,"n_excluded":73,"n_missing":26,"n_branches":0,"n_partial_branches":0,"n_missing_branches":0}}},"z_4569faf12939b165_ktm_py":{"hash":"b1df02eb94f585eb0dc265a6c42f3760","index":{"url":"z_4569faf12939b165_ktm_py.html","file":"pygeodesy/ktm.py","description":"","nums":{"precision":0,"n_files":1,"n_statements":232,"n_excluded":39,"n_missing":9,"n_branches":0,"n_partial_branches":0,"n_missing_branches":0}}},"z_4569faf12939b165_latlonBase_py":{"hash":"8654a31ea37766bbf6dc64867f2fd9d8","index":{"url":"z_4569faf12939b165_latlonBase_py.html","file":"pygeodesy/latlonBase.py","description":"","nums":{"precision":0,"n_files":1,"n_statements":467,"n_excluded":79,"n_missing":31,"n_branches":0,"n_partial_branches":0,"n_missing_branches":0}}},"z_4569faf12939b165_lazily_py":{"hash":"d184c83178cc1b5b87c75beabb317069","index":{"url":"z_4569faf12939b165_lazily_py.html","file":"pygeodesy/lazily.py","description":"","nums":{"precision":0,"n_files":1,"n_statements":198,"n_excluded":83,"n_missing":5,"n_branches":0,"n_partial_branches":0,"n_missing_branches":0}}},"z_4569faf12939b165_lcc_py":{"hash":"5637ab49fbed7f41a40bf4ee9f604b44","index":{"url":"z_4569faf12939b165_lcc_py.html","file":"pygeodesy/lcc.py","description":"","nums":{"precision":0,"n_files":1,"n_statements":280,"n_excluded":25,"n_missing":11,"n_branches":0,"n_partial_branches":0,"n_missing_branches":0}}},"z_4569faf12939b165_ltp_py":{"hash":"2154f0a08c6426235e731d49171e260b","index":{"url":"z_4569faf12939b165_ltp_py.html","file":"pygeodesy/ltp.py","description":"","nums":{"precision":0,"n_files":1,"n_statements":428,"n_excluded":76,"n_missing":23,"n_branches":0,"n_partial_branches":0,"n_missing_branches":0}}},"z_4569faf12939b165_ltpTuples_py":{"hash":"a0e5b28b5db436e6d23e2558434a4ddd","index":{"url":"z_4569faf12939b165_ltpTuples_py.html","file":"pygeodesy/ltpTuples.py","description":"","nums":{"precision":0,"n_files":1,"n_statements":565,"n_excluded":49,"n_missing":30,"n_branches":0,"n_partial_branches":0,"n_missing_branches":0}}},"z_4569faf12939b165_mgrs_py":{"hash":"803a785803c411911821808ced0643f3","index":{"url":"z_4569faf12939b165_mgrs_py.html","file":"pygeodesy/mgrs.py","description":"","nums":{"precision":0,"n_files":1,"n_statements":266,"n_excluded":62,"n_missing":2,"n_branches":0,"n_partial_branches":0,"n_missing_branches":0}}},"z_4569faf12939b165_named_py":{"hash":"730316b261002c9718315979b4482626","index":{"url":"z_4569faf12939b165_named_py.html","file":"pygeodesy/named.py","description":"","nums":{"precision":0,"n_files":1,"n_statements":523,"n_excluded":143,"n_missing":23,"n_branches":0,"n_partial_branches":0,"n_missing_branches":0}}},"z_4569faf12939b165_namedTuples_py":{"hash":"bf7fc7ef827c076f67b60381c8453dba","index":{"url":"z_4569faf12939b165_namedTuples_py.html","file":"pygeodesy/namedTuples.py","description":"","nums":{"precision":0,"n_files":1,"n_statements":225,"n_excluded":1,"n_missing":8,"n_branches":0,"n_partial_branches":0,"n_missing_branches":0}}},"z_4569faf12939b165_nvectorBase_py":{"hash":"fc9f0b4f53d1384190d41049940ec61f","index":{"url":"z_4569faf12939b165_nvectorBase_py.html","file":"pygeodesy/nvectorBase.py","description":"","nums":{"precision":0,"n_files":1,"n_statements":242,"n_excluded":53,"n_missing":11,"n_branches":0,"n_partial_branches":0,"n_missing_branches":0}}},"z_4569faf12939b165_osgr_py":{"hash":"42e508959aa435199fd0091135655ffd","index":{"url":"z_4569faf12939b165_osgr_py.html","file":"pygeodesy/osgr.py","description":"","nums":{"precision":0,"n_files":1,"n_statements":305,"n_excluded":65,"n_missing":8,"n_branches":0,"n_partial_branches":0,"n_missing_branches":0}}},"z_4569faf12939b165_points_py":{"hash":"8035aacf390a98e1a1f6eb8e4fd7b0ab","index":{"url":"z_4569faf12939b165_points_py.html","file":"pygeodesy/points.py","description":"","nums":{"precision":0,"n_files":1,"n_statements":529,"n_excluded":100,"n_missing":36,"n_branches":0,"n_partial_branches":0,"n_missing_branches":0}}},"z_4569faf12939b165_props_py":{"hash":"71f592f481084c4649a0e5f882f5daea","index":{"url":"z_4569faf12939b165_props_py.html","file":"pygeodesy/props.py","description":"","nums":{"precision":0,"n_files":1,"n_statements":241,"n_excluded":64,"n_missing":6,"n_branches":0,"n_partial_branches":0,"n_missing_branches":0}}},"z_4569faf12939b165_resections_py":{"hash":"00b2c286c33a0e7b1775a0df64ff3c73","index":{"url":"z_4569faf12939b165_resections_py.html","file":"pygeodesy/resections.py","description":"","nums":{"precision":0,"n_files":1,"n_statements":365,"n_excluded":65,"n_missing":10,"n_branches":0,"n_partial_branches":0,"n_missing_branches":0}}},"z_5cf368818b86873a___init___py":{"hash":"0d7b9c57a9634b3d7d1b819e6cbef869","index":{"url":"z_5cf368818b86873a___init___py.html","file":"pygeodesy/rhumb/__init__.py","description":"","nums":{"precision":0,"n_files":1,"n_statements":10,"n_excluded":0,"n_missing":0,"n_branches":0,"n_partial_branches":0,"n_missing_branches":0}}},"z_5cf368818b86873a_aux__py":{"hash":"cf1174c0618272b99a3aa065789d090a","index":{"url":"z_5cf368818b86873a_aux__py.html","file":"pygeodesy/rhumb/aux_.py","description":"","nums":{"precision":0,"n_files":1,"n_statements":140,"n_excluded":2,"n_missing":6,"n_branches":0,"n_partial_branches":0,"n_missing_branches":0}}},"z_5cf368818b86873a_bases_py":{"hash":"c6f451af1480a70fe0889ce36e7f6e01","index":{"url":"z_5cf368818b86873a_bases_py.html","file":"pygeodesy/rhumb/bases.py","description":"","nums":{"precision":0,"n_files":1,"n_statements":373,"n_excluded":116,"n_missing":24,"n_branches":0,"n_partial_branches":0,"n_missing_branches":0}}},"z_5cf368818b86873a_ekx_py":{"hash":"b29134ad10fe765feb5260065f9a4ff1","index":{"url":"z_5cf368818b86873a_ekx_py.html","file":"pygeodesy/rhumb/ekx.py","description":"","nums":{"precision":0,"n_files":1,"n_statements":226,"n_excluded":46,"n_missing":4,"n_branches":0,"n_partial_branches":0,"n_missing_branches":0}}},"z_5cf368818b86873a_solve_py":{"hash":"12b32090fdedbbb625e0f6941ef46187","index":{"url":"z_5cf368818b86873a_solve_py.html","file":"pygeodesy/rhumb/solve.py","description":"","nums":{"precision":0,"n_files":1,"n_statements":96,"n_excluded":71,"n_missing":7,"n_branches":0,"n_partial_branches":0,"n_missing_branches":0}}},"z_4569faf12939b165_simplify_py":{"hash":"ebc336da5040e5e19ffa79cff1a85d90","index":{"url":"z_4569faf12939b165_simplify_py.html","file":"pygeodesy/simplify.py","description":"","nums":{"precision":0,"n_files":1,"n_statements":226,"n_excluded":4,"n_missing":2,"n_branches":0,"n_partial_branches":0,"n_missing_branches":0}}},"z_4569faf12939b165_solveBase_py":{"hash":"89ac24f50e3c4fc785378e9fb542222f","index":{"url":"z_4569faf12939b165_solveBase_py.html","file":"pygeodesy/solveBase.py","description":"","nums":{"precision":0,"n_files":1,"n_statements":238,"n_excluded":40,"n_missing":20,"n_branches":0,"n_partial_branches":0,"n_missing_branches":0}}},"z_4569faf12939b165_sphericalBase_py":{"hash":"b9cc23f038326bbb246f2020256dd804","index":{"url":"z_4569faf12939b165_sphericalBase_py.html","file":"pygeodesy/sphericalBase.py","description":"","nums":{"precision":0,"n_files":1,"n_statements":250,"n_excluded":11,"n_missing":14,"n_branches":0,"n_partial_branches":0,"n_missing_branches":0}}},"z_4569faf12939b165_sphericalNvector_py":{"hash":"d82cfb83c4a2ad3885f82a561d82f6ee","index":{"url":"z_4569faf12939b165_sphericalNvector_py.html","file":"pygeodesy/sphericalNvector.py","description":"","nums":{"precision":0,"n_files":1,"n_statements":314,"n_excluded":38,"n_missing":27,"n_branches":0,"n_partial_branches":0,"n_missing_branches":0}}},"z_4569faf12939b165_sphericalTrigonometry_py":{"hash":"a5b96756965ab9c31797f3b5fe4cae6f","index":{"url":"z_4569faf12939b165_sphericalTrigonometry_py.html","file":"pygeodesy/sphericalTrigonometry.py","description":"","nums":{"precision":0,"n_files":1,"n_statements":387,"n_excluded":71,"n_missing":26,"n_branches":0,"n_partial_branches":0,"n_missing_branches":0}}},"z_4569faf12939b165_streprs_py":{"hash":"30a72ac16d3d12dbf9e85e9aaba4de89","index":{"url":"z_4569faf12939b165_streprs_py.html","file":"pygeodesy/streprs.py","description":"","nums":{"precision":0,"n_files":1,"n_statements":270,"n_excluded":19,"n_missing":15,"n_branches":0,"n_partial_branches":0,"n_missing_branches":0}}},"z_4569faf12939b165_trf_py":{"hash":"1b76941f29c69ad19b416e08cfe9347d","index":{"url":"z_4569faf12939b165_trf_py.html","file":"pygeodesy/trf.py","description":"","nums":{"precision":0,"n_files":1,"n_statements":622,"n_excluded":62,"n_missing":28,"n_branches":0,"n_partial_branches":0,"n_missing_branches":0}}},"z_4569faf12939b165_triaxials_py":{"hash":"eee7941dd9976d9663474786be7475b7","index":{"url":"z_4569faf12939b165_triaxials_py.html","file":"pygeodesy/triaxials.py","description":"","nums":{"precision":0,"n_files":1,"n_statements":615,"n_excluded":43,"n_missing":34,"n_branches":0,"n_partial_branches":0,"n_missing_branches":0}}},"z_4569faf12939b165_units_py":{"hash":"f49bf1cf5e99b071746e4539205ecd71","index":{"url":"z_4569faf12939b165_units_py.html","file":"pygeodesy/units.py","description":"","nums":{"precision":0,"n_files":1,"n_statements":301,"n_excluded":12,"n_missing":13,"n_branches":0,"n_partial_branches":0,"n_missing_branches":0}}},"z_4569faf12939b165_unitsBase_py":{"hash":"a43a3ed59af066c59fc4c31f111b1183","index":{"url":"z_4569faf12939b165_unitsBase_py.html","file":"pygeodesy/unitsBase.py","description":"","nums":{"precision":0,"n_files":1,"n_statements":119,"n_excluded":9,"n_missing":6,"n_branches":0,"n_partial_branches":0,"n_missing_branches":0}}},"z_4569faf12939b165_ups_py":{"hash":"c0d29cb29a7760e46c5b4d457f708507","index":{"url":"z_4569faf12939b165_ups_py.html","file":"pygeodesy/ups.py","description":"","nums":{"precision":0,"n_files":1,"n_statements":162,"n_excluded":10,"n_missing":5,"n_branches":0,"n_partial_branches":0,"n_missing_branches":0}}},"z_4569faf12939b165_utily_py":{"hash":"e621ec868b46d3f01493146f2fefae8b","index":{"url":"z_4569faf12939b165_utily_py.html","file":"pygeodesy/utily.py","description":"","nums":{"precision":0,"n_files":1,"n_statements":336,"n_excluded":14,"n_missing":33,"n_branches":0,"n_partial_branches":0,"n_missing_branches":0}}},"z_4569faf12939b165_utm_py":{"hash":"7891e14084b0bc2dc77c434218f5b7ca","index":{"url":"z_4569faf12939b165_utm_py.html","file":"pygeodesy/utm.py","description":"","nums":{"precision":0,"n_files":1,"n_statements":259,"n_excluded":21,"n_missing":8,"n_branches":0,"n_partial_branches":0,"n_missing_branches":0}}},"z_4569faf12939b165_utmups_py":{"hash":"98ece817919f4da808ec7429ee307e50","index":{"url":"z_4569faf12939b165_utmups_py.html","file":"pygeodesy/utmups.py","description":"","nums":{"precision":0,"n_files":1,"n_statements":86,"n_excluded":13,"n_missing":2,"n_branches":0,"n_partial_branches":0,"n_missing_branches":0}}},"z_4569faf12939b165_utmupsBase_py":{"hash":"a47ab7157e95413cc402591162ee11e0","index":{"url":"z_4569faf12939b165_utmupsBase_py.html","file":"pygeodesy/utmupsBase.py","description":"","nums":{"precision":0,"n_files":1,"n_statements":231,"n_excluded":29,"n_missing":5,"n_branches":0,"n_partial_branches":0,"n_missing_branches":0}}},"z_4569faf12939b165_vector2d_py":{"hash":"30b85fda05713f058a2f7e64d0681c26","index":{"url":"z_4569faf12939b165_vector2d_py.html","file":"pygeodesy/vector2d.py","description":"","nums":{"precision":0,"n_files":1,"n_statements":340,"n_excluded":25,"n_missing":8,"n_branches":0,"n_partial_branches":0,"n_missing_branches":0}}},"z_4569faf12939b165_vector3d_py":{"hash":"2a557728065ca1470d789611e0388b72","index":{"url":"z_4569faf12939b165_vector3d_py.html","file":"pygeodesy/vector3d.py","description":"","nums":{"precision":0,"n_files":1,"n_statements":233,"n_excluded":44,"n_missing":8,"n_branches":0,"n_partial_branches":0,"n_missing_branches":0}}},"z_4569faf12939b165_vector3dBase_py":{"hash":"c04a00fc9dc599ad570f882d3aaf7b79","index":{"url":"z_4569faf12939b165_vector3dBase_py.html","file":"pygeodesy/vector3dBase.py","description":"","nums":{"precision":0,"n_files":1,"n_statements":287,"n_excluded":116,"n_missing":25,"n_branches":0,"n_partial_branches":0,"n_missing_branches":0}}},"z_4569faf12939b165_webmercator_py":{"hash":"e976c51c355190b9b13eb7c27b42d3cf","index":{"url":"z_4569faf12939b165_webmercator_py.html","file":"pygeodesy/webmercator.py","description":"","nums":{"precision":0,"n_files":1,"n_statements":126,"n_excluded":18,"n_missing":1,"n_branches":0,"n_partial_branches":0,"n_missing_branches":0}}},"z_4569faf12939b165_wgrs_py":{"hash":"9527ba25bbbf8e0489fa313ecbfecf5d","index":{"url":"z_4569faf12939b165_wgrs_py.html","file":"pygeodesy/wgrs.py","description":"","nums":{"precision":0,"n_files":1,"n_statements":189,"n_excluded":9,"n_missing":6,"n_branches":0,"n_partial_branches":0,"n_missing_branches":0}}}}}