{"note":"This file is an internal implementation detail to speed up HTML report generation. Its format can change at any time. You might be looking for the JSON report: https://coverage.rtfd.io/cmd.html#cmd-json","format":5,"version":"7.6.1","globals":"d521c8820c380405b268f3830df99bfe","files":{"z_4569faf12939b165___init___py":{"hash":"672c704ee7118f45f38da09f3d553419","index":{"url":"z_4569faf12939b165___init___py.html","file":"pygeodesy/__init__.py","description":"","nums":{"precision":0,"n_files":1,"n_statements":186,"n_excluded":8,"n_missing":4,"n_branches":0,"n_partial_branches":0,"n_missing_branches":0}}},"z_4569faf12939b165_albers_py":{"hash":"239e5ebc67ce3c937a5fa7ed99bd3c3e","index":{"url":"z_4569faf12939b165_albers_py.html","file":"pygeodesy/albers.py","description":"","nums":{"precision":0,"n_files":1,"n_statements":413,"n_excluded":30,"n_missing":13,"n_branches":0,"n_partial_branches":0,"n_missing_branches":0}}},"z_5087a5e01bbcffc5__CX_4_py":{"hash":"a7e1b1396571690731692c75be492d90","index":{"url":"z_5087a5e01bbcffc5__CX_4_py.html","file":"pygeodesy/auxilats/_CX_4.py","description":"","nums":{"precision":0,"n_files":1,"n_statements":6,"n_excluded":0,"n_missing":0,"n_branches":0,"n_partial_branches":0,"n_missing_branches":0}}},"z_5087a5e01bbcffc5__CX_6_py":{"hash":"47d36ef4173309cb0d9bf37c2fe507f3","index":{"url":"z_5087a5e01bbcffc5__CX_6_py.html","file":"pygeodesy/auxilats/_CX_6.py","description":"","nums":{"precision":0,"n_files":1,"n_statements":6,"n_excluded":0,"n_missing":0,"n_branches":0,"n_partial_branches":0,"n_missing_branches":0}}},"z_5087a5e01bbcffc5__CX_8_py":{"hash":"d8a3daa0158913f585b90ec2048fb8b4","index":{"url":"z_5087a5e01bbcffc5__CX_8_py.html","file":"pygeodesy/auxilats/_CX_8.py","description":"","nums":{"precision":0,"n_files":1,"n_statements":6,"n_excluded":0,"n_missing":0,"n_branches":0,"n_partial_branches":0,"n_missing_branches":0}}},"z_5087a5e01bbcffc5__CX_Rs_py":{"hash":"e73a3834c8da97c3ee5da79b10cfdcb7","index":{"url":"z_5087a5e01bbcffc5__CX_Rs_py.html","file":"pygeodesy/auxilats/_CX_Rs.py","description":"","nums":{"precision":0,"n_files":1,"n_statements":76,"n_excluded":54,"n_missing":1,"n_branches":0,"n_partial_branches":0,"n_missing_branches":0}}},"z_5087a5e01bbcffc5___init___py":{"hash":"eef30215fd2b0938fc9782c679173ada","index":{"url":"z_5087a5e01bbcffc5___init___py.html","file":"pygeodesy/auxilats/__init__.py","description":"","nums":{"precision":0,"n_files":1,"n_statements":8,"n_excluded":0,"n_missing":0,"n_branches":0,"n_partial_branches":0,"n_missing_branches":0}}},"z_5087a5e01bbcffc5_auxAngle_py":{"hash":"68cdbc072458093770abb50d749cc960","index":{"url":"z_5087a5e01bbcffc5_auxAngle_py.html","file":"pygeodesy/auxilats/auxAngle.py","description":"","nums":{"precision":0,"n_files":1,"n_statements":225,"n_excluded":33,"n_missing":9,"n_branches":0,"n_partial_branches":0,"n_missing_branches":0}}},"z_5087a5e01bbcffc5_auxDLat_py":{"hash":"e4877b1c5d8eb345b392deb3c111f989","index":{"url":"z_5087a5e01bbcffc5_auxDLat_py.html","file":"pygeodesy/auxilats/auxDLat.py","description":"","nums":{"precision":0,"n_files":1,"n_statements":150,"n_excluded":10,"n_missing":8,"n_branches":0,"n_partial_branches":0,"n_missing_branches":0}}},"z_5087a5e01bbcffc5_auxDST_py":{"hash":"7163fee77b83f04ff306281c9557c64a","index":{"url":"z_5087a5e01bbcffc5_auxDST_py.html","file":"pygeodesy/auxilats/auxDST.py","description":"","nums":{"precision":0,"n_files":1,"n_statements":98,"n_excluded":35,"n_missing":3,"n_branches":0,"n_partial_branches":0,"n_missing_branches":0}}},"z_5087a5e01bbcffc5_auxLat_py":{"hash":"28f7fa5bc95f802aa5365c71d989232e","index":{"url":"z_5087a5e01bbcffc5_auxLat_py.html","file":"pygeodesy/auxilats/auxLat.py","description":"","nums":{"precision":0,"n_files":1,"n_statements":438,"n_excluded":47,"n_missing":31,"n_branches":0,"n_partial_branches":0,"n_missing_branches":0}}},"z_5087a5e01bbcffc5_auxily_py":{"hash":"69097233e07768e97f33ee9fa429bf59","index":{"url":"z_5087a5e01bbcffc5_auxily_py.html","file":"pygeodesy/auxilats/auxily.py","description":"","nums":{"precision":0,"n_files":1,"n_statements":105,"n_excluded":37,"n_missing":6,"n_branches":0,"n_partial_branches":0,"n_missing_branches":0}}},"z_4569faf12939b165_azimuthal_py":{"hash":"ee3ead7a010300a2d60f66c0ab594438","index":{"url":"z_4569faf12939b165_azimuthal_py.html","file":"pygeodesy/azimuthal.py","description":"","nums":{"precision":0,"n_files":1,"n_statements":318,"n_excluded":55,"n_missing":5,"n_branches":0,"n_partial_branches":0,"n_missing_branches":0}}},"z_4569faf12939b165_basics_py":{"hash":"0917da3f3961374176f2b584c0668668","index":{"url":"z_4569faf12939b165_basics_py.html","file":"pygeodesy/basics.py","description":"","nums":{"precision":0,"n_files":1,"n_statements":241,"n_excluded":140,"n_missing":12,"n_branches":0,"n_partial_branches":0,"n_missing_branches":0}}},"z_4569faf12939b165_booleans_py":{"hash":"b071fc12b4cf5de9b390910a1f05fa18","index":{"url":"z_4569faf12939b165_booleans_py.html","file":"pygeodesy/booleans.py","description":"","nums":{"precision":0,"n_files":1,"n_statements":966,"n_excluded":145,"n_missing":51,"n_branches":0,"n_partial_branches":0,"n_missing_branches":0}}},"z_4569faf12939b165_cartesianBase_py":{"hash":"0b15da8efdcc0c1c8845234a619b775e","index":{"url":"z_4569faf12939b165_cartesianBase_py.html","file":"pygeodesy/cartesianBase.py","description":"","nums":{"precision":0,"n_files":1,"n_statements":317,"n_excluded":40,"n_missing":27,"n_branches":0,"n_partial_branches":0,"n_missing_branches":0}}},"z_4569faf12939b165_clipy_py":{"hash":"6a1d8fbcc9d81d46f542c20d722b73fa","index":{"url":"z_4569faf12939b165_clipy_py.html","file":"pygeodesy/clipy.py","description":"","nums":{"precision":0,"n_files":1,"n_statements":315,"n_excluded":18,"n_missing":14,"n_branches":0,"n_partial_branches":0,"n_missing_branches":0}}},"z_4569faf12939b165_constants_py":{"hash":"6139f7688d2db17a6198b9fd3e272cf3","index":{"url":"z_4569faf12939b165_constants_py.html","file":"pygeodesy/constants.py","description":"","nums":{"precision":0,"n_files":1,"n_statements":196,"n_excluded":80,"n_missing":3,"n_branches":0,"n_partial_branches":0,"n_missing_branches":0}}},"z_4569faf12939b165_css_py":{"hash":"604e6adc982cb0af8b9a07f4f8361a0e","index":{"url":"z_4569faf12939b165_css_py.html","file":"pygeodesy/css.py","description":"","nums":{"precision":0,"n_files":1,"n_statements":234,"n_excluded":12,"n_missing":6,"n_branches":0,"n_partial_branches":0,"n_missing_branches":0}}},"z_4569faf12939b165_datums_py":{"hash":"2420fa42b7084c2002c597954eaa3cc8","index":{"url":"z_4569faf12939b165_datums_py.html","file":"pygeodesy/datums.py","description":"","nums":{"precision":0,"n_files":1,"n_statements":251,"n_excluded":11,"n_missing":13,"n_branches":0,"n_partial_branches":0,"n_missing_branches":0}}},"z_81bb61ef01d6cb97___init___py":{"hash":"0158bdd9ffe6bf5d3a57b2efb00fd844","index":{"url":"z_81bb61ef01d6cb97___init___py.html","file":"pygeodesy/deprecated/__init__.py","description":"","nums":{"precision":0,"n_files":1,"n_statements":13,"n_excluded":0,"n_missing":0,"n_branches":0,"n_partial_branches":0,"n_missing_branches":0}}},"z_81bb61ef01d6cb97_bases_py":{"hash":"f8696c7605f0c322abfd028f788d2a8d","index":{"url":"z_81bb61ef01d6cb97_bases_py.html","file":"pygeodesy/deprecated/bases.py","description":"","nums":{"precision":0,"n_files":1,"n_statements":5,"n_excluded":3,"n_missing":0,"n_branches":0,"n_partial_branches":0,"n_missing_branches":0}}},"z_81bb61ef01d6cb97_classes_py":{"hash":"635f4649a2e59c1fab5042b1b277dcaa","index":{"url":"z_81bb61ef01d6cb97_classes_py.html","file":"pygeodesy/deprecated/classes.py","description":"","nums":{"precision":0,"n_files":1,"n_statements":62,"n_excluded":108,"n_missing":0,"n_branches":0,"n_partial_branches":0,"n_missing_branches":0}}},"z_81bb61ef01d6cb97_consterns_py":{"hash":"1e81ce52b464f9fbc9adfaf8f410a22d","index":{"url":"z_81bb61ef01d6cb97_consterns_py.html","file":"pygeodesy/deprecated/consterns.py","description":"","nums":{"precision":0,"n_files":1,"n_statements":14,"n_excluded":0,"n_missing":0,"n_branches":0,"n_partial_branches":0,"n_missing_branches":0}}},"z_81bb61ef01d6cb97_datum_py":{"hash":"3aa3b6f5ad667a64220b8799970d58bd","index":{"url":"z_81bb61ef01d6cb97_datum_py.html","file":"pygeodesy/deprecated/datum.py","description":"","nums":{"precision":0,"n_files":1,"n_statements":7,"n_excluded":0,"n_missing":0,"n_branches":0,"n_partial_branches":0,"n_missing_branches":0}}},"z_81bb61ef01d6cb97_functions_py":{"hash":"c92ed402712bcf5e98c01e483cebe877","index":{"url":"z_81bb61ef01d6cb97_functions_py.html","file":"pygeodesy/deprecated/functions.py","description":"","nums":{"precision":0,"n_files":1,"n_statements":30,"n_excluded":227,"n_missing":0,"n_branches":0,"n_partial_branches":0,"n_missing_branches":0}}},"z_81bb61ef01d6cb97_nvector_py":{"hash":"b00d86b5700696eef84475c22a8726b5","index":{"url":"z_81bb61ef01d6cb97_nvector_py.html","file":"pygeodesy/deprecated/nvector.py","description":"","nums":{"precision":0,"n_files":1,"n_statements":6,"n_excluded":6,"n_missing":0,"n_branches":0,"n_partial_branches":0,"n_missing_branches":0}}},"z_81bb61ef01d6cb97_rhumbBase_py":{"hash":"b9f357442bd5356c21d88d561d16d250","index":{"url":"z_81bb61ef01d6cb97_rhumbBase_py.html","file":"pygeodesy/deprecated/rhumbBase.py","description":"","nums":{"precision":0,"n_files":1,"n_statements":3,"n_excluded":0,"n_missing":0,"n_branches":0,"n_partial_branches":0,"n_missing_branches":0}}},"z_81bb61ef01d6cb97_rhumbaux_py":{"hash":"70a15bb48da647c4bbcbda8252433c01","index":{"url":"z_81bb61ef01d6cb97_rhumbaux_py.html","file":"pygeodesy/deprecated/rhumbaux.py","description":"","nums":{"precision":0,"n_files":1,"n_statements":4,"n_excluded":0,"n_missing":0,"n_branches":0,"n_partial_branches":0,"n_missing_branches":0}}},"z_81bb61ef01d6cb97_rhumbsolve_py":{"hash":"b3f0efc86bbe1e28c9cac3bea14badf4","index":{"url":"z_81bb61ef01d6cb97_rhumbsolve_py.html","file":"pygeodesy/deprecated/rhumbsolve.py","description":"","nums":{"precision":0,"n_files":1,"n_statements":4,"n_excluded":0,"n_missing":0,"n_branches":0,"n_partial_branches":0,"n_missing_branches":0}}},"z_81bb61ef01d6cb97_rhumbx_py":{"hash":"b4d5f00b5482688fdfb72f44d33ff3fb","index":{"url":"z_81bb61ef01d6cb97_rhumbx_py.html","file":"pygeodesy/deprecated/rhumbx.py","description":"","nums":{"precision":0,"n_files":1,"n_statements":4,"n_excluded":0,"n_missing":0,"n_branches":0,"n_partial_branches":0,"n_missing_branches":0}}},"z_4569faf12939b165_dms_py":{"hash":"48030d32cd5cfa689f4146007c5e311b","index":{"url":"z_4569faf12939b165_dms_py.html","file":"pygeodesy/dms.py","description":"","nums":{"precision":0,"n_files":1,"n_statements":298,"n_excluded":41,"n_missing":10,"n_branches":0,"n_partial_branches":0,"n_missing_branches":0}}},"z_4569faf12939b165_ecef_py":{"hash":"c56890592e91cb41ce8105fef15fe4a3","index":{"url":"z_4569faf12939b165_ecef_py.html","file":"pygeodesy/ecef.py","description":"","nums":{"precision":0,"n_files":1,"n_statements":455,"n_excluded":45,"n_missing":21,"n_branches":0,"n_partial_branches":0,"n_missing_branches":0}}},"z_4569faf12939b165_elevations_py":{"hash":"89fa032ec4a084dca8bd3662ad11382f","index":{"url":"z_4569faf12939b165_elevations_py.html","file":"pygeodesy/elevations.py","description":"","nums":{"precision":0,"n_files":1,"n_statements":69,"n_excluded":51,"n_missing":14,"n_branches":0,"n_partial_branches":0,"n_missing_branches":0}}},"z_4569faf12939b165_ellipsoidalBase_py":{"hash":"35cfc589ceb4782b85fa1e4ab7be7d1c","index":{"url":"z_4569faf12939b165_ellipsoidalBase_py.html","file":"pygeodesy/ellipsoidalBase.py","description":"","nums":{"precision":0,"n_files":1,"n_statements":261,"n_excluded":64,"n_missing":15,"n_branches":0,"n_partial_branches":0,"n_missing_branches":0}}},"z_4569faf12939b165_ellipsoidalBaseDI_py":{"hash":"189a545cbdb9f7d18a0b2f1ddb510ee8","index":{"url":"z_4569faf12939b165_ellipsoidalBaseDI_py.html","file":"pygeodesy/ellipsoidalBaseDI.py","description":"","nums":{"precision":0,"n_files":1,"n_statements":330,"n_excluded":25,"n_missing":31,"n_branches":0,"n_partial_branches":0,"n_missing_branches":0}}},"z_4569faf12939b165_ellipsoidalExact_py":{"hash":"e24144ccfcf9f638b5946b51e15dd3fd","index":{"url":"z_4569faf12939b165_ellipsoidalExact_py.html","file":"pygeodesy/ellipsoidalExact.py","description":"","nums":{"precision":0,"n_files":1,"n_statements":42,"n_excluded":1,"n_missing":0,"n_branches":0,"n_partial_branches":0,"n_missing_branches":0}}},"z_4569faf12939b165_ellipsoidalGeodSolve_py":{"hash":"74c0aadd695e9c70d3b41674e73c3d40","index":{"url":"z_4569faf12939b165_ellipsoidalGeodSolve_py.html","file":"pygeodesy/ellipsoidalGeodSolve.py","description":"","nums":{"precision":0,"n_files":1,"n_statements":39,"n_excluded":1,"n_missing":0,"n_branches":0,"n_partial_branches":0,"n_missing_branches":0}}},"z_4569faf12939b165_ellipsoidalKarney_py":{"hash":"809e13c02c551d805fec709c3a146e8f","index":{"url":"z_4569faf12939b165_ellipsoidalKarney_py.html","file":"pygeodesy/ellipsoidalKarney.py","description":"","nums":{"precision":0,"n_files":1,"n_statements":40,"n_excluded":6,"n_missing":0,"n_branches":0,"n_partial_branches":0,"n_missing_branches":0}}},"z_4569faf12939b165_ellipsoidalNvector_py":{"hash":"b618b1e4db870115f4a7ba7977f93aa9","index":{"url":"z_4569faf12939b165_ellipsoidalNvector_py.html","file":"pygeodesy/ellipsoidalNvector.py","description":"","nums":{"precision":0,"n_files":1,"n_statements":133,"n_excluded":5,"n_missing":5,"n_branches":0,"n_partial_branches":0,"n_missing_branches":0}}},"z_4569faf12939b165_ellipsoidalVincenty_py":{"hash":"41f9bfee43bbc1d83b840883ef47078b","index":{"url":"z_4569faf12939b165_ellipsoidalVincenty_py.html","file":"pygeodesy/ellipsoidalVincenty.py","description":"","nums":{"precision":0,"n_files":1,"n_statements":176,"n_excluded":13,"n_missing":2,"n_branches":0,"n_partial_branches":0,"n_missing_branches":0}}},"z_4569faf12939b165_ellipsoids_py":{"hash":"ef9f210312f45556137a1e331d3f090b","index":{"url":"z_4569faf12939b165_ellipsoids_py.html","file":"pygeodesy/ellipsoids.py","description":"","nums":{"precision":0,"n_files":1,"n_statements":726,"n_excluded":79,"n_missing":25,"n_branches":0,"n_partial_branches":0,"n_missing_branches":0}}},"z_4569faf12939b165_elliptic_py":{"hash":"479d3534b4fabf29833150be4b3789cc","index":{"url":"z_4569faf12939b165_elliptic_py.html","file":"pygeodesy/elliptic.py","description":"","nums":{"precision":0,"n_files":1,"n_statements":527,"n_excluded":52,"n_missing":23,"n_branches":0,"n_partial_branches":0,"n_missing_branches":0}}},"z_4569faf12939b165_epsg_py":{"hash":"7a9169b1605322e72f8cb8a9636e71f6","index":{"url":"z_4569faf12939b165_epsg_py.html","file":"pygeodesy/epsg.py","description":"","nums":{"precision":0,"n_files":1,"n_statements":100,"n_excluded":7,"n_missing":2,"n_branches":0,"n_partial_branches":0,"n_missing_branches":0}}},"z_4569faf12939b165_errors_py":{"hash":"55cdf5240515470c8dfd36ea55719aa1","index":{"url":"z_4569faf12939b165_errors_py.html","file":"pygeodesy/errors.py","description":"","nums":{"precision":0,"n_files":1,"n_statements":319,"n_excluded":58,"n_missing":26,"n_branches":0,"n_partial_branches":0,"n_missing_branches":0}}},"z_4569faf12939b165_etm_py":{"hash":"0209eabd8745c371e154c8d11815c5ba","index":{"url":"z_4569faf12939b165_etm_py.html","file":"pygeodesy/etm.py","description":"","nums":{"precision":0,"n_files":1,"n_statements":410,"n_excluded":115,"n_missing":34,"n_branches":0,"n_partial_branches":0,"n_missing_branches":0}}},"z_4569faf12939b165_fmath_py":{"hash":"fb02529b52597bbf4c908d4b906a481d","index":{"url":"z_4569faf12939b165_fmath_py.html","file":"pygeodesy/fmath.py","description":"","nums":{"precision":0,"n_files":1,"n_statements":329,"n_excluded":112,"n_missing":32,"n_branches":0,"n_partial_branches":0,"n_missing_branches":0}}},"z_4569faf12939b165_formy_py":{"hash":"91d31e68afcc52227830af9cd07a0509","index":{"url":"z_4569faf12939b165_formy_py.html","file":"pygeodesy/formy.py","description":"","nums":{"precision":0,"n_files":1,"n_statements":445,"n_excluded":22,"n_missing":11,"n_branches":0,"n_partial_branches":0,"n_missing_branches":0}}},"z_4569faf12939b165_frechet_py":{"hash":"8f2b064375ce49c7f19f81f09d97dc3f","index":{"url":"z_4569faf12939b165_frechet_py.html","file":"pygeodesy/frechet.py","description":"","nums":{"precision":0,"n_files":1,"n_statements":215,"n_excluded":76,"n_missing":9,"n_branches":0,"n_partial_branches":0,"n_missing_branches":0}}},"z_4569faf12939b165_fstats_py":{"hash":"37a4e41e9788f6bcc4d5af0f2ca9a82b","index":{"url":"z_4569faf12939b165_fstats_py.html","file":"pygeodesy/fstats.py","description":"","nums":{"precision":0,"n_files":1,"n_statements":325,"n_excluded":24,"n_missing":6,"n_branches":0,"n_partial_branches":0,"n_missing_branches":0}}},"z_4569faf12939b165_fsums_py":{"hash":"a0fbfca518bbe071a08ad3691aa90e39","index":{"url":"z_4569faf12939b165_fsums_py.html","file":"pygeodesy/fsums.py","description":"","nums":{"precision":0,"n_files":1,"n_statements":1098,"n_excluded":174,"n_missing":55,"n_branches":0,"n_partial_branches":0,"n_missing_branches":0}}},"z_4569faf12939b165_gars_py":{"hash":"6d8b8e42b907725739a0d800fef97571","index":{"url":"z_4569faf12939b165_gars_py.html","file":"pygeodesy/gars.py","description":"","nums":{"precision":0,"n_files":1,"n_statements":143,"n_excluded":10,"n_missing":5,"n_branches":0,"n_partial_branches":0,"n_missing_branches":0}}},"z_4569faf12939b165_geodesici_py":{"hash":"f8f589fbf0ebf82fe757d31d68dcd943","index":{"url":"z_4569faf12939b165_geodesici_py.html","file":"pygeodesy/geodesici.py","description":"","nums":{"precision":0,"n_files":1,"n_statements":620,"n_excluded":373,"n_missing":56,"n_branches":0,"n_partial_branches":0,"n_missing_branches":0}}},"z_4569faf12939b165_geodesicw_py":{"hash":"67b2b682fc2be8db32873dcb80f8e458","index":{"url":"z_4569faf12939b165_geodesicw_py.html","file":"pygeodesy/geodesicw.py","description":"","nums":{"precision":0,"n_files":1,"n_statements":221,"n_excluded":26,"n_missing":21,"n_branches":0,"n_partial_branches":0,"n_missing_branches":0}}},"z_4d2bca0ead806276__C4_24_py":{"hash":"975405f07d700d4457f3870277f3b45f","index":{"url":"z_4d2bca0ead806276__C4_24_py.html","file":"pygeodesy/geodesicx/_C4_24.py","description":"","nums":{"precision":0,"n_files":1,"n_statements":6,"n_excluded":0,"n_missing":0,"n_branches":0,"n_partial_branches":0,"n_missing_branches":0}}},"z_4d2bca0ead806276__C4_27_py":{"hash":"b310e00705958207e47eadf2e281db58","index":{"url":"z_4d2bca0ead806276__C4_27_py.html","file":"pygeodesy/geodesicx/_C4_27.py","description":"","nums":{"precision":0,"n_files":1,"n_statements":6,"n_excluded":0,"n_missing":0,"n_branches":0,"n_partial_branches":0,"n_missing_branches":0}}},"z_4d2bca0ead806276__C4_30_py":{"hash":"360f1f6d12bcbccf3354a03aaa8611ee","index":{"url":"z_4d2bca0ead806276__C4_30_py.html","file":"pygeodesy/geodesicx/_C4_30.py","description":"","nums":{"precision":0,"n_files":1,"n_statements":6,"n_excluded":0,"n_missing":0,"n_branches":0,"n_partial_branches":0,"n_missing_branches":0}}},"z_4d2bca0ead806276___init___py":{"hash":"4923254706800cae97547f991b5c8f18","index":{"url":"z_4d2bca0ead806276___init___py.html","file":"pygeodesy/geodesicx/__init__.py","description":"","nums":{"precision":0,"n_files":1,"n_statements":6,"n_excluded":0,"n_missing":0,"n_branches":0,"n_partial_branches":0,"n_missing_branches":0}}},"z_4d2bca0ead806276_gx_py":{"hash":"8d97985bf2d7a60dd370d524a294d6f6","index":{"url":"z_4d2bca0ead806276_gx_py.html","file":"pygeodesy/geodesicx/gx.py","description":"","nums":{"precision":0,"n_files":1,"n_statements":512,"n_excluded":32,"n_missing":37,"n_branches":0,"n_partial_branches":0,"n_missing_branches":0}}},"z_4d2bca0ead806276_gxarea_py":{"hash":"08dd6c1046e5a333a01c8dbfc52bdff1","index":{"url":"z_4d2bca0ead806276_gxarea_py.html","file":"pygeodesy/geodesicx/gxarea.py","description":"","nums":{"precision":0,"n_files":1,"n_statements":212,"n_excluded":33,"n_missing":10,"n_branches":0,"n_partial_branches":0,"n_missing_branches":0}}},"z_4d2bca0ead806276_gxbases_py":{"hash":"efb5ebfbd464846853e4950bf0d2313c","index":{"url":"z_4d2bca0ead806276_gxbases_py.html","file":"pygeodesy/geodesicx/gxbases.py","description":"","nums":{"precision":0,"n_files":1,"n_statements":57,"n_excluded":1,"n_missing":1,"n_branches":0,"n_partial_branches":0,"n_missing_branches":0}}},"z_4d2bca0ead806276_gxline_py":{"hash":"3e885af3366413905dfad93e0c9ac513","index":{"url":"z_4d2bca0ead806276_gxline_py.html","file":"pygeodesy/geodesicx/gxline.py","description":"","nums":{"precision":0,"n_files":1,"n_statements":252,"n_excluded":26,"n_missing":20,"n_branches":0,"n_partial_branches":0,"n_missing_branches":0}}},"z_4569faf12939b165_geodsolve_py":{"hash":"8acb1f2a04283137cfab34b403f8b118","index":{"url":"z_4569faf12939b165_geodsolve_py.html","file":"pygeodesy/geodsolve.py","description":"","nums":{"precision":0,"n_files":1,"n_statements":83,"n_excluded":121,"n_missing":2,"n_branches":0,"n_partial_branches":0,"n_missing_branches":0}}},"z_4569faf12939b165_geohash_py":{"hash":"9122337f74dd6f3be921fdef7df68f78","index":{"url":"z_4569faf12939b165_geohash_py.html","file":"pygeodesy/geohash.py","description":"","nums":{"precision":0,"n_files":1,"n_statements":368,"n_excluded":42,"n_missing":10,"n_branches":0,"n_partial_branches":0,"n_missing_branches":0}}},"z_4569faf12939b165_geoids_py":{"hash":"d4fbd540f7260567411d900f97e33e34","index":{"url":"z_4569faf12939b165_geoids_py.html","file":"pygeodesy/geoids.py","description":"","nums":{"precision":0,"n_files":1,"n_statements":661,"n_excluded":110,"n_missing":26,"n_branches":0,"n_partial_branches":0,"n_missing_branches":0}}},"z_4569faf12939b165_hausdorff_py":{"hash":"3a8c03870c6fa9b19c9fe0f890838984","index":{"url":"z_4569faf12939b165_hausdorff_py.html","file":"pygeodesy/hausdorff.py","description":"","nums":{"precision":0,"n_files":1,"n_statements":243,"n_excluded":63,"n_missing":11,"n_branches":0,"n_partial_branches":0,"n_missing_branches":0}}},"z_4569faf12939b165_heights_py":{"hash":"87313ce0222a7014f17b2b1a49a21778","index":{"url":"z_4569faf12939b165_heights_py.html","file":"pygeodesy/heights.py","description":"","nums":{"precision":0,"n_files":1,"n_statements":318,"n_excluded":149,"n_missing":15,"n_branches":0,"n_partial_branches":0,"n_missing_branches":0}}},"z_4569faf12939b165_internals_py":{"hash":"ee066352484d5d0753f5da2b6723b789","index":{"url":"z_4569faf12939b165_internals_py.html","file":"pygeodesy/internals.py","description":"","nums":{"precision":0,"n_files":1,"n_statements":271,"n_excluded":119,"n_missing":20,"n_branches":0,"n_partial_branches":0,"n_missing_branches":0}}},"z_4569faf12939b165_interns_py":{"hash":"8c840352fd91bbc8ecae3ec08a3ff87e","index":{"url":"z_4569faf12939b165_interns_py.html","file":"pygeodesy/interns.py","description":"","nums":{"precision":0,"n_files":1,"n_statements":347,"n_excluded":19,"n_missing":2,"n_branches":0,"n_partial_branches":0,"n_missing_branches":0}}},"z_4569faf12939b165_iters_py":{"hash":"e0a1c2da0f1079e889a251e5dd27d62f","index":{"url":"z_4569faf12939b165_iters_py.html","file":"pygeodesy/iters.py","description":"","nums":{"precision":0,"n_files":1,"n_statements":204,"n_excluded":27,"n_missing":7,"n_branches":0,"n_partial_branches":0,"n_missing_branches":0}}},"z_4569faf12939b165_karney_py":{"hash":"da4a2c91ef9cff01884a491a72587d32","index":{"url":"z_4569faf12939b165_karney_py.html","file":"pygeodesy/karney.py","description":"","nums":{"precision":0,"n_files":1,"n_statements":359,"n_excluded":73,"n_missing":26,"n_branches":0,"n_partial_branches":0,"n_missing_branches":0}}},"z_4569faf12939b165_ktm_py":{"hash":"bbdcc5ef7b488fafa16fd30944b508a4","index":{"url":"z_4569faf12939b165_ktm_py.html","file":"pygeodesy/ktm.py","description":"","nums":{"precision":0,"n_files":1,"n_statements":233,"n_excluded":39,"n_missing":11,"n_branches":0,"n_partial_branches":0,"n_missing_branches":0}}},"z_4569faf12939b165_latlonBase_py":{"hash":"ace565d4bee56129e9645167c2f8b721","index":{"url":"z_4569faf12939b165_latlonBase_py.html","file":"pygeodesy/latlonBase.py","description":"","nums":{"precision":0,"n_files":1,"n_statements":471,"n_excluded":85,"n_missing":34,"n_branches":0,"n_partial_branches":0,"n_missing_branches":0}}},"z_4569faf12939b165_lazily_py":{"hash":"33069614b1ae01111895eb80b390259b","index":{"url":"z_4569faf12939b165_lazily_py.html","file":"pygeodesy/lazily.py","description":"","nums":{"precision":0,"n_files":1,"n_statements":198,"n_excluded":83,"n_missing":5,"n_branches":0,"n_partial_branches":0,"n_missing_branches":0}}},"z_4569faf12939b165_lcc_py":{"hash":"fed8507966d112fa3247920322265ddc","index":{"url":"z_4569faf12939b165_lcc_py.html","file":"pygeodesy/lcc.py","description":"","nums":{"precision":0,"n_files":1,"n_statements":280,"n_excluded":25,"n_missing":11,"n_branches":0,"n_partial_branches":0,"n_missing_branches":0}}},"z_4569faf12939b165_ltp_py":{"hash":"ee40db50aa2bb9b5ec3c33bb488f1824","index":{"url":"z_4569faf12939b165_ltp_py.html","file":"pygeodesy/ltp.py","description":"","nums":{"precision":0,"n_files":1,"n_statements":423,"n_excluded":76,"n_missing":21,"n_branches":0,"n_partial_branches":0,"n_missing_branches":0}}},"z_4569faf12939b165_ltpTuples_py":{"hash":"1f8f46402342b55667facd16d67f5b47","index":{"url":"z_4569faf12939b165_ltpTuples_py.html","file":"pygeodesy/ltpTuples.py","description":"","nums":{"precision":0,"n_files":1,"n_statements":570,"n_excluded":49,"n_missing":29,"n_branches":0,"n_partial_branches":0,"n_missing_branches":0}}},"z_4569faf12939b165_mgrs_py":{"hash":"8dc2268a96d347ae2ea3424a1ddceafe","index":{"url":"z_4569faf12939b165_mgrs_py.html","file":"pygeodesy/mgrs.py","description":"","nums":{"precision":0,"n_files":1,"n_statements":266,"n_excluded":62,"n_missing":2,"n_branches":0,"n_partial_branches":0,"n_missing_branches":0}}},"z_4569faf12939b165_named_py":{"hash":"f6ff77f0d03554009b9f6a3dcc02d83f","index":{"url":"z_4569faf12939b165_named_py.html","file":"pygeodesy/named.py","description":"","nums":{"precision":0,"n_files":1,"n_statements":561,"n_excluded":143,"n_missing":25,"n_branches":0,"n_partial_branches":0,"n_missing_branches":0}}},"z_4569faf12939b165_namedTuples_py":{"hash":"680773c9165054285aa3e3530bbc0f74","index":{"url":"z_4569faf12939b165_namedTuples_py.html","file":"pygeodesy/namedTuples.py","description":"","nums":{"precision":0,"n_files":1,"n_statements":240,"n_excluded":2,"n_missing":13,"n_branches":0,"n_partial_branches":0,"n_missing_branches":0}}},"z_4569faf12939b165_nvectorBase_py":{"hash":"cc329b933caf542a33328447ccfe1ea5","index":{"url":"z_4569faf12939b165_nvectorBase_py.html","file":"pygeodesy/nvectorBase.py","description":"","nums":{"precision":0,"n_files":1,"n_statements":255,"n_excluded":33,"n_missing":12,"n_branches":0,"n_partial_branches":0,"n_missing_branches":0}}},"z_4569faf12939b165_osgr_py":{"hash":"89aa32945863d9e090413d21528da202","index":{"url":"z_4569faf12939b165_osgr_py.html","file":"pygeodesy/osgr.py","description":"","nums":{"precision":0,"n_files":1,"n_statements":305,"n_excluded":65,"n_missing":8,"n_branches":0,"n_partial_branches":0,"n_missing_branches":0}}},"z_4569faf12939b165_points_py":{"hash":"134ee68d43f269f7c52e48a7c9d48606","index":{"url":"z_4569faf12939b165_points_py.html","file":"pygeodesy/points.py","description":"","nums":{"precision":0,"n_files":1,"n_statements":529,"n_excluded":100,"n_missing":36,"n_branches":0,"n_partial_branches":0,"n_missing_branches":0}}},"z_4569faf12939b165_props_py":{"hash":"f6a29a7314e9cb10697c10bf084af725","index":{"url":"z_4569faf12939b165_props_py.html","file":"pygeodesy/props.py","description":"","nums":{"precision":0,"n_files":1,"n_statements":241,"n_excluded":64,"n_missing":6,"n_branches":0,"n_partial_branches":0,"n_missing_branches":0}}},"z_4569faf12939b165_resections_py":{"hash":"726f2615c0233922c034aa788fa83ac7","index":{"url":"z_4569faf12939b165_resections_py.html","file":"pygeodesy/resections.py","description":"","nums":{"precision":0,"n_files":1,"n_statements":366,"n_excluded":65,"n_missing":10,"n_branches":0,"n_partial_branches":0,"n_missing_branches":0}}},"z_5cf368818b86873a___init___py":{"hash":"951b8af12e22a2e9d4279065612a8942","index":{"url":"z_5cf368818b86873a___init___py.html","file":"pygeodesy/rhumb/__init__.py","description":"","nums":{"precision":0,"n_files":1,"n_statements":10,"n_excluded":0,"n_missing":0,"n_branches":0,"n_partial_branches":0,"n_missing_branches":0}}},"z_5cf368818b86873a_aux__py":{"hash":"71dfdfe0a96260dd404829d11cf696d1","index":{"url":"z_5cf368818b86873a_aux__py.html","file":"pygeodesy/rhumb/aux_.py","description":"","nums":{"precision":0,"n_files":1,"n_statements":140,"n_excluded":2,"n_missing":6,"n_branches":0,"n_partial_branches":0,"n_missing_branches":0}}},"z_5cf368818b86873a_bases_py":{"hash":"0a0c5cb5ad043980d3c76f743633f9c5","index":{"url":"z_5cf368818b86873a_bases_py.html","file":"pygeodesy/rhumb/bases.py","description":"","nums":{"precision":0,"n_files":1,"n_statements":373,"n_excluded":116,"n_missing":24,"n_branches":0,"n_partial_branches":0,"n_missing_branches":0}}},"z_5cf368818b86873a_ekx_py":{"hash":"5f987c8bdceff1ac8a75a3428439d566","index":{"url":"z_5cf368818b86873a_ekx_py.html","file":"pygeodesy/rhumb/ekx.py","description":"","nums":{"precision":0,"n_files":1,"n_statements":226,"n_excluded":46,"n_missing":4,"n_branches":0,"n_partial_branches":0,"n_missing_branches":0}}},"z_5cf368818b86873a_solve_py":{"hash":"8607535acc7d63db608ec1a719bfd415","index":{"url":"z_5cf368818b86873a_solve_py.html","file":"pygeodesy/rhumb/solve.py","description":"","nums":{"precision":0,"n_files":1,"n_statements":96,"n_excluded":71,"n_missing":7,"n_branches":0,"n_partial_branches":0,"n_missing_branches":0}}},"z_4569faf12939b165_simplify_py":{"hash":"733fe45a975770e6748de2f39cde7a2e","index":{"url":"z_4569faf12939b165_simplify_py.html","file":"pygeodesy/simplify.py","description":"","nums":{"precision":0,"n_files":1,"n_statements":210,"n_excluded":3,"n_missing":2,"n_branches":0,"n_partial_branches":0,"n_missing_branches":0}}},"z_4569faf12939b165_solveBase_py":{"hash":"5a2da8f1952f23303905ca5fbca58108","index":{"url":"z_4569faf12939b165_solveBase_py.html","file":"pygeodesy/solveBase.py","description":"","nums":{"precision":0,"n_files":1,"n_statements":238,"n_excluded":40,"n_missing":20,"n_branches":0,"n_partial_branches":0,"n_missing_branches":0}}},"z_4569faf12939b165_sphericalBase_py":{"hash":"e0cd6f352e1709dcf215987884918300","index":{"url":"z_4569faf12939b165_sphericalBase_py.html","file":"pygeodesy/sphericalBase.py","description":"","nums":{"precision":0,"n_files":1,"n_statements":250,"n_excluded":11,"n_missing":14,"n_branches":0,"n_partial_branches":0,"n_missing_branches":0}}},"z_4569faf12939b165_sphericalNvector_py":{"hash":"77fb33a0cee68f7dac583ccedb1157d7","index":{"url":"z_4569faf12939b165_sphericalNvector_py.html","file":"pygeodesy/sphericalNvector.py","description":"","nums":{"precision":0,"n_files":1,"n_statements":314,"n_excluded":38,"n_missing":27,"n_branches":0,"n_partial_branches":0,"n_missing_branches":0}}},"z_4569faf12939b165_sphericalTrigonometry_py":{"hash":"cc95a2a6e1238e827410346abe5abad1","index":{"url":"z_4569faf12939b165_sphericalTrigonometry_py.html","file":"pygeodesy/sphericalTrigonometry.py","description":"","nums":{"precision":0,"n_files":1,"n_statements":387,"n_excluded":71,"n_missing":26,"n_branches":0,"n_partial_branches":0,"n_missing_branches":0}}},"z_4569faf12939b165_streprs_py":{"hash":"104a0bd377a5f98839d3bfe3bd4ae6bd","index":{"url":"z_4569faf12939b165_streprs_py.html","file":"pygeodesy/streprs.py","description":"","nums":{"precision":0,"n_files":1,"n_statements":272,"n_excluded":19,"n_missing":15,"n_branches":0,"n_partial_branches":0,"n_missing_branches":0}}},"z_4569faf12939b165_trf_py":{"hash":"69395c7c996fdc56c72e37a83224de68","index":{"url":"z_4569faf12939b165_trf_py.html","file":"pygeodesy/trf.py","description":"","nums":{"precision":0,"n_files":1,"n_statements":622,"n_excluded":62,"n_missing":28,"n_branches":0,"n_partial_branches":0,"n_missing_branches":0}}},"z_4569faf12939b165_triaxials_py":{"hash":"5e26a607ecec5e8cbcad17e52db661fe","index":{"url":"z_4569faf12939b165_triaxials_py.html","file":"pygeodesy/triaxials.py","description":"","nums":{"precision":0,"n_files":1,"n_statements":616,"n_excluded":46,"n_missing":34,"n_branches":0,"n_partial_branches":0,"n_missing_branches":0}}},"z_4569faf12939b165_units_py":{"hash":"f2b8962f1e8269bfdf84a4338de9f43a","index":{"url":"z_4569faf12939b165_units_py.html","file":"pygeodesy/units.py","description":"","nums":{"precision":0,"n_files":1,"n_statements":301,"n_excluded":12,"n_missing":13,"n_branches":0,"n_partial_branches":0,"n_missing_branches":0}}},"z_4569faf12939b165_unitsBase_py":{"hash":"66e3610eacde28cc75d62d87f985e508","index":{"url":"z_4569faf12939b165_unitsBase_py.html","file":"pygeodesy/unitsBase.py","description":"","nums":{"precision":0,"n_files":1,"n_statements":119,"n_excluded":9,"n_missing":6,"n_branches":0,"n_partial_branches":0,"n_missing_branches":0}}},"z_4569faf12939b165_ups_py":{"hash":"62a1ae1d25108cd1fac15c895aba89e7","index":{"url":"z_4569faf12939b165_ups_py.html","file":"pygeodesy/ups.py","description":"","nums":{"precision":0,"n_files":1,"n_statements":162,"n_excluded":10,"n_missing":5,"n_branches":0,"n_partial_branches":0,"n_missing_branches":0}}},"z_4569faf12939b165_utily_py":{"hash":"e719c0dad91fa88a7b3c4c8a111985f2","index":{"url":"z_4569faf12939b165_utily_py.html","file":"pygeodesy/utily.py","description":"","nums":{"precision":0,"n_files":1,"n_statements":347,"n_excluded":18,"n_missing":33,"n_branches":0,"n_partial_branches":0,"n_missing_branches":0}}},"z_4569faf12939b165_utm_py":{"hash":"6d4f9082b92c82a90df3b75e617d3479","index":{"url":"z_4569faf12939b165_utm_py.html","file":"pygeodesy/utm.py","description":"","nums":{"precision":0,"n_files":1,"n_statements":259,"n_excluded":21,"n_missing":8,"n_branches":0,"n_partial_branches":0,"n_missing_branches":0}}},"z_4569faf12939b165_utmups_py":{"hash":"d014e3818b8a2dd3aafa9c6a826706ba","index":{"url":"z_4569faf12939b165_utmups_py.html","file":"pygeodesy/utmups.py","description":"","nums":{"precision":0,"n_files":1,"n_statements":86,"n_excluded":13,"n_missing":2,"n_branches":0,"n_partial_branches":0,"n_missing_branches":0}}},"z_4569faf12939b165_utmupsBase_py":{"hash":"d03c4ddb47b31ef0ce5baddeb290c0f0","index":{"url":"z_4569faf12939b165_utmupsBase_py.html","file":"pygeodesy/utmupsBase.py","description":"","nums":{"precision":0,"n_files":1,"n_statements":231,"n_excluded":29,"n_missing":5,"n_branches":0,"n_partial_branches":0,"n_missing_branches":0}}},"z_4569faf12939b165_vector2d_py":{"hash":"66f90d9df34ab8e6046758a0eba522ba","index":{"url":"z_4569faf12939b165_vector2d_py.html","file":"pygeodesy/vector2d.py","description":"","nums":{"precision":0,"n_files":1,"n_statements":340,"n_excluded":25,"n_missing":8,"n_branches":0,"n_partial_branches":0,"n_missing_branches":0}}},"z_4569faf12939b165_vector3d_py":{"hash":"d5258febc0e77f4006f8f7589a50a420","index":{"url":"z_4569faf12939b165_vector3d_py.html","file":"pygeodesy/vector3d.py","description":"","nums":{"precision":0,"n_files":1,"n_statements":235,"n_excluded":44,"n_missing":8,"n_branches":0,"n_partial_branches":0,"n_missing_branches":0}}},"z_4569faf12939b165_vector3dBase_py":{"hash":"43ba6b50b3369274338fcef4fa5fe8a9","index":{"url":"z_4569faf12939b165_vector3dBase_py.html","file":"pygeodesy/vector3dBase.py","description":"","nums":{"precision":0,"n_files":1,"n_statements":287,"n_excluded":116,"n_missing":25,"n_branches":0,"n_partial_branches":0,"n_missing_branches":0}}},"z_4569faf12939b165_webmercator_py":{"hash":"c3457a8e38ca35e1eb22b165b7980cf9","index":{"url":"z_4569faf12939b165_webmercator_py.html","file":"pygeodesy/webmercator.py","description":"","nums":{"precision":0,"n_files":1,"n_statements":126,"n_excluded":18,"n_missing":1,"n_branches":0,"n_partial_branches":0,"n_missing_branches":0}}},"z_4569faf12939b165_wgrs_py":{"hash":"fecbdfd67793d02212fb34d7f0d5551c","index":{"url":"z_4569faf12939b165_wgrs_py.html","file":"pygeodesy/wgrs.py","description":"","nums":{"precision":0,"n_files":1,"n_statements":189,"n_excluded":9,"n_missing":6,"n_branches":0,"n_partial_branches":0,"n_missing_branches":0}}}}}