{"format":1,"version":"4.5.4","settings":"5b31292ae63849cb3270fafddad70857","files":{"pygeodesy___init___py":{"hash":"8a9cb0da3cf8bba4ef8828f5f30eab45","index":{"nums":[1,127,3,3,0,0,0],"html_filename":"pygeodesy___init___py.html","relative_filename":"pygeodesy/__init__.py"}},"pygeodesy_albers_py":{"hash":"f3c24ae1d34d47ef2114adf5264cc196","index":{"nums":[1,370,6,17,0,0,0],"html_filename":"pygeodesy_albers_py.html","relative_filename":"pygeodesy/albers.py"}},"pygeodesy_azimuthal_py":{"hash":"2d43274234b7c512dbb7ad4e6ef27af7","index":{"nums":[1,271,12,10,0,0,0],"html_filename":"pygeodesy_azimuthal_py.html","relative_filename":"pygeodesy/azimuthal.py"}},"pygeodesy_bases_py":{"hash":"0e9da6f8f421164aef4ddbeed8bfd5eb","index":{"nums":[1,6,0,0,0,0,0],"html_filename":"pygeodesy_bases_py.html","relative_filename":"pygeodesy/bases.py"}},"pygeodesy_basics_py":{"hash":"28880911a988ed39ba5efedb1c280d2a","index":{"nums":[1,146,29,5,0,0,0],"html_filename":"pygeodesy_basics_py.html","relative_filename":"pygeodesy/basics.py"}},"pygeodesy_cartesianBase_py":{"hash":"1616fddd57418d883f6d633a77aa6cde","index":{"nums":[1,128,9,6,0,0,0],"html_filename":"pygeodesy_cartesianBase_py.html","relative_filename":"pygeodesy/cartesianBase.py"}},"pygeodesy_clipy_py":{"hash":"13047562691f0bbad6ca83b2bbd642a1","index":{"nums":[1,242,16,15,0,0,0],"html_filename":"pygeodesy_clipy_py.html","relative_filename":"pygeodesy/clipy.py"}},"pygeodesy_css_py":{"hash":"10a7a76eacc5b18c5e340dfeadb65488","index":{"nums":[1,192,0,7,0,0,0],"html_filename":"pygeodesy_css_py.html","relative_filename":"pygeodesy/css.py"}},"pygeodesy_datum_py":{"hash":"d3f9f50f75e97ff7491560c23ae22eee","index":{"nums":[1,5,0,0,0,0,0],"html_filename":"pygeodesy_datum_py.html","relative_filename":"pygeodesy/datum.py"}},"pygeodesy_datums_py":{"hash":"3991736897db15f3cef31e2f4aca9ee3","index":{"nums":[1,141,6,7,0,0,0],"html_filename":"pygeodesy_datums_py.html","relative_filename":"pygeodesy/datums.py"}},"pygeodesy_deprecated_py":{"hash":"194e55bef1763647880ddd74ae606a70","index":{"nums":[1,97,40,0,0,0,0],"html_filename":"pygeodesy_deprecated_py.html","relative_filename":"pygeodesy/deprecated.py"}},"pygeodesy_dms_py":{"hash":"f6fdcdff5303a11898a9f446252a3fbe","index":{"nums":[1,268,7,7,0,0,0],"html_filename":"pygeodesy_dms_py.html","relative_filename":"pygeodesy/dms.py"}},"pygeodesy_ecef_py":{"hash":"bd432051bb25f320d2d9c73bc895c019","index":{"nums":[1,365,25,15,0,0,0],"html_filename":"pygeodesy_ecef_py.html","relative_filename":"pygeodesy/ecef.py"}},"pygeodesy_elevations_py":{"hash":"2c9d514836cacb07108df2e7c02efe70","index":{"nums":[1,78,23,4,0,0,0],"html_filename":"pygeodesy_elevations_py.html","relative_filename":"pygeodesy/elevations.py"}},"pygeodesy_ellipsoidalBase_py":{"hash":"07fbdf6e5558bd0215d96b385c0cf393","index":{"nums":[1,315,20,17,0,0,0],"html_filename":"pygeodesy_ellipsoidalBase_py.html","relative_filename":"pygeodesy/ellipsoidalBase.py"}},"pygeodesy_ellipsoidalKarney_py":{"hash":"be00abbaf969d88f2547ea2877b10bb7","index":{"nums":[1,94,5,0,0,0,0],"html_filename":"pygeodesy_ellipsoidalKarney_py.html","relative_filename":"pygeodesy/ellipsoidalKarney.py"}},"pygeodesy_ellipsoidalNvector_py":{"hash":"4e30ec7ba7c37344d44ed94f87e7742b","index":{"nums":[1,169,6,4,0,0,0],"html_filename":"pygeodesy_ellipsoidalNvector_py.html","relative_filename":"pygeodesy/ellipsoidalNvector.py"}},"pygeodesy_ellipsoidalVincenty_py":{"hash":"40fddc3d0afa19dab4294d02cb408a61","index":{"nums":[1,157,16,8,0,0,0],"html_filename":"pygeodesy_ellipsoidalVincenty_py.html","relative_filename":"pygeodesy/ellipsoidalVincenty.py"}},"pygeodesy_ellipsoids_py":{"hash":"4c4e813a55b7ba4146405a11770bc7c3","index":{"nums":[1,571,22,14,0,0,0],"html_filename":"pygeodesy_ellipsoids_py.html","relative_filename":"pygeodesy/ellipsoids.py"}},"pygeodesy_elliptic_py":{"hash":"e4c33fd1febcfadf96ad881711105e52","index":{"nums":[1,342,25,10,0,0,0],"html_filename":"pygeodesy_elliptic_py.html","relative_filename":"pygeodesy/elliptic.py"}},"pygeodesy_epsg_py":{"hash":"4aa3f7fc0916a78cb4f0363ca50154f0","index":{"nums":[1,97,5,4,0,0,0],"html_filename":"pygeodesy_epsg_py.html","relative_filename":"pygeodesy/epsg.py"}},"pygeodesy_errors_py":{"hash":"1603e01797b76e5d39a17263f4211395","index":{"nums":[1,185,18,5,0,0,0],"html_filename":"pygeodesy_errors_py.html","relative_filename":"pygeodesy/errors.py"}},"pygeodesy_etm_py":{"hash":"539f1f9d6cf30ae6645bf5f5f56fbbe4","index":{"nums":[1,359,6,21,0,0,0],"html_filename":"pygeodesy_etm_py.html","relative_filename":"pygeodesy/etm.py"}},"pygeodesy_fmath_py":{"hash":"02047ad7e303ed31a5e2b81c7648e830","index":{"nums":[1,278,46,7,0,0,0],"html_filename":"pygeodesy_fmath_py.html","relative_filename":"pygeodesy/fmath.py"}},"pygeodesy_formy_py":{"hash":"eb99004d1e479acf41c2be3493641e0b","index":{"nums":[1,287,7,3,0,0,0],"html_filename":"pygeodesy_formy_py.html","relative_filename":"pygeodesy/formy.py"}},"pygeodesy_frechet_py":{"hash":"396edfdd75de81a4b05136ec2c71065a","index":{"nums":[1,272,52,8,0,0,0],"html_filename":"pygeodesy_frechet_py.html","relative_filename":"pygeodesy/frechet.py"}},"pygeodesy_gars_py":{"hash":"4ee19d7eb24e188f3f44faa432d1353d","index":{"nums":[1,158,8,6,0,0,0],"html_filename":"pygeodesy_gars_py.html","relative_filename":"pygeodesy/gars.py"}},"pygeodesy_geohash_py":{"hash":"8dc47036446f250cd08dacb0fe8dd782","index":{"nums":[1,241,17,7,0,0,0],"html_filename":"pygeodesy_geohash_py.html","relative_filename":"pygeodesy/geohash.py"}},"pygeodesy_geoids_py":{"hash":"ed24f9b35e0f2b1eb14caeb8650dc15b","index":{"nums":[1,645,80,40,0,0,0],"html_filename":"pygeodesy_geoids_py.html","relative_filename":"pygeodesy/geoids.py"}},"pygeodesy_hausdorff_py":{"hash":"38f3daf26d2e8fea1c7c3a6ea5176b69","index":{"nums":[1,253,59,7,0,0,0],"html_filename":"pygeodesy_hausdorff_py.html","relative_filename":"pygeodesy/hausdorff.py"}},"pygeodesy_heights_py":{"hash":"54895fc935904df91dfa4c0600556627","index":{"nums":[1,354,73,15,0,0,0],"html_filename":"pygeodesy_heights_py.html","relative_filename":"pygeodesy/heights.py"}},"pygeodesy_interns_py":{"hash":"bb3886f3ac8f3a05b8dbbb85c53b0b1e","index":{"nums":[1,218,6,6,0,0,0],"html_filename":"pygeodesy_interns_py.html","relative_filename":"pygeodesy/interns.py"}},"pygeodesy_karney_py":{"hash":"e428e29093e11a3e6848cbdddbeed6dc","index":{"nums":[1,116,0,4,0,0,0],"html_filename":"pygeodesy_karney_py.html","relative_filename":"pygeodesy/karney.py"}},"pygeodesy_latlonBase_py":{"hash":"8d0005ccc13f2380ff583f0d87e40548","index":{"nums":[1,249,38,6,0,0,0],"html_filename":"pygeodesy_latlonBase_py.html","relative_filename":"pygeodesy/latlonBase.py"}},"pygeodesy_lazily_py":{"hash":"94f70095cca9c4b4c9ec54742ddfe3c9","index":{"nums":[1,104,19,5,0,0,0],"html_filename":"pygeodesy_lazily_py.html","relative_filename":"pygeodesy/lazily.py"}},"pygeodesy_lcc_py":{"hash":"c7498f1e48677d579b25acc4848dc874","index":{"nums":[1,241,13,7,0,0,0],"html_filename":"pygeodesy_lcc_py.html","relative_filename":"pygeodesy/lcc.py"}},"pygeodesy_mgrs_py":{"hash":"9ac6beb448175061d5e2826009571f1e","index":{"nums":[1,135,4,3,0,0,0],"html_filename":"pygeodesy_mgrs_py.html","relative_filename":"pygeodesy/mgrs.py"}},"pygeodesy_named_py":{"hash":"e3680e855518dacc4c48aa27dabfeaf4","index":{"nums":[1,322,51,17,0,0,0],"html_filename":"pygeodesy_named_py.html","relative_filename":"pygeodesy/named.py"}},"pygeodesy_namedTuples_py":{"hash":"2a7656c2d71ee732a26c360a9e6c6325","index":{"nums":[1,103,1,1,0,0,0],"html_filename":"pygeodesy_namedTuples_py.html","relative_filename":"pygeodesy/namedTuples.py"}},"pygeodesy_nvector_py":{"hash":"0fcb1462bc94903727777a6fbac9d8d1","index":{"nums":[1,6,0,0,0,0,0],"html_filename":"pygeodesy_nvector_py.html","relative_filename":"pygeodesy/nvector.py"}},"pygeodesy_nvectorBase_py":{"hash":"d4169aadca11e93b3e597f161be47fa6","index":{"nums":[1,215,21,7,0,0,0],"html_filename":"pygeodesy_nvectorBase_py.html","relative_filename":"pygeodesy/nvectorBase.py"}},"pygeodesy_osgr_py":{"hash":"315b3a6607872eb2d102dbf8302b7bce","index":{"nums":[1,206,9,12,0,0,0],"html_filename":"pygeodesy_osgr_py.html","relative_filename":"pygeodesy/osgr.py"}},"pygeodesy_points_py":{"hash":"d7214f3adb00740e22255f8dfbeda6b1","index":{"nums":[1,513,43,30,0,0,0],"html_filename":"pygeodesy_points_py.html","relative_filename":"pygeodesy/points.py"}},"pygeodesy_simplify_py":{"hash":"d24a1e8839b611a3deb3141b35017950","index":{"nums":[1,224,3,4,0,0,0],"html_filename":"pygeodesy_simplify_py.html","relative_filename":"pygeodesy/simplify.py"}},"pygeodesy_sphericalBase_py":{"hash":"cfcf8a9fdef93fa1316aace98ed463a1","index":{"nums":[1,144,6,9,0,0,0],"html_filename":"pygeodesy_sphericalBase_py.html","relative_filename":"pygeodesy/sphericalBase.py"}},"pygeodesy_sphericalNvector_py":{"hash":"47fdb5c1b7c8b274bc19d3df0919f147","index":{"nums":[1,258,17,13,0,0,0],"html_filename":"pygeodesy_sphericalNvector_py.html","relative_filename":"pygeodesy/sphericalNvector.py"}},"pygeodesy_sphericalTrigonometry_py":{"hash":"e23c2ec6e5a5bc6502f3cfe01773618c","index":{"nums":[1,327,35,16,0,0,0],"html_filename":"pygeodesy_sphericalTrigonometry_py.html","relative_filename":"pygeodesy/sphericalTrigonometry.py"}},"pygeodesy_streprs_py":{"hash":"b3977aefcd3a7a5c689c8c96b4ec9cbb","index":{"nums":[1,97,5,1,0,0,0],"html_filename":"pygeodesy_streprs_py.html","relative_filename":"pygeodesy/streprs.py"}},"pygeodesy_trf_py":{"hash":"c19476633f068d22d525aab435873f8e","index":{"nums":[1,103,9,2,0,0,0],"html_filename":"pygeodesy_trf_py.html","relative_filename":"pygeodesy/trf.py"}},"pygeodesy_units_py":{"hash":"c22dce92a0646d04b846f15d0466b915","index":{"nums":[1,313,19,16,0,0,0],"html_filename":"pygeodesy_units_py.html","relative_filename":"pygeodesy/units.py"}},"pygeodesy_ups_py":{"hash":"153f553da041e12aeb98317f00b8e564","index":{"nums":[1,171,5,7,0,0,0],"html_filename":"pygeodesy_ups_py.html","relative_filename":"pygeodesy/ups.py"}},"pygeodesy_utily_py":{"hash":"a35dbcaa62ddcbea754cad86987dcc5e","index":{"nums":[1,157,3,4,0,0,0],"html_filename":"pygeodesy_utily_py.html","relative_filename":"pygeodesy/utily.py"}},"pygeodesy_utm_py":{"hash":"061c6879362f8eeee7f0b677fd772201","index":{"nums":[1,251,14,7,0,0,0],"html_filename":"pygeodesy_utm_py.html","relative_filename":"pygeodesy/utm.py"}},"pygeodesy_utmups_py":{"hash":"e54bbc94ec3217e3ddcb990a593dc020","index":{"nums":[1,97,4,5,0,0,0],"html_filename":"pygeodesy_utmups_py.html","relative_filename":"pygeodesy/utmups.py"}},"pygeodesy_utmupsBase_py":{"hash":"4832ad2d7b092e0ac1ac66310340ff26","index":{"nums":[1,206,12,11,0,0,0],"html_filename":"pygeodesy_utmupsBase_py.html","relative_filename":"pygeodesy/utmupsBase.py"}},"pygeodesy_vector3d_py":{"hash":"900070618608cb4db8bd02528dbd4a33","index":{"nums":[1,338,32,22,0,0,0],"html_filename":"pygeodesy_vector3d_py.html","relative_filename":"pygeodesy/vector3d.py"}},"pygeodesy_webmercator_py":{"hash":"34a01706e8e4cf90a681dbdc40fc16a4","index":{"nums":[1,123,7,1,0,0,0],"html_filename":"pygeodesy_webmercator_py.html","relative_filename":"pygeodesy/webmercator.py"}},"pygeodesy_wgrs_py":{"hash":"c4a5676e0884a47b2317456f4fd2e6bc","index":{"nums":[1,201,5,8,0,0,0],"html_filename":"pygeodesy_wgrs_py.html","relative_filename":"pygeodesy/wgrs.py"}}}}