{"format":1,"version":"4.5.4","settings":"02296df1292e9155d75e449a2bfa7832","files":{"pygeodesy___init___py":{"hash":"0e9541114bd32cf222505f8adb1931fa","index":{"nums":[1,138,3,6,0,0,0],"html_filename":"pygeodesy___init___py.html","relative_filename":"pygeodesy/__init__.py"}},"pygeodesy_albers_py":{"hash":"0abf0568a4e4569776e32d05c1149716","index":{"nums":[1,380,9,18,0,0,0],"html_filename":"pygeodesy_albers_py.html","relative_filename":"pygeodesy/albers.py"}},"pygeodesy_azimuthal_py":{"hash":"2b42669b3fb7235c5a32ab72dd4d6530","index":{"nums":[1,274,15,7,0,0,0],"html_filename":"pygeodesy_azimuthal_py.html","relative_filename":"pygeodesy/azimuthal.py"}},"pygeodesy_basics_py":{"hash":"11daa0048d605fe7f7cee1ecb721f716","index":{"nums":[1,117,26,4,0,0,0],"html_filename":"pygeodesy_basics_py.html","relative_filename":"pygeodesy/basics.py"}},"pygeodesy_cartesianBase_py":{"hash":"2187e018776ea71b09307d4d516bab32","index":{"nums":[1,153,12,5,0,0,0],"html_filename":"pygeodesy_cartesianBase_py.html","relative_filename":"pygeodesy/cartesianBase.py"}},"pygeodesy_clipy_py":{"hash":"18e7df98380e04bf3592a0e416b11698","index":{"nums":[1,297,16,13,0,0,0],"html_filename":"pygeodesy_clipy_py.html","relative_filename":"pygeodesy/clipy.py"}},"pygeodesy_css_py":{"hash":"fb0c8d7321f17e35612f6ad27b170fa9","index":{"nums":[1,197,3,6,0,0,0],"html_filename":"pygeodesy_css_py.html","relative_filename":"pygeodesy/css.py"}},"pygeodesy_datums_py":{"hash":"cd730e233a968f10c675cb22c947ff95","index":{"nums":[1,164,14,5,0,0,0],"html_filename":"pygeodesy_datums_py.html","relative_filename":"pygeodesy/datums.py"}},"pygeodesy_deprecated___init___py":{"hash":"5cd94742e93e0150c430dc0d3c7a3406","index":{"nums":[1,54,154,1,0,0,0],"html_filename":"pygeodesy_deprecated___init___py.html","relative_filename":"pygeodesy/deprecated/__init__.py"}},"pygeodesy_deprecated_bases_py":{"hash":"fa163eff8db14057476b202a8c904157","index":{"nums":[1,6,0,0,0,0,0],"html_filename":"pygeodesy_deprecated_bases_py.html","relative_filename":"pygeodesy/deprecated/bases.py"}},"pygeodesy_deprecated_datum_py":{"hash":"49104cee81306465f3157ec133ce28e5","index":{"nums":[1,5,0,0,0,0,0],"html_filename":"pygeodesy_deprecated_datum_py.html","relative_filename":"pygeodesy/deprecated/datum.py"}},"pygeodesy_deprecated_nvector_py":{"hash":"ed8d79f980da33d27fab822a009ff53e","index":{"nums":[1,10,0,0,0,0,0],"html_filename":"pygeodesy_deprecated_nvector_py.html","relative_filename":"pygeodesy/deprecated/nvector.py"}},"pygeodesy_dms_py":{"hash":"e506561656681f6f58540eed1a2a4e27","index":{"nums":[1,264,7,7,0,0,0],"html_filename":"pygeodesy_dms_py.html","relative_filename":"pygeodesy/dms.py"}},"pygeodesy_ecef_py":{"hash":"ba59a39e578da6aa57c5c7a2fbc02809","index":{"nums":[1,383,28,19,0,0,0],"html_filename":"pygeodesy_ecef_py.html","relative_filename":"pygeodesy/ecef.py"}},"pygeodesy_elevations_py":{"hash":"7ff0db5043ed40990898508bedd3fa35","index":{"nums":[1,80,22,4,0,0,0],"html_filename":"pygeodesy_elevations_py.html","relative_filename":"pygeodesy/elevations.py"}},"pygeodesy_ellipsoidalBase_py":{"hash":"41b2b3e33bfc0831a0ead87b59e45ef1","index":{"nums":[1,343,31,18,0,0,0],"html_filename":"pygeodesy_ellipsoidalBase_py.html","relative_filename":"pygeodesy/ellipsoidalBase.py"}},"pygeodesy_ellipsoidalKarney_py":{"hash":"dc598ca4985821150ee55e679b713c63","index":{"nums":[1,99,5,1,0,0,0],"html_filename":"pygeodesy_ellipsoidalKarney_py.html","relative_filename":"pygeodesy/ellipsoidalKarney.py"}},"pygeodesy_ellipsoidalNvector_py":{"hash":"d0a0aa8ddb419c8632416a9c9a36e1f7","index":{"nums":[1,166,6,3,0,0,0],"html_filename":"pygeodesy_ellipsoidalNvector_py.html","relative_filename":"pygeodesy/ellipsoidalNvector.py"}},"pygeodesy_ellipsoidalVincenty_py":{"hash":"68a4cff0a54cfd70e69e6ea54de2a73c","index":{"nums":[1,176,15,7,0,0,0],"html_filename":"pygeodesy_ellipsoidalVincenty_py.html","relative_filename":"pygeodesy/ellipsoidalVincenty.py"}},"pygeodesy_ellipsoids_py":{"hash":"ab0420a30c6d057766d96f94aad63eb7","index":{"nums":[1,612,36,31,0,0,0],"html_filename":"pygeodesy_ellipsoids_py.html","relative_filename":"pygeodesy/ellipsoids.py"}},"pygeodesy_elliptic_py":{"hash":"1a0637265a5d793cf7a6cb9093e7f86a","index":{"nums":[1,362,25,13,0,0,0],"html_filename":"pygeodesy_elliptic_py.html","relative_filename":"pygeodesy/elliptic.py"}},"pygeodesy_epsg_py":{"hash":"f2b40e88ce9ba3bcd0799ee7e51b338e","index":{"nums":[1,103,5,4,0,0,0],"html_filename":"pygeodesy_epsg_py.html","relative_filename":"pygeodesy/epsg.py"}},"pygeodesy_errors_py":{"hash":"adb594a3c4ff1bfee317a7c024c283ad","index":{"nums":[1,206,18,6,0,0,0],"html_filename":"pygeodesy_errors_py.html","relative_filename":"pygeodesy/errors.py"}},"pygeodesy_etm_py":{"hash":"716cba8a8e39daa83536c06953df119a","index":{"nums":[1,364,8,23,0,0,0],"html_filename":"pygeodesy_etm_py.html","relative_filename":"pygeodesy/etm.py"}},"pygeodesy_fmath_py":{"hash":"db753d0139122a20f00454be6af0271e","index":{"nums":[1,297,45,10,0,0,0],"html_filename":"pygeodesy_fmath_py.html","relative_filename":"pygeodesy/fmath.py"}},"pygeodesy_formy_py":{"hash":"752ec63a07f0372c6065fa3664cc5217","index":{"nums":[1,268,5,6,0,0,0],"html_filename":"pygeodesy_formy_py.html","relative_filename":"pygeodesy/formy.py"}},"pygeodesy_frechet_py":{"hash":"c4e5dce44619c9fc03d69a404471748b","index":{"nums":[1,256,50,5,0,0,0],"html_filename":"pygeodesy_frechet_py.html","relative_filename":"pygeodesy/frechet.py"}},"pygeodesy_gars_py":{"hash":"c64a3b7fc872360f4656f7099e4444b4","index":{"nums":[1,150,8,7,0,0,0],"html_filename":"pygeodesy_gars_py.html","relative_filename":"pygeodesy/gars.py"}},"pygeodesy_geohash_py":{"hash":"9fd4d4cc752073eafe686f9a4c76d0ac","index":{"nums":[1,286,17,14,0,0,0],"html_filename":"pygeodesy_geohash_py.html","relative_filename":"pygeodesy/geohash.py"}},"pygeodesy_geoids_py":{"hash":"2371f7c49b3ed1619ee87fee0c33fcc0","index":{"nums":[1,672,88,35,0,0,0],"html_filename":"pygeodesy_geoids_py.html","relative_filename":"pygeodesy/geoids.py"}},"pygeodesy_hausdorff_py":{"hash":"2634fdd7fa8ee9f877a15690f90f9790","index":{"nums":[1,262,59,8,0,0,0],"html_filename":"pygeodesy_hausdorff_py.html","relative_filename":"pygeodesy/hausdorff.py"}},"pygeodesy_heights_py":{"hash":"2d87c62b378ffb1a84d1aeb16d7c536e","index":{"nums":[1,369,73,18,0,0,0],"html_filename":"pygeodesy_heights_py.html","relative_filename":"pygeodesy/heights.py"}},"pygeodesy_interns_py":{"hash":"1c05604527429e9471c4574e6e34255b","index":{"nums":[1,321,5,6,0,0,0],"html_filename":"pygeodesy_interns_py.html","relative_filename":"pygeodesy/interns.py"}},"pygeodesy_iters_py":{"hash":"b9c4e78c9781302884a275264ff68699","index":{"nums":[1,179,11,9,0,0,0],"html_filename":"pygeodesy_iters_py.html","relative_filename":"pygeodesy/iters.py"}},"pygeodesy_karney_py":{"hash":"681ea1992523dbf9aa283fdaa023f735","index":{"nums":[1,124,0,6,0,0,0],"html_filename":"pygeodesy_karney_py.html","relative_filename":"pygeodesy/karney.py"}},"pygeodesy_latlonBase_py":{"hash":"b96818f82dfd9187b90beb5cb507c32d","index":{"nums":[1,274,36,8,0,0,0],"html_filename":"pygeodesy_latlonBase_py.html","relative_filename":"pygeodesy/latlonBase.py"}},"pygeodesy_lazily_py":{"hash":"6b8450a4ba5ccfb99ad32eec59d6def1","index":{"nums":[1,112,27,4,0,0,0],"html_filename":"pygeodesy_lazily_py.html","relative_filename":"pygeodesy/lazily.py"}},"pygeodesy_lcc_py":{"hash":"a4a9b10bceb25d70443eea5034f90078","index":{"nums":[1,270,13,10,0,0,0],"html_filename":"pygeodesy_lcc_py.html","relative_filename":"pygeodesy/lcc.py"}},"pygeodesy_mgrs_py":{"hash":"dd65c622acbf8603cb19e1ca99edce5b","index":{"nums":[1,157,4,4,0,0,0],"html_filename":"pygeodesy_mgrs_py.html","relative_filename":"pygeodesy/mgrs.py"}},"pygeodesy_named_py":{"hash":"898e132f0f1801aff3f82cafa72abd79","index":{"nums":[1,401,65,24,0,0,0],"html_filename":"pygeodesy_named_py.html","relative_filename":"pygeodesy/named.py"}},"pygeodesy_namedTuples_py":{"hash":"358f4b454a57367f0995c7582fff510d","index":{"nums":[1,151,0,1,0,0,0],"html_filename":"pygeodesy_namedTuples_py.html","relative_filename":"pygeodesy/namedTuples.py"}},"pygeodesy_nvectorBase_py":{"hash":"2878905e9aad45993b41e8a95eba8c6d","index":{"nums":[1,237,21,9,0,0,0],"html_filename":"pygeodesy_nvectorBase_py.html","relative_filename":"pygeodesy/nvectorBase.py"}},"pygeodesy_osgr_py":{"hash":"bd4136d457488a45030ee89f4f1e6ddd","index":{"nums":[1,208,8,12,0,0,0],"html_filename":"pygeodesy_osgr_py.html","relative_filename":"pygeodesy/osgr.py"}},"pygeodesy_points_py":{"hash":"b8f1d28f46a6461010b40b27cb57e321","index":{"nums":[1,552,50,31,0,0,0],"html_filename":"pygeodesy_points_py.html","relative_filename":"pygeodesy/points.py"}},"pygeodesy_props_py":{"hash":"6574eba635fcb8b4b56181861715e65b","index":{"nums":[1,152,35,7,0,0,0],"html_filename":"pygeodesy_props_py.html","relative_filename":"pygeodesy/props.py"}},"pygeodesy_simplify_py":{"hash":"98cd0bb4b5996dbdb694b68cb0edf9d3","index":{"nums":[1,225,3,4,0,0,0],"html_filename":"pygeodesy_simplify_py.html","relative_filename":"pygeodesy/simplify.py"}},"pygeodesy_sphericalBase_py":{"hash":"7445efa61c3c54e93addac688e21dc68","index":{"nums":[1,148,6,6,0,0,0],"html_filename":"pygeodesy_sphericalBase_py.html","relative_filename":"pygeodesy/sphericalBase.py"}},"pygeodesy_sphericalNvector_py":{"hash":"b60233f9ee8efffa43ef9f43e9b90e7d","index":{"nums":[1,247,17,6,0,0,0],"html_filename":"pygeodesy_sphericalNvector_py.html","relative_filename":"pygeodesy/sphericalNvector.py"}},"pygeodesy_sphericalTrigonometry_py":{"hash":"176b5395522ea9b8f24308594be3c867","index":{"nums":[1,360,37,14,0,0,0],"html_filename":"pygeodesy_sphericalTrigonometry_py.html","relative_filename":"pygeodesy/sphericalTrigonometry.py"}},"pygeodesy_streprs_py":{"hash":"a17a5de3c231f54e3c9eb23d718f081e","index":{"nums":[1,206,10,10,0,0,0],"html_filename":"pygeodesy_streprs_py.html","relative_filename":"pygeodesy/streprs.py"}},"pygeodesy_trf_py":{"hash":"e385bf1190bccd20289b83919a968dc5","index":{"nums":[1,109,11,2,0,0,0],"html_filename":"pygeodesy_trf_py.html","relative_filename":"pygeodesy/trf.py"}},"pygeodesy_units_py":{"hash":"6aed8de7b6fcf4f213994b4cc83a863c","index":{"nums":[1,365,17,22,0,0,0],"html_filename":"pygeodesy_units_py.html","relative_filename":"pygeodesy/units.py"}},"pygeodesy_ups_py":{"hash":"f2f130666ff3a6e8373fce9a578f903d","index":{"nums":[1,176,8,7,0,0,0],"html_filename":"pygeodesy_ups_py.html","relative_filename":"pygeodesy/ups.py"}},"pygeodesy_utily_py":{"hash":"4157d8b94f136ab7fa245ce35bfb36e1","index":{"nums":[1,181,3,6,0,0,0],"html_filename":"pygeodesy_utily_py.html","relative_filename":"pygeodesy/utily.py"}},"pygeodesy_utm_py":{"hash":"30d8626613313d7a711504e43cf3bd40","index":{"nums":[1,261,17,5,0,0,0],"html_filename":"pygeodesy_utm_py.html","relative_filename":"pygeodesy/utm.py"}},"pygeodesy_utmups_py":{"hash":"42f1d41ce7cabc830557a35bc538944d","index":{"nums":[1,99,4,5,0,0,0],"html_filename":"pygeodesy_utmups_py.html","relative_filename":"pygeodesy/utmups.py"}},"pygeodesy_utmupsBase_py":{"hash":"8246254d28b2d171abfe41cf33617f8d","index":{"nums":[1,186,12,11,0,0,0],"html_filename":"pygeodesy_utmupsBase_py.html","relative_filename":"pygeodesy/utmupsBase.py"}},"pygeodesy_vector3d_py":{"hash":"586271441e01911fcc75f4d9951f1072","index":{"nums":[1,371,32,21,0,0,0],"html_filename":"pygeodesy_vector3d_py.html","relative_filename":"pygeodesy/vector3d.py"}},"pygeodesy_webmercator_py":{"hash":"6c950bcc44703b0b86def3ee4e927f57","index":{"nums":[1,119,10,1,0,0,0],"html_filename":"pygeodesy_webmercator_py.html","relative_filename":"pygeodesy/webmercator.py"}},"pygeodesy_wgrs_py":{"hash":"df76371e2b6792395dc0b9ccac4d4bdd","index":{"nums":[1,193,5,7,0,0,0],"html_filename":"pygeodesy_wgrs_py.html","relative_filename":"pygeodesy/wgrs.py"}}}}