{"format":1,"version":"4.5.4","settings":"e2f5823a4668f18b9ba618c7abf3e27e","files":{"pygeodesy___init___py":{"hash":"f795566208067da0944dea2a7e01316c","index":{"nums":[1,136,3,6,0,0,0],"html_filename":"pygeodesy___init___py.html","relative_filename":"pygeodesy/__init__.py"}},"pygeodesy_albers_py":{"hash":"8872e0f7ed483a8408715d7de11c846f","index":{"nums":[1,380,6,18,0,0,0],"html_filename":"pygeodesy_albers_py.html","relative_filename":"pygeodesy/albers.py"}},"pygeodesy_azimuthal_py":{"hash":"2153f65fab76afa76548cd00c0da7cf5","index":{"nums":[1,274,12,7,0,0,0],"html_filename":"pygeodesy_azimuthal_py.html","relative_filename":"pygeodesy/azimuthal.py"}},"pygeodesy_basics_py":{"hash":"11daa0048d605fe7f7cee1ecb721f716","index":{"nums":[1,117,26,4,0,0,0],"html_filename":"pygeodesy_basics_py.html","relative_filename":"pygeodesy/basics.py"}},"pygeodesy_cartesianBase_py":{"hash":"f1b56b1e7430d66855f025574b3d23c1","index":{"nums":[1,152,12,5,0,0,0],"html_filename":"pygeodesy_cartesianBase_py.html","relative_filename":"pygeodesy/cartesianBase.py"}},"pygeodesy_clipy_py":{"hash":"9384d6b38328a71f76d437d33016d81b","index":{"nums":[1,297,16,13,0,0,0],"html_filename":"pygeodesy_clipy_py.html","relative_filename":"pygeodesy/clipy.py"}},"pygeodesy_css_py":{"hash":"1113be83fe9f9b8d7c6ffceab42e5dd4","index":{"nums":[1,196,0,6,0,0,0],"html_filename":"pygeodesy_css_py.html","relative_filename":"pygeodesy/css.py"}},"pygeodesy_datums_py":{"hash":"cd730e233a968f10c675cb22c947ff95","index":{"nums":[1,164,14,5,0,0,0],"html_filename":"pygeodesy_datums_py.html","relative_filename":"pygeodesy/datums.py"}},"pygeodesy_deprecated___init___py":{"hash":"8ec8bbe31c1134ff37616f274f2d7689","index":{"nums":[1,105,39,4,0,0,0],"html_filename":"pygeodesy_deprecated___init___py.html","relative_filename":"pygeodesy/deprecated/__init__.py"}},"pygeodesy_deprecated_bases_py":{"hash":"15b491bd9179b11dc06ce9570ebca768","index":{"nums":[1,6,0,0,0,0,0],"html_filename":"pygeodesy_deprecated_bases_py.html","relative_filename":"pygeodesy/deprecated/bases.py"}},"pygeodesy_deprecated_datum_py":{"hash":"be109a7a187bb235a8a6147a0ec36ab4","index":{"nums":[1,5,0,0,0,0,0],"html_filename":"pygeodesy_deprecated_datum_py.html","relative_filename":"pygeodesy/deprecated/datum.py"}},"pygeodesy_deprecated_nvector_py":{"hash":"e13d276f0c72ccfb746dffcccc906e0a","index":{"nums":[1,8,0,0,0,0,0],"html_filename":"pygeodesy_deprecated_nvector_py.html","relative_filename":"pygeodesy/deprecated/nvector.py"}},"pygeodesy_dms_py":{"hash":"e506561656681f6f58540eed1a2a4e27","index":{"nums":[1,264,7,7,0,0,0],"html_filename":"pygeodesy_dms_py.html","relative_filename":"pygeodesy/dms.py"}},"pygeodesy_ecef_py":{"hash":"6c1dd42bbc8a1b5fd475f918b3376f1a","index":{"nums":[1,384,28,19,0,0,0],"html_filename":"pygeodesy_ecef_py.html","relative_filename":"pygeodesy/ecef.py"}},"pygeodesy_elevations_py":{"hash":"7ff0db5043ed40990898508bedd3fa35","index":{"nums":[1,80,22,4,0,0,0],"html_filename":"pygeodesy_elevations_py.html","relative_filename":"pygeodesy/elevations.py"}},"pygeodesy_ellipsoidalBase_py":{"hash":"c41a460cd1db02dbddf546d1ca9bce2b","index":{"nums":[1,340,31,17,0,0,0],"html_filename":"pygeodesy_ellipsoidalBase_py.html","relative_filename":"pygeodesy/ellipsoidalBase.py"}},"pygeodesy_ellipsoidalKarney_py":{"hash":"12b3ceb19bee5f2961d1975117655700","index":{"nums":[1,96,5,0,0,0,0],"html_filename":"pygeodesy_ellipsoidalKarney_py.html","relative_filename":"pygeodesy/ellipsoidalKarney.py"}},"pygeodesy_ellipsoidalNvector_py":{"hash":"21d301bb7831b49b8be7b314e0b80f9b","index":{"nums":[1,171,6,4,0,0,0],"html_filename":"pygeodesy_ellipsoidalNvector_py.html","relative_filename":"pygeodesy/ellipsoidalNvector.py"}},"pygeodesy_ellipsoidalVincenty_py":{"hash":"9f42f2f2213b23e647d5a67c963460b3","index":{"nums":[1,173,15,7,0,0,0],"html_filename":"pygeodesy_ellipsoidalVincenty_py.html","relative_filename":"pygeodesy/ellipsoidalVincenty.py"}},"pygeodesy_ellipsoids_py":{"hash":"702bf011d9c34fafb65ca45d5fe39e43","index":{"nums":[1,610,21,30,0,0,0],"html_filename":"pygeodesy_ellipsoids_py.html","relative_filename":"pygeodesy/ellipsoids.py"}},"pygeodesy_elliptic_py":{"hash":"120e64c222afda9be61bebc1df471d69","index":{"nums":[1,359,25,13,0,0,0],"html_filename":"pygeodesy_elliptic_py.html","relative_filename":"pygeodesy/elliptic.py"}},"pygeodesy_epsg_py":{"hash":"f2b40e88ce9ba3bcd0799ee7e51b338e","index":{"nums":[1,103,5,4,0,0,0],"html_filename":"pygeodesy_epsg_py.html","relative_filename":"pygeodesy/epsg.py"}},"pygeodesy_errors_py":{"hash":"68b0c25718268d6d8e6f037dc6992629","index":{"nums":[1,206,19,6,0,0,0],"html_filename":"pygeodesy_errors_py.html","relative_filename":"pygeodesy/errors.py"}},"pygeodesy_etm_py":{"hash":"40ee22af982be9a4be2b43d6624d56f7","index":{"nums":[1,363,5,22,0,0,0],"html_filename":"pygeodesy_etm_py.html","relative_filename":"pygeodesy/etm.py"}},"pygeodesy_fmath_py":{"hash":"db753d0139122a20f00454be6af0271e","index":{"nums":[1,297,45,10,0,0,0],"html_filename":"pygeodesy_fmath_py.html","relative_filename":"pygeodesy/fmath.py"}},"pygeodesy_formy_py":{"hash":"d8e96af9b5c9d1d71dd22b868ecc83ae","index":{"nums":[1,261,7,1,0,0,0],"html_filename":"pygeodesy_formy_py.html","relative_filename":"pygeodesy/formy.py"}},"pygeodesy_frechet_py":{"hash":"a4885641c7dcc3432570d92643291625","index":{"nums":[1,255,50,5,0,0,0],"html_filename":"pygeodesy_frechet_py.html","relative_filename":"pygeodesy/frechet.py"}},"pygeodesy_gars_py":{"hash":"c64a3b7fc872360f4656f7099e4444b4","index":{"nums":[1,150,8,7,0,0,0],"html_filename":"pygeodesy_gars_py.html","relative_filename":"pygeodesy/gars.py"}},"pygeodesy_geohash_py":{"hash":"d7c35dde8f29777f12219f34b2607b96","index":{"nums":[1,272,8,10,0,0,0],"html_filename":"pygeodesy_geohash_py.html","relative_filename":"pygeodesy/geohash.py"}},"pygeodesy_geoids_py":{"hash":"2371f7c49b3ed1619ee87fee0c33fcc0","index":{"nums":[1,672,88,35,0,0,0],"html_filename":"pygeodesy_geoids_py.html","relative_filename":"pygeodesy/geoids.py"}},"pygeodesy_hausdorff_py":{"hash":"44edc85d68f14c7c2ecac131b9bd896f","index":{"nums":[1,261,59,8,0,0,0],"html_filename":"pygeodesy_hausdorff_py.html","relative_filename":"pygeodesy/hausdorff.py"}},"pygeodesy_heights_py":{"hash":"2d87c62b378ffb1a84d1aeb16d7c536e","index":{"nums":[1,369,73,18,0,0,0],"html_filename":"pygeodesy_heights_py.html","relative_filename":"pygeodesy/heights.py"}},"pygeodesy_interns_py":{"hash":"89d5f914759abdf3671d0856359b771e","index":{"nums":[1,319,5,6,0,0,0],"html_filename":"pygeodesy_interns_py.html","relative_filename":"pygeodesy/interns.py"}},"pygeodesy_karney_py":{"hash":"681ea1992523dbf9aa283fdaa023f735","index":{"nums":[1,124,0,6,0,0,0],"html_filename":"pygeodesy_karney_py.html","relative_filename":"pygeodesy/karney.py"}},"pygeodesy_latlonBase_py":{"hash":"26f52b9f3538d057a9c2629d62c40abf","index":{"nums":[1,261,36,7,0,0,0],"html_filename":"pygeodesy_latlonBase_py.html","relative_filename":"pygeodesy/latlonBase.py"}},"pygeodesy_lazily_py":{"hash":"8de2e3821a41f3272bb55c39c5273d30","index":{"nums":[1,111,27,4,0,0,0],"html_filename":"pygeodesy_lazily_py.html","relative_filename":"pygeodesy/lazily.py"}},"pygeodesy_lcc_py":{"hash":"22ff659eaeeed34216fc1cdd69b3dc92","index":{"nums":[1,269,13,10,0,0,0],"html_filename":"pygeodesy_lcc_py.html","relative_filename":"pygeodesy/lcc.py"}},"pygeodesy_mgrs_py":{"hash":"c45ded6df39c8e1881a4584786ad0812","index":{"nums":[1,156,4,4,0,0,0],"html_filename":"pygeodesy_mgrs_py.html","relative_filename":"pygeodesy/mgrs.py"}},"pygeodesy_named_py":{"hash":"dca5c0aabb795aefcce4ed38f08f6d30","index":{"nums":[1,402,62,24,0,0,0],"html_filename":"pygeodesy_named_py.html","relative_filename":"pygeodesy/named.py"}},"pygeodesy_namedTuples_py":{"hash":"56572d6aea1a3af516e92d3e552f7311","index":{"nums":[1,141,0,1,0,0,0],"html_filename":"pygeodesy_namedTuples_py.html","relative_filename":"pygeodesy/namedTuples.py"}},"pygeodesy_nvectorBase_py":{"hash":"9b676a8a407916e93bb069e4abe2589f","index":{"nums":[1,232,21,9,0,0,0],"html_filename":"pygeodesy_nvectorBase_py.html","relative_filename":"pygeodesy/nvectorBase.py"}},"pygeodesy_osgr_py":{"hash":"92dfcf732d56aa89e17c7c9b028e639f","index":{"nums":[1,207,8,12,0,0,0],"html_filename":"pygeodesy_osgr_py.html","relative_filename":"pygeodesy/osgr.py"}},"pygeodesy_points_py":{"hash":"35ed86fddb86dbb0a9ab5ad06a9f6b31","index":{"nums":[1,555,42,32,0,0,0],"html_filename":"pygeodesy_points_py.html","relative_filename":"pygeodesy/points.py"}},"pygeodesy_props_py":{"hash":"e6483299091a1ad4477df342f211dd11","index":{"nums":[1,92,11,3,0,0,0],"html_filename":"pygeodesy_props_py.html","relative_filename":"pygeodesy/props.py"}},"pygeodesy_simplify_py":{"hash":"98cd0bb4b5996dbdb694b68cb0edf9d3","index":{"nums":[1,225,3,4,0,0,0],"html_filename":"pygeodesy_simplify_py.html","relative_filename":"pygeodesy/simplify.py"}},"pygeodesy_sphericalBase_py":{"hash":"f760cd4911c82b69628bddae4779c705","index":{"nums":[1,145,6,9,0,0,0],"html_filename":"pygeodesy_sphericalBase_py.html","relative_filename":"pygeodesy/sphericalBase.py"}},"pygeodesy_sphericalNvector_py":{"hash":"3c9ecd77db05bf104ca8d24a51639a51","index":{"nums":[1,258,17,13,0,0,0],"html_filename":"pygeodesy_sphericalNvector_py.html","relative_filename":"pygeodesy/sphericalNvector.py"}},"pygeodesy_sphericalTrigonometry_py":{"hash":"41f7700b9959050578761b0462218172","index":{"nums":[1,334,36,13,0,0,0],"html_filename":"pygeodesy_sphericalTrigonometry_py.html","relative_filename":"pygeodesy/sphericalTrigonometry.py"}},"pygeodesy_streprs_py":{"hash":"a17a5de3c231f54e3c9eb23d718f081e","index":{"nums":[1,206,10,10,0,0,0],"html_filename":"pygeodesy_streprs_py.html","relative_filename":"pygeodesy/streprs.py"}},"pygeodesy_trf_py":{"hash":"e385bf1190bccd20289b83919a968dc5","index":{"nums":[1,109,11,2,0,0,0],"html_filename":"pygeodesy_trf_py.html","relative_filename":"pygeodesy/trf.py"}},"pygeodesy_units_py":{"hash":"7cbac434ddf0664eaacb04e64639e149","index":{"nums":[1,354,16,20,0,0,0],"html_filename":"pygeodesy_units_py.html","relative_filename":"pygeodesy/units.py"}},"pygeodesy_ups_py":{"hash":"fa87b25e48ba7d108a1f2d2b2a5f0d75","index":{"nums":[1,173,5,8,0,0,0],"html_filename":"pygeodesy_ups_py.html","relative_filename":"pygeodesy/ups.py"}},"pygeodesy_utily_py":{"hash":"124aaaeaab506c1cbe098853170faa17","index":{"nums":[1,181,3,4,0,0,0],"html_filename":"pygeodesy_utily_py.html","relative_filename":"pygeodesy/utily.py"}},"pygeodesy_utm_py":{"hash":"45888211f23fe3a3c53d009d226c33dc","index":{"nums":[1,257,14,6,0,0,0],"html_filename":"pygeodesy_utm_py.html","relative_filename":"pygeodesy/utm.py"}},"pygeodesy_utmups_py":{"hash":"adb94f0dd77221295eeb378a60a1f117","index":{"nums":[1,99,4,5,0,0,0],"html_filename":"pygeodesy_utmups_py.html","relative_filename":"pygeodesy/utmups.py"}},"pygeodesy_utmupsBase_py":{"hash":"4d822c8fb171489b7362b65ac2702b44","index":{"nums":[1,185,12,11,0,0,0],"html_filename":"pygeodesy_utmupsBase_py.html","relative_filename":"pygeodesy/utmupsBase.py"}},"pygeodesy_vector3d_py":{"hash":"690bcfa4b8f645c817aba9d3ae6fbbd4","index":{"nums":[1,366,32,20,0,0,0],"html_filename":"pygeodesy_vector3d_py.html","relative_filename":"pygeodesy/vector3d.py"}},"pygeodesy_webmercator_py":{"hash":"2ea47edfb34603f096c2cde198bd2afd","index":{"nums":[1,118,7,1,0,0,0],"html_filename":"pygeodesy_webmercator_py.html","relative_filename":"pygeodesy/webmercator.py"}},"pygeodesy_wgrs_py":{"hash":"df76371e2b6792395dc0b9ccac4d4bdd","index":{"nums":[1,193,5,7,0,0,0],"html_filename":"pygeodesy_wgrs_py.html","relative_filename":"pygeodesy/wgrs.py"}}}}