{"format":1,"version":"4.5.4","settings":"e5d9232615eeb74a3cf0204e71fb4bb0","files":{"pygeodesy___init___py":{"hash":"c6a800ec4e8d4b3737e6bcebd2716e88","index":{"nums":[1,171,8,4,0,0,0],"html_filename":"pygeodesy___init___py.html","relative_filename":"pygeodesy/__init__.py"}},"pygeodesy_albers_py":{"hash":"c5129095c233d74df674ed90b47a422f","index":{"nums":[1,374,18,11,0,0,0],"html_filename":"pygeodesy_albers_py.html","relative_filename":"pygeodesy/albers.py"}},"pygeodesy_azimuthal_py":{"hash":"cc16d00aa84374799262d6ddf1ae4929","index":{"nums":[1,309,55,3,0,0,0],"html_filename":"pygeodesy_azimuthal_py.html","relative_filename":"pygeodesy/azimuthal.py"}},"pygeodesy_basics_py":{"hash":"53d8575f85766839e602813d74a38b89","index":{"nums":[1,210,107,7,0,0,0],"html_filename":"pygeodesy_basics_py.html","relative_filename":"pygeodesy/basics.py"}},"pygeodesy_cartesianBase_py":{"hash":"a873632ef4adb5c1b944da576fcf949b","index":{"nums":[1,196,20,9,0,0,0],"html_filename":"pygeodesy_cartesianBase_py.html","relative_filename":"pygeodesy/cartesianBase.py"}},"pygeodesy_clipy_py":{"hash":"aea0499aced6b2f835bae5a178c2c01e","index":{"nums":[1,286,18,12,0,0,0],"html_filename":"pygeodesy_clipy_py.html","relative_filename":"pygeodesy/clipy.py"}},"pygeodesy_css_py":{"hash":"11ef5bfb96f64fae382e06a0d9b92dd5","index":{"nums":[1,234,11,5,0,0,0],"html_filename":"pygeodesy_css_py.html","relative_filename":"pygeodesy/css.py"}},"pygeodesy_datums_py":{"hash":"dbea5b91d1ab6be3b2ca6452a8acea0c","index":{"nums":[1,180,15,5,0,0,0],"html_filename":"pygeodesy_datums_py.html","relative_filename":"pygeodesy/datums.py"}},"pygeodesy_deprecated___init___py":{"hash":"5ed78d48b3fbcc16aebd084b24855bc4","index":{"nums":[1,97,172,2,0,0,0],"html_filename":"pygeodesy_deprecated___init___py.html","relative_filename":"pygeodesy/deprecated/__init__.py"}},"pygeodesy_deprecated_bases_py":{"hash":"a92965c1e1b8fc4f93e8c0fd70776507","index":{"nums":[1,6,0,0,0,0,0],"html_filename":"pygeodesy_deprecated_bases_py.html","relative_filename":"pygeodesy/deprecated/bases.py"}},"pygeodesy_deprecated_datum_py":{"hash":"8a6d406cdb70fe0aac3f87169522f935","index":{"nums":[1,5,0,0,0,0,0],"html_filename":"pygeodesy_deprecated_datum_py.html","relative_filename":"pygeodesy/deprecated/datum.py"}},"pygeodesy_deprecated_nvector_py":{"hash":"f788203af95c6b87723f265860eeee82","index":{"nums":[1,8,3,0,0,0,0],"html_filename":"pygeodesy_deprecated_nvector_py.html","relative_filename":"pygeodesy/deprecated/nvector.py"}},"pygeodesy_dms_py":{"hash":"9b4b01e81923adc31147cd81568cbd60","index":{"nums":[1,279,33,12,0,0,0],"html_filename":"pygeodesy_dms_py.html","relative_filename":"pygeodesy/dms.py"}},"pygeodesy_ecef_py":{"hash":"f50787b8f52dffb6d191472704e5129f","index":{"nums":[1,433,46,21,0,0,0],"html_filename":"pygeodesy_ecef_py.html","relative_filename":"pygeodesy/ecef.py"}},"pygeodesy_elevations_py":{"hash":"cb073f70c71814d16803f48809baccdb","index":{"nums":[1,70,35,13,0,0,0],"html_filename":"pygeodesy_elevations_py.html","relative_filename":"pygeodesy/elevations.py"}},"pygeodesy_ellipsoidalBase_py":{"hash":"b01886853c98dcd319bca9d50bc079ec","index":{"nums":[1,283,40,14,0,0,0],"html_filename":"pygeodesy_ellipsoidalBase_py.html","relative_filename":"pygeodesy/ellipsoidalBase.py"}},"pygeodesy_ellipsoidalBaseDI_py":{"hash":"04de58d5119ca1452981041fc4b7ff94","index":{"nums":[1,307,24,12,0,0,0],"html_filename":"pygeodesy_ellipsoidalBaseDI_py.html","relative_filename":"pygeodesy/ellipsoidalBaseDI.py"}},"pygeodesy_ellipsoidalExact_py":{"hash":"a6d68529a6a713975d6b0a86fbc13dc0","index":{"nums":[1,40,1,0,0,0,0],"html_filename":"pygeodesy_ellipsoidalExact_py.html","relative_filename":"pygeodesy/ellipsoidalExact.py"}},"pygeodesy_ellipsoidalGeodSolve_py":{"hash":"c341ba69ee9ed1d81043cedd0749a743","index":{"nums":[1,40,1,0,0,0,0],"html_filename":"pygeodesy_ellipsoidalGeodSolve_py.html","relative_filename":"pygeodesy/ellipsoidalGeodSolve.py"}},"pygeodesy_ellipsoidalKarney_py":{"hash":"ccd624ff4e39e961578bfa7167a5a271","index":{"nums":[1,42,4,0,0,0,0],"html_filename":"pygeodesy_ellipsoidalKarney_py.html","relative_filename":"pygeodesy/ellipsoidalKarney.py"}},"pygeodesy_ellipsoidalNvector_py":{"hash":"900858216e5d55d946f926801de3d4b3","index":{"nums":[1,117,3,1,0,0,0],"html_filename":"pygeodesy_ellipsoidalNvector_py.html","relative_filename":"pygeodesy/ellipsoidalNvector.py"}},"pygeodesy_ellipsoidalVincenty_py":{"hash":"cc1ba67295d3e201e3dcee1c06b880c1","index":{"nums":[1,154,13,2,0,0,0],"html_filename":"pygeodesy_ellipsoidalVincenty_py.html","relative_filename":"pygeodesy/ellipsoidalVincenty.py"}},"pygeodesy_ellipsoids_py":{"hash":"c07cbbbf53c441c088fc5b6d07c1674b","index":{"nums":[1,688,69,15,0,0,0],"html_filename":"pygeodesy_ellipsoids_py.html","relative_filename":"pygeodesy/ellipsoids.py"}},"pygeodesy_elliptic_py":{"hash":"4241d4f776bbdc71d98cddf43419c27f","index":{"nums":[1,414,60,1,0,0,0],"html_filename":"pygeodesy_elliptic_py.html","relative_filename":"pygeodesy/elliptic.py"}},"pygeodesy_epsg_py":{"hash":"5242347436e7e13307a4a128e478bf14","index":{"nums":[1,101,7,2,0,0,0],"html_filename":"pygeodesy_epsg_py.html","relative_filename":"pygeodesy/epsg.py"}},"pygeodesy_errors_py":{"hash":"1906e51b97ae3c0067e805b8f0701649","index":{"nums":[1,224,45,9,0,0,0],"html_filename":"pygeodesy_errors_py.html","relative_filename":"pygeodesy/errors.py"}},"pygeodesy_etm_py":{"hash":"1578eee3e1f1dd01a2d92d1d8fe96d17","index":{"nums":[1,399,83,12,0,0,0],"html_filename":"pygeodesy_etm_py.html","relative_filename":"pygeodesy/etm.py"}},"pygeodesy_fmath_py":{"hash":"bd11b9ad66c105b67b3d6b251fa37ec4","index":{"nums":[1,225,67,10,0,0,0],"html_filename":"pygeodesy_fmath_py.html","relative_filename":"pygeodesy/fmath.py"}},"pygeodesy_formy_py":{"hash":"e6798ea0a161135e92c555df5a8a822f","index":{"nums":[1,330,14,6,0,0,0],"html_filename":"pygeodesy_formy_py.html","relative_filename":"pygeodesy/formy.py"}},"pygeodesy_frechet_py":{"hash":"4d3c03f9e2fa982cfccec5cc46f22123","index":{"nums":[1,241,73,7,0,0,0],"html_filename":"pygeodesy_frechet_py.html","relative_filename":"pygeodesy/frechet.py"}},"pygeodesy_fstats_py":{"hash":"3f600674078c2764822d278120ed01b7","index":{"nums":[1,302,24,4,0,0,0],"html_filename":"pygeodesy_fstats_py.html","relative_filename":"pygeodesy/fstats.py"}},"pygeodesy_fsums_py":{"hash":"bf216bd3084fa4b3654f0d925216debe","index":{"nums":[1,651,97,10,0,0,0],"html_filename":"pygeodesy_fsums_py.html","relative_filename":"pygeodesy/fsums.py"}},"pygeodesy_gars_py":{"hash":"ca51559d24cacee993abca49f616387b","index":{"nums":[1,146,11,4,0,0,0],"html_filename":"pygeodesy_gars_py.html","relative_filename":"pygeodesy/gars.py"}},"pygeodesy_geodesicx__C4_24_py":{"hash":"f8158700d62c8a6774e7d5b824794f9a","index":{"nums":[1,5,0,0,0,0,0],"html_filename":"pygeodesy_geodesicx__C4_24_py.html","relative_filename":"pygeodesy/geodesicx/_C4_24.py"}},"pygeodesy_geodesicx__C4_27_py":{"hash":"bc25a9be7bb801b71376bb2f5223790c","index":{"nums":[1,5,0,0,0,0,0],"html_filename":"pygeodesy_geodesicx__C4_27_py.html","relative_filename":"pygeodesy/geodesicx/_C4_27.py"}},"pygeodesy_geodesicx__C4_30_py":{"hash":"d887f4ffb0392c229bc5c64e9d4bffff","index":{"nums":[1,5,0,0,0,0,0],"html_filename":"pygeodesy_geodesicx__C4_30_py.html","relative_filename":"pygeodesy/geodesicx/_C4_30.py"}},"pygeodesy_geodesicx___init___py":{"hash":"a36ab666a4ba851f686d53fb30da5591","index":{"nums":[1,7,0,0,0,0,0],"html_filename":"pygeodesy_geodesicx___init___py.html","relative_filename":"pygeodesy/geodesicx/__init__.py"}},"pygeodesy_geodesicx_gx_py":{"hash":"c5da87e15c3818447af84426ba9fcc85","index":{"nums":[1,495,30,30,0,0,0],"html_filename":"pygeodesy_geodesicx_gx_py.html","relative_filename":"pygeodesy/geodesicx/gx.py"}},"pygeodesy_geodesicx_gxarea_py":{"hash":"d3615e36aa8af0d58469674491649118","index":{"nums":[1,220,29,9,0,0,0],"html_filename":"pygeodesy_geodesicx_gxarea_py.html","relative_filename":"pygeodesy/geodesicx/gxarea.py"}},"pygeodesy_geodesicx_gxbases_py":{"hash":"b216f75a90c85b186eb15769e6744b0b","index":{"nums":[1,40,1,1,0,0,0],"html_filename":"pygeodesy_geodesicx_gxbases_py.html","relative_filename":"pygeodesy/geodesicx/gxbases.py"}},"pygeodesy_geodesicx_gxline_py":{"hash":"4f41082d661b4a3280048c284d9d575a","index":{"nums":[1,228,26,4,0,0,0],"html_filename":"pygeodesy_geodesicx_gxline_py.html","relative_filename":"pygeodesy/geodesicx/gxline.py"}},"pygeodesy_geodsolve_py":{"hash":"030a68d79757a58662aba27408c25c33","index":{"nums":[1,78,22,5,0,0,0],"html_filename":"pygeodesy_geodsolve_py.html","relative_filename":"pygeodesy/geodsolve.py"}},"pygeodesy_geohash_py":{"hash":"a6384550ca909911036fad202b46faf2","index":{"nums":[1,283,20,11,0,0,0],"html_filename":"pygeodesy_geohash_py.html","relative_filename":"pygeodesy/geohash.py"}},"pygeodesy_geoids_py":{"hash":"8a8756dafa145e0d479592a3c320224d","index":{"nums":[1,663,104,27,0,0,0],"html_filename":"pygeodesy_geoids_py.html","relative_filename":"pygeodesy/geoids.py"}},"pygeodesy_hausdorff_py":{"hash":"330891a3826a9895602713784c5f593d","index":{"nums":[1,267,61,10,0,0,0],"html_filename":"pygeodesy_hausdorff_py.html","relative_filename":"pygeodesy/hausdorff.py"}},"pygeodesy_heights_py":{"hash":"a85ea754005256ed129505a0d1e11c91","index":{"nums":[1,356,92,10,0,0,0],"html_filename":"pygeodesy_heights_py.html","relative_filename":"pygeodesy/heights.py"}},"pygeodesy_interns_py":{"hash":"0d9db72621da8296bc531936d2f9deb2","index":{"nums":[1,538,25,20,0,0,0],"html_filename":"pygeodesy_interns_py.html","relative_filename":"pygeodesy/interns.py"}},"pygeodesy_iters_py":{"hash":"c40afd05ec15ef923a0a45a090a6ff93","index":{"nums":[1,194,23,7,0,0,0],"html_filename":"pygeodesy_iters_py.html","relative_filename":"pygeodesy/iters.py"}},"pygeodesy_karney_py":{"hash":"4b56d1ec0ecb1020efbca583fca3bd70","index":{"nums":[1,355,54,18,0,0,0],"html_filename":"pygeodesy_karney_py.html","relative_filename":"pygeodesy/karney.py"}},"pygeodesy_ktm_py":{"hash":"506f38dfbe0d5f5efd22fc0a6b287629","index":{"nums":[1,213,40,5,0,0,0],"html_filename":"pygeodesy_ktm_py.html","relative_filename":"pygeodesy/ktm.py"}},"pygeodesy_latlonBase_py":{"hash":"39b5fe646b4e181fdbd4645d8303fbce","index":{"nums":[1,391,52,14,0,0,0],"html_filename":"pygeodesy_latlonBase_py.html","relative_filename":"pygeodesy/latlonBase.py"}},"pygeodesy_lazily_py":{"hash":"46aa177887662e99b1c338a786539f13","index":{"nums":[1,149,72,15,0,0,0],"html_filename":"pygeodesy_lazily_py.html","relative_filename":"pygeodesy/lazily.py"}},"pygeodesy_lcc_py":{"hash":"55c1019cc25d0637069e1444a09e62d1","index":{"nums":[1,281,13,11,0,0,0],"html_filename":"pygeodesy_lcc_py.html","relative_filename":"pygeodesy/lcc.py"}},"pygeodesy_ltp_py":{"hash":"d22ed62c3a8002613cb7a839c1954897","index":{"nums":[1,253,27,6,0,0,0],"html_filename":"pygeodesy_ltp_py.html","relative_filename":"pygeodesy/ltp.py"}},"pygeodesy_ltpTuples_py":{"hash":"593ecf8269605bc81a3dfe29e15984c1","index":{"nums":[1,430,44,16,0,0,0],"html_filename":"pygeodesy_ltpTuples_py.html","relative_filename":"pygeodesy/ltpTuples.py"}},"pygeodesy_mgrs_py":{"hash":"0844ff47427cc85859403e15ed82f7e5","index":{"nums":[1,265,52,2,0,0,0],"html_filename":"pygeodesy_mgrs_py.html","relative_filename":"pygeodesy/mgrs.py"}},"pygeodesy_named_py":{"hash":"90f963bc14c79f969b8eeaeb868d32cb","index":{"nums":[1,417,109,14,0,0,0],"html_filename":"pygeodesy_named_py.html","relative_filename":"pygeodesy/named.py"}},"pygeodesy_namedTuples_py":{"hash":"f4383d6b32abc5a32fbd138515dde56c","index":{"nums":[1,202,1,3,0,0,0],"html_filename":"pygeodesy_namedTuples_py.html","relative_filename":"pygeodesy/namedTuples.py"}},"pygeodesy_nvectorBase_py":{"hash":"2f6669352e0a730d77c8e64965c51876","index":{"nums":[1,234,21,8,0,0,0],"html_filename":"pygeodesy_nvectorBase_py.html","relative_filename":"pygeodesy/nvectorBase.py"}},"pygeodesy_osgr_py":{"hash":"124a7e1c0ef2e9f62b32ca51429066a0","index":{"nums":[1,292,27,8,0,0,0],"html_filename":"pygeodesy_osgr_py.html","relative_filename":"pygeodesy/osgr.py"}},"pygeodesy_points_py":{"hash":"e3fb298a4250e1b5e7f1d9c51b14eb71","index":{"nums":[1,554,95,23,0,0,0],"html_filename":"pygeodesy_points_py.html","relative_filename":"pygeodesy/points.py"}},"pygeodesy_props_py":{"hash":"6425b7687dd06f673c4bff2aa981cc25","index":{"nums":[1,175,54,2,0,0,0],"html_filename":"pygeodesy_props_py.html","relative_filename":"pygeodesy/props.py"}},"pygeodesy_resections_py":{"hash":"a3c184c31199f878e2c3f57154fbdde5","index":{"nums":[1,313,61,4,0,0,0],"html_filename":"pygeodesy_resections_py.html","relative_filename":"pygeodesy/resections.py"}},"pygeodesy_rhumbsolve_py":{"hash":"7bba7ecb2bef39e7af08fd60e94d38bf","index":{"nums":[1,85,28,1,0,0,0],"html_filename":"pygeodesy_rhumbsolve_py.html","relative_filename":"pygeodesy/rhumbsolve.py"}},"pygeodesy_rhumbx_py":{"hash":"b3905151c38a2ac45ec1c43226f327a4","index":{"nums":[1,445,43,10,0,0,0],"html_filename":"pygeodesy_rhumbx_py.html","relative_filename":"pygeodesy/rhumbx.py"}},"pygeodesy_simplify_py":{"hash":"e810df7cdcfd0ef2a767d0b180d3527b","index":{"nums":[1,225,4,4,0,0,0],"html_filename":"pygeodesy_simplify_py.html","relative_filename":"pygeodesy/simplify.py"}},"pygeodesy_solveBase_py":{"hash":"f86cd999f9a7bbd1a0a134d0bd4188e9","index":{"nums":[1,203,31,10,0,0,0],"html_filename":"pygeodesy_solveBase_py.html","relative_filename":"pygeodesy/solveBase.py"}},"pygeodesy_sphericalBase_py":{"hash":"a583c9cd5989eb650f06b25698a002f1","index":{"nums":[1,174,7,8,0,0,0],"html_filename":"pygeodesy_sphericalBase_py.html","relative_filename":"pygeodesy/sphericalBase.py"}},"pygeodesy_sphericalNvector_py":{"hash":"0d5bac1c616f4d49b8cfb00e64685dbb","index":{"nums":[1,250,17,8,0,0,0],"html_filename":"pygeodesy_sphericalNvector_py.html","relative_filename":"pygeodesy/sphericalNvector.py"}},"pygeodesy_sphericalTrigonometry_py":{"hash":"f484e01c05951204d65ae19b2ca3311c","index":{"nums":[1,361,56,11,0,0,0],"html_filename":"pygeodesy_sphericalTrigonometry_py.html","relative_filename":"pygeodesy/sphericalTrigonometry.py"}},"pygeodesy_streprs_py":{"hash":"49d6de4d9022714ba346618dfe04db78","index":{"nums":[1,241,20,7,0,0,0],"html_filename":"pygeodesy_streprs_py.html","relative_filename":"pygeodesy/streprs.py"}},"pygeodesy_trf_py":{"hash":"ba4abd24917a6270cce8144457e34149","index":{"nums":[1,175,25,6,0,0,0],"html_filename":"pygeodesy_trf_py.html","relative_filename":"pygeodesy/trf.py"}},"pygeodesy_units_py":{"hash":"31e715bc99cdbd45340767c16d8feff2","index":{"nums":[1,367,30,17,0,0,0],"html_filename":"pygeodesy_units_py.html","relative_filename":"pygeodesy/units.py"}},"pygeodesy_ups_py":{"hash":"efcc3261ba7a4b6327f457ef5e1b07a6","index":{"nums":[1,167,9,5,0,0,0],"html_filename":"pygeodesy_ups_py.html","relative_filename":"pygeodesy/ups.py"}},"pygeodesy_utily_py":{"hash":"4ad0708003fb4e5fe957525dfa73657f","index":{"nums":[1,227,14,6,0,0,0],"html_filename":"pygeodesy_utily_py.html","relative_filename":"pygeodesy/utily.py"}},"pygeodesy_utm_py":{"hash":"9a04fbb0c6f6240f103ba1c669199050","index":{"nums":[1,266,20,9,0,0,0],"html_filename":"pygeodesy_utm_py.html","relative_filename":"pygeodesy/utm.py"}},"pygeodesy_utmups_py":{"hash":"9be9ad822b6b4947ea4b05f8753bea6c","index":{"nums":[1,87,13,2,0,0,0],"html_filename":"pygeodesy_utmups_py.html","relative_filename":"pygeodesy/utmups.py"}},"pygeodesy_utmupsBase_py":{"hash":"936b231281272423546de177b8e189dd","index":{"nums":[1,231,21,5,0,0,0],"html_filename":"pygeodesy_utmupsBase_py.html","relative_filename":"pygeodesy/utmupsBase.py"}},"pygeodesy_vector2d_py":{"hash":"be6a268c0650d79ad076e695f2e657e3","index":{"nums":[1,297,24,11,0,0,0],"html_filename":"pygeodesy_vector2d_py.html","relative_filename":"pygeodesy/vector2d.py"}},"pygeodesy_vector3d_py":{"hash":"e47ea61de9932c1c38fd5be229e3b90a","index":{"nums":[1,235,42,4,0,0,0],"html_filename":"pygeodesy_vector3d_py.html","relative_filename":"pygeodesy/vector3d.py"}},"pygeodesy_vector3dBase_py":{"hash":"6e3d97d9ea6e2d6a7a5eb82c9f402063","index":{"nums":[1,255,79,7,0,0,0],"html_filename":"pygeodesy_vector3dBase_py.html","relative_filename":"pygeodesy/vector3dBase.py"}},"pygeodesy_webmercator_py":{"hash":"c27cdaddb2744c2cd59fe0ed2cf3c7e0","index":{"nums":[1,119,12,2,0,0,0],"html_filename":"pygeodesy_webmercator_py.html","relative_filename":"pygeodesy/webmercator.py"}},"pygeodesy_wgrs_py":{"hash":"79085175fc47c289a4e1c735652ee6d5","index":{"nums":[1,187,7,4,0,0,0],"html_filename":"pygeodesy_wgrs_py.html","relative_filename":"pygeodesy/wgrs.py"}}}}