{"format":1,"version":"4.5.4","settings":"83d361e54300a463a5a17281470e24ff","files":{"pygeodesy___init___py":{"hash":"4b5f438fd93ac522f7bc94f17e990a78","index":{"nums":[1,117,3,3,0,0,0],"html_filename":"pygeodesy___init___py.html","relative_filename":"pygeodesy/__init__.py"}},"pygeodesy_bases_py":{"hash":"596b5e3e8befc65af13ec19f5e492823","index":{"nums":[1,6,0,0,0,0,0],"html_filename":"pygeodesy_bases_py.html","relative_filename":"pygeodesy/bases.py"}},"pygeodesy_basics_py":{"hash":"86966adcd093d07dff76afe5a9fa4e02","index":{"nums":[1,129,29,2,0,0,0],"html_filename":"pygeodesy_basics_py.html","relative_filename":"pygeodesy/basics.py"}},"pygeodesy_cartesianBase_py":{"hash":"a1e548b028d9e363993921a0431d63c7","index":{"nums":[1,120,9,6,0,0,0],"html_filename":"pygeodesy_cartesianBase_py.html","relative_filename":"pygeodesy/cartesianBase.py"}},"pygeodesy_clipy_py":{"hash":"04233bf55c9ad777f9ff82401c50023f","index":{"nums":[1,237,16,15,0,0,0],"html_filename":"pygeodesy_clipy_py.html","relative_filename":"pygeodesy/clipy.py"}},"pygeodesy_css_py":{"hash":"c9c35a904b532bf5a8b37e1ceb94ea2b","index":{"nums":[1,190,1,7,0,0,0],"html_filename":"pygeodesy_css_py.html","relative_filename":"pygeodesy/css.py"}},"pygeodesy_datum_py":{"hash":"17dce90150623c9c09c052386740e308","index":{"nums":[1,437,26,10,0,0,0],"html_filename":"pygeodesy_datum_py.html","relative_filename":"pygeodesy/datum.py"}},"pygeodesy_deprecated_py":{"hash":"69d62f67412a777d1393333626350071","index":{"nums":[1,94,40,0,0,0,0],"html_filename":"pygeodesy_deprecated_py.html","relative_filename":"pygeodesy/deprecated.py"}},"pygeodesy_dms_py":{"hash":"ea3dea6be9db721a3b046ff6f240e719","index":{"nums":[1,267,7,8,0,0,0],"html_filename":"pygeodesy_dms_py.html","relative_filename":"pygeodesy/dms.py"}},"pygeodesy_ecef_py":{"hash":"c2599c891e67163765f2140e9981641a","index":{"nums":[1,346,23,22,0,0,0],"html_filename":"pygeodesy_ecef_py.html","relative_filename":"pygeodesy/ecef.py"}},"pygeodesy_elevations_py":{"hash":"80a5d13d75212f385dbc0705130be278","index":{"nums":[1,79,21,17,0,0,0],"html_filename":"pygeodesy_elevations_py.html","relative_filename":"pygeodesy/elevations.py"}},"pygeodesy_ellipsoidalBase_py":{"hash":"f71e1bc1d6af11b29d347f08f9aff964","index":{"nums":[1,174,12,9,0,0,0],"html_filename":"pygeodesy_ellipsoidalBase_py.html","relative_filename":"pygeodesy/ellipsoidalBase.py"}},"pygeodesy_ellipsoidalKarney_py":{"hash":"8f9a063c0fbeabadd4022bb18b64418e","index":{"nums":[1,77,5,0,0,0,0],"html_filename":"pygeodesy_ellipsoidalKarney_py.html","relative_filename":"pygeodesy/ellipsoidalKarney.py"}},"pygeodesy_ellipsoidalNvector_py":{"hash":"68288ceec69f1aaf0dd608a7c2e881a2","index":{"nums":[1,166,6,5,0,0,0],"html_filename":"pygeodesy_ellipsoidalNvector_py.html","relative_filename":"pygeodesy/ellipsoidalNvector.py"}},"pygeodesy_ellipsoidalVincenty_py":{"hash":"80f38cec5afb79d7263d6ccb234fdf45","index":{"nums":[1,145,16,2,0,0,0],"html_filename":"pygeodesy_ellipsoidalVincenty_py.html","relative_filename":"pygeodesy/ellipsoidalVincenty.py"}},"pygeodesy_elliptic_py":{"hash":"3876c370b587ee38366e2ba0a5ddb66f","index":{"nums":[1,332,24,8,0,0,0],"html_filename":"pygeodesy_elliptic_py.html","relative_filename":"pygeodesy/elliptic.py"}},"pygeodesy_epsg_py":{"hash":"3ea27e6bc62e71837b2771b92a7a1c65","index":{"nums":[1,96,5,3,0,0,0],"html_filename":"pygeodesy_epsg_py.html","relative_filename":"pygeodesy/epsg.py"}},"pygeodesy_errors_py":{"hash":"0cc8fb75e5eeabd53db2a89412b3558a","index":{"nums":[1,182,14,3,0,0,0],"html_filename":"pygeodesy_errors_py.html","relative_filename":"pygeodesy/errors.py"}},"pygeodesy_etm_py":{"hash":"e6315969bb7ff77ab27c51c529ec8f5b","index":{"nums":[1,340,6,18,0,0,0],"html_filename":"pygeodesy_etm_py.html","relative_filename":"pygeodesy/etm.py"}},"pygeodesy_fmath_py":{"hash":"568f4e489f98512d16c4fcfc884e5d46","index":{"nums":[1,270,46,6,0,0,0],"html_filename":"pygeodesy_fmath_py.html","relative_filename":"pygeodesy/fmath.py"}},"pygeodesy_formy_py":{"hash":"236cfa9096156fb8b40447697d2bb12e","index":{"nums":[1,250,5,4,0,0,0],"html_filename":"pygeodesy_formy_py.html","relative_filename":"pygeodesy/formy.py"}},"pygeodesy_frechet_py":{"hash":"f69d47a5ccf34f6f3956e709127688cc","index":{"nums":[1,245,51,11,0,0,0],"html_filename":"pygeodesy_frechet_py.html","relative_filename":"pygeodesy/frechet.py"}},"pygeodesy_gars_py":{"hash":"aa387d4d624c70d4b40c67cc16bd8412","index":{"nums":[1,154,8,6,0,0,0],"html_filename":"pygeodesy_gars_py.html","relative_filename":"pygeodesy/gars.py"}},"pygeodesy_geohash_py":{"hash":"5eedda1811e1327d70bbe9f63d7717bc","index":{"nums":[1,238,17,7,0,0,0],"html_filename":"pygeodesy_geohash_py.html","relative_filename":"pygeodesy/geohash.py"}},"pygeodesy_geoids_py":{"hash":"7609c31321ae4932dd1233d6d029bc20","index":{"nums":[1,641,80,40,0,0,0],"html_filename":"pygeodesy_geoids_py.html","relative_filename":"pygeodesy/geoids.py"}},"pygeodesy_hausdorff_py":{"hash":"82fb8efe235250ca1f6598a10d32e04b","index":{"nums":[1,236,59,10,0,0,0],"html_filename":"pygeodesy_hausdorff_py.html","relative_filename":"pygeodesy/hausdorff.py"}},"pygeodesy_heights_py":{"hash":"2af142466904be811e820c9ea273286d","index":{"nums":[1,345,71,29,0,0,0],"html_filename":"pygeodesy_heights_py.html","relative_filename":"pygeodesy/heights.py"}},"pygeodesy_karney_py":{"hash":"b22d680a0c7ec08cce1d164673ebb486","index":{"nums":[1,109,0,3,0,0,0],"html_filename":"pygeodesy_karney_py.html","relative_filename":"pygeodesy/karney.py"}},"pygeodesy_latlonBase_py":{"hash":"9fd780d650279cd284f27d813cee8d5b","index":{"nums":[1,208,37,1,0,0,0],"html_filename":"pygeodesy_latlonBase_py.html","relative_filename":"pygeodesy/latlonBase.py"}},"pygeodesy_lazily_py":{"hash":"4b975b4ff8e8dde137b9f9b5c0de2f66","index":{"nums":[1,103,15,5,0,0,0],"html_filename":"pygeodesy_lazily_py.html","relative_filename":"pygeodesy/lazily.py"}},"pygeodesy_lcc_py":{"hash":"377c747e17cd4908fd274ad7db5af648","index":{"nums":[1,231,13,7,0,0,0],"html_filename":"pygeodesy_lcc_py.html","relative_filename":"pygeodesy/lcc.py"}},"pygeodesy_mgrs_py":{"hash":"e7def4639335c8b7205b6ffb5c0600b3","index":{"nums":[1,131,4,3,0,0,0],"html_filename":"pygeodesy_mgrs_py.html","relative_filename":"pygeodesy/mgrs.py"}},"pygeodesy_named_py":{"hash":"555fe7d245192516ad7f163941cb4604","index":{"nums":[1,325,45,17,0,0,0],"html_filename":"pygeodesy_named_py.html","relative_filename":"pygeodesy/named.py"}},"pygeodesy_nvector_py":{"hash":"3dffc014e408f96a6ad1b7328c4d2dfd","index":{"nums":[1,5,0,0,0,0,0],"html_filename":"pygeodesy_nvector_py.html","relative_filename":"pygeodesy/nvector.py"}},"pygeodesy_nvectorBase_py":{"hash":"459ca7a2824b76ef2eb3e8b0d806df0b","index":{"nums":[1,134,16,6,0,0,0],"html_filename":"pygeodesy_nvectorBase_py.html","relative_filename":"pygeodesy/nvectorBase.py"}},"pygeodesy_osgr_py":{"hash":"c03b7b33a8b944afd857297938de106f","index":{"nums":[1,185,7,9,0,0,0],"html_filename":"pygeodesy_osgr_py.html","relative_filename":"pygeodesy/osgr.py"}},"pygeodesy_points_py":{"hash":"b19f1a2794491fa6630e2936b7e4a3e0","index":{"nums":[1,492,44,25,0,0,0],"html_filename":"pygeodesy_points_py.html","relative_filename":"pygeodesy/points.py"}},"pygeodesy_simplify_py":{"hash":"885a119a3fe2cc2c04f7d2594fdb357d","index":{"nums":[1,223,3,4,0,0,0],"html_filename":"pygeodesy_simplify_py.html","relative_filename":"pygeodesy/simplify.py"}},"pygeodesy_sphericalBase_py":{"hash":"6b1c27f117c913e5cceae5378fc5b1df","index":{"nums":[1,144,7,7,0,0,0],"html_filename":"pygeodesy_sphericalBase_py.html","relative_filename":"pygeodesy/sphericalBase.py"}},"pygeodesy_sphericalNvector_py":{"hash":"b75c8a65691bf45ffdc8fd0fb60c5af1","index":{"nums":[1,301,20,11,0,0,0],"html_filename":"pygeodesy_sphericalNvector_py.html","relative_filename":"pygeodesy/sphericalNvector.py"}},"pygeodesy_sphericalTrigonometry_py":{"hash":"64616823e2c0b8e66059406d72308d65","index":{"nums":[1,302,32,16,0,0,0],"html_filename":"pygeodesy_sphericalTrigonometry_py.html","relative_filename":"pygeodesy/sphericalTrigonometry.py"}},"pygeodesy_streprs_py":{"hash":"4f89f8808c2264528b602392160deeec","index":{"nums":[1,91,5,2,0,0,0],"html_filename":"pygeodesy_streprs_py.html","relative_filename":"pygeodesy/streprs.py"}},"pygeodesy_trf_py":{"hash":"f895bb0e9843307a138015964cca8907","index":{"nums":[1,97,16,2,0,0,0],"html_filename":"pygeodesy_trf_py.html","relative_filename":"pygeodesy/trf.py"}},"pygeodesy_units_py":{"hash":"0af362729511ec5500c1031fb5cc3e5f","index":{"nums":[1,216,11,9,0,0,0],"html_filename":"pygeodesy_units_py.html","relative_filename":"pygeodesy/units.py"}},"pygeodesy_ups_py":{"hash":"bd5b38ab5b0d61feba680b938e5c90aa","index":{"nums":[1,164,5,6,0,0,0],"html_filename":"pygeodesy_ups_py.html","relative_filename":"pygeodesy/ups.py"}},"pygeodesy_utily_py":{"hash":"1f89e4ab44ade860c72f37303a4343dc","index":{"nums":[1,135,3,4,0,0,0],"html_filename":"pygeodesy_utily_py.html","relative_filename":"pygeodesy/utily.py"}},"pygeodesy_utm_py":{"hash":"8a12d7e467682b3c8e656c71df2560ab","index":{"nums":[1,245,14,5,0,0,0],"html_filename":"pygeodesy_utm_py.html","relative_filename":"pygeodesy/utm.py"}},"pygeodesy_utmups_py":{"hash":"9b41d28e282d44ceaeee65a1173c7a11","index":{"nums":[1,100,4,5,0,0,0],"html_filename":"pygeodesy_utmups_py.html","relative_filename":"pygeodesy/utmups.py"}},"pygeodesy_utmupsBase_py":{"hash":"52a281a31a1dda4d7b6aae9a54ec5fdd","index":{"nums":[1,200,12,11,0,0,0],"html_filename":"pygeodesy_utmupsBase_py.html","relative_filename":"pygeodesy/utmupsBase.py"}},"pygeodesy_vector3d_py":{"hash":"c73b3312ff1fffd8ed04f8b71bc33f84","index":{"nums":[1,197,23,11,0,0,0],"html_filename":"pygeodesy_vector3d_py.html","relative_filename":"pygeodesy/vector3d.py"}},"pygeodesy_webmercator_py":{"hash":"64130ccaedef1043ee2200018e002ab9","index":{"nums":[1,119,7,1,0,0,0],"html_filename":"pygeodesy_webmercator_py.html","relative_filename":"pygeodesy/webmercator.py"}},"pygeodesy_wgrs_py":{"hash":"e145a789a247cfe5a4904aff0481cfb1","index":{"nums":[1,198,5,8,0,0,0],"html_filename":"pygeodesy_wgrs_py.html","relative_filename":"pygeodesy/wgrs.py"}}}}