{"format":1,"version":"4.5.4","settings":"8596daf03938a15827073747874c320f","files":{"pygeodesy___init___py":{"hash":"9f8c933f58eb7e830df77da1f3ff5a0b","index":{"nums":[1,175,8,4,0,0,0],"html_filename":"pygeodesy___init___py.html","relative_filename":"pygeodesy/__init__.py"}},"pygeodesy_albers_py":{"hash":"49b2758586691136d208f2bcfaee533c","index":{"nums":[1,375,18,11,0,0,0],"html_filename":"pygeodesy_albers_py.html","relative_filename":"pygeodesy/albers.py"}},"pygeodesy_azimuthal_py":{"hash":"89fe818806b8d2501c09c6448c8fb7fc","index":{"nums":[1,308,55,3,0,0,0],"html_filename":"pygeodesy_azimuthal_py.html","relative_filename":"pygeodesy/azimuthal.py"}},"pygeodesy_basics_py":{"hash":"88715bc52ced349094bd0112fc40e449","index":{"nums":[1,190,77,7,0,0,0],"html_filename":"pygeodesy_basics_py.html","relative_filename":"pygeodesy/basics.py"}},"pygeodesy_cartesianBase_py":{"hash":"54f0d75061fa8955cc7ba7a124f97210","index":{"nums":[1,198,20,10,0,0,0],"html_filename":"pygeodesy_cartesianBase_py.html","relative_filename":"pygeodesy/cartesianBase.py"}},"pygeodesy_clipy_py":{"hash":"a79ad4e6c0b3217abcf0d347368e926e","index":{"nums":[1,290,18,12,0,0,0],"html_filename":"pygeodesy_clipy_py.html","relative_filename":"pygeodesy/clipy.py"}},"pygeodesy_constants_py":{"hash":"bed30ed9c57522974a5bd602777dfecc","index":{"nums":[1,172,58,0,0,0,0],"html_filename":"pygeodesy_constants_py.html","relative_filename":"pygeodesy/constants.py"}},"pygeodesy_css_py":{"hash":"b3988d2029ced5743f96ee8decefbec9","index":{"nums":[1,235,11,5,0,0,0],"html_filename":"pygeodesy_css_py.html","relative_filename":"pygeodesy/css.py"}},"pygeodesy_datums_py":{"hash":"f559353510db7a8a080403fbe257cc06","index":{"nums":[1,181,15,5,0,0,0],"html_filename":"pygeodesy_datums_py.html","relative_filename":"pygeodesy/datums.py"}},"pygeodesy_deprecated___init___py":{"hash":"057efdf92aceedadf516dec50572e5cd","index":{"nums":[1,107,173,2,0,0,0],"html_filename":"pygeodesy_deprecated___init___py.html","relative_filename":"pygeodesy/deprecated/__init__.py"}},"pygeodesy_deprecated_bases_py":{"hash":"a92965c1e1b8fc4f93e8c0fd70776507","index":{"nums":[1,6,0,0,0,0,0],"html_filename":"pygeodesy_deprecated_bases_py.html","relative_filename":"pygeodesy/deprecated/bases.py"}},"pygeodesy_deprecated_datum_py":{"hash":"888d0baab599a6c035ab16f29c4f896b","index":{"nums":[1,6,0,0,0,0,0],"html_filename":"pygeodesy_deprecated_datum_py.html","relative_filename":"pygeodesy/deprecated/datum.py"}},"pygeodesy_deprecated_nvector_py":{"hash":"f788203af95c6b87723f265860eeee82","index":{"nums":[1,8,3,0,0,0,0],"html_filename":"pygeodesy_deprecated_nvector_py.html","relative_filename":"pygeodesy/deprecated/nvector.py"}},"pygeodesy_dms_py":{"hash":"b2686ef747b5cd8bd90fcb6e249760dc","index":{"nums":[1,276,33,11,0,0,0],"html_filename":"pygeodesy_dms_py.html","relative_filename":"pygeodesy/dms.py"}},"pygeodesy_ecef_py":{"hash":"c70c872d358231ce5040a36904cad9a0","index":{"nums":[1,447,46,23,0,0,0],"html_filename":"pygeodesy_ecef_py.html","relative_filename":"pygeodesy/ecef.py"}},"pygeodesy_elevations_py":{"hash":"12689a38db94b815f6ca49454334a809","index":{"nums":[1,70,35,0,0,0,0],"html_filename":"pygeodesy_elevations_py.html","relative_filename":"pygeodesy/elevations.py"}},"pygeodesy_ellipsoidalBase_py":{"hash":"b9b1126ba0b86795af95132c25756a0a","index":{"nums":[1,287,40,8,0,0,0],"html_filename":"pygeodesy_ellipsoidalBase_py.html","relative_filename":"pygeodesy/ellipsoidalBase.py"}},"pygeodesy_ellipsoidalBaseDI_py":{"hash":"e583f1a152f9a80061188073ec83baf8","index":{"nums":[1,307,24,12,0,0,0],"html_filename":"pygeodesy_ellipsoidalBaseDI_py.html","relative_filename":"pygeodesy/ellipsoidalBaseDI.py"}},"pygeodesy_ellipsoidalExact_py":{"hash":"a6d68529a6a713975d6b0a86fbc13dc0","index":{"nums":[1,40,1,0,0,0,0],"html_filename":"pygeodesy_ellipsoidalExact_py.html","relative_filename":"pygeodesy/ellipsoidalExact.py"}},"pygeodesy_ellipsoidalGeodSolve_py":{"hash":"c341ba69ee9ed1d81043cedd0749a743","index":{"nums":[1,40,1,0,0,0,0],"html_filename":"pygeodesy_ellipsoidalGeodSolve_py.html","relative_filename":"pygeodesy/ellipsoidalGeodSolve.py"}},"pygeodesy_ellipsoidalKarney_py":{"hash":"ccd624ff4e39e961578bfa7167a5a271","index":{"nums":[1,42,4,0,0,0,0],"html_filename":"pygeodesy_ellipsoidalKarney_py.html","relative_filename":"pygeodesy/ellipsoidalKarney.py"}},"pygeodesy_ellipsoidalNvector_py":{"hash":"67231f15dbf0c3f04b8d5b7e41bc23ba","index":{"nums":[1,122,4,1,0,0,0],"html_filename":"pygeodesy_ellipsoidalNvector_py.html","relative_filename":"pygeodesy/ellipsoidalNvector.py"}},"pygeodesy_ellipsoidalVincenty_py":{"hash":"1913436076ec6350b8693d8cd0fcf3e2","index":{"nums":[1,169,16,3,0,0,0],"html_filename":"pygeodesy_ellipsoidalVincenty_py.html","relative_filename":"pygeodesy/ellipsoidalVincenty.py"}},"pygeodesy_ellipsoids_py":{"hash":"3684f114a833efad21aa12c29abf6b33","index":{"nums":[1,683,73,15,0,0,0],"html_filename":"pygeodesy_ellipsoids_py.html","relative_filename":"pygeodesy/ellipsoids.py"}},"pygeodesy_elliptic_py":{"hash":"ec80cdbd60a9a2dee17f4b83eb22309f","index":{"nums":[1,449,80,3,0,0,0],"html_filename":"pygeodesy_elliptic_py.html","relative_filename":"pygeodesy/elliptic.py"}},"pygeodesy_epsg_py":{"hash":"fe8071578d0385b42667528cb72f341b","index":{"nums":[1,101,7,2,0,0,0],"html_filename":"pygeodesy_epsg_py.html","relative_filename":"pygeodesy/epsg.py"}},"pygeodesy_errors_py":{"hash":"738f2e3cdf09043926f637ad303720d6","index":{"nums":[1,241,46,12,0,0,0],"html_filename":"pygeodesy_errors_py.html","relative_filename":"pygeodesy/errors.py"}},"pygeodesy_etm_py":{"hash":"37c3defdc7e0623555bbaf08207e6e4e","index":{"nums":[1,400,83,12,0,0,0],"html_filename":"pygeodesy_etm_py.html","relative_filename":"pygeodesy/etm.py"}},"pygeodesy_fmath_py":{"hash":"926406401b16fcfe710fa94d6f2705ba","index":{"nums":[1,252,72,10,0,0,0],"html_filename":"pygeodesy_fmath_py.html","relative_filename":"pygeodesy/fmath.py"}},"pygeodesy_formy_py":{"hash":"573246a568e409282bcf0de119f1c19d","index":{"nums":[1,356,14,6,0,0,0],"html_filename":"pygeodesy_formy_py.html","relative_filename":"pygeodesy/formy.py"}},"pygeodesy_frechet_py":{"hash":"fdee60a1cb663ee747bf650f615b4642","index":{"nums":[1,243,73,7,0,0,0],"html_filename":"pygeodesy_frechet_py.html","relative_filename":"pygeodesy/frechet.py"}},"pygeodesy_fstats_py":{"hash":"0f511b654bebc403d9fe056e309cf599","index":{"nums":[1,303,24,4,0,0,0],"html_filename":"pygeodesy_fstats_py.html","relative_filename":"pygeodesy/fstats.py"}},"pygeodesy_fsums_py":{"hash":"81ea81102d60254c7def8f55157fbc6d","index":{"nums":[1,698,110,19,0,0,0],"html_filename":"pygeodesy_fsums_py.html","relative_filename":"pygeodesy/fsums.py"}},"pygeodesy_gars_py":{"hash":"387d95e0fcec3a010a47c84456d7c400","index":{"nums":[1,143,11,4,0,0,0],"html_filename":"pygeodesy_gars_py.html","relative_filename":"pygeodesy/gars.py"}},"pygeodesy_geodesicx__C4_24_py":{"hash":"f8158700d62c8a6774e7d5b824794f9a","index":{"nums":[1,5,0,0,0,0,0],"html_filename":"pygeodesy_geodesicx__C4_24_py.html","relative_filename":"pygeodesy/geodesicx/_C4_24.py"}},"pygeodesy_geodesicx__C4_27_py":{"hash":"bc25a9be7bb801b71376bb2f5223790c","index":{"nums":[1,5,0,0,0,0,0],"html_filename":"pygeodesy_geodesicx__C4_27_py.html","relative_filename":"pygeodesy/geodesicx/_C4_27.py"}},"pygeodesy_geodesicx__C4_30_py":{"hash":"d887f4ffb0392c229bc5c64e9d4bffff","index":{"nums":[1,5,0,0,0,0,0],"html_filename":"pygeodesy_geodesicx__C4_30_py.html","relative_filename":"pygeodesy/geodesicx/_C4_30.py"}},"pygeodesy_geodesicx___init___py":{"hash":"9b151a86184e8f5d2b54dc56c38576bb","index":{"nums":[1,7,0,0,0,0,0],"html_filename":"pygeodesy_geodesicx___init___py.html","relative_filename":"pygeodesy/geodesicx/__init__.py"}},"pygeodesy_geodesicx_gx_py":{"hash":"6b837e099878b10706e12b2db858c69a","index":{"nums":[1,497,30,30,0,0,0],"html_filename":"pygeodesy_geodesicx_gx_py.html","relative_filename":"pygeodesy/geodesicx/gx.py"}},"pygeodesy_geodesicx_gxarea_py":{"hash":"3a069c0ff366e46c8c42063f9923348d","index":{"nums":[1,221,29,9,0,0,0],"html_filename":"pygeodesy_geodesicx_gxarea_py.html","relative_filename":"pygeodesy/geodesicx/gxarea.py"}},"pygeodesy_geodesicx_gxbases_py":{"hash":"2ec1f5ac083e530092afe6709319cb91","index":{"nums":[1,41,1,1,0,0,0],"html_filename":"pygeodesy_geodesicx_gxbases_py.html","relative_filename":"pygeodesy/geodesicx/gxbases.py"}},"pygeodesy_geodesicx_gxline_py":{"hash":"a54f4147280243af37b21eaea0d2933e","index":{"nums":[1,228,26,4,0,0,0],"html_filename":"pygeodesy_geodesicx_gxline_py.html","relative_filename":"pygeodesy/geodesicx/gxline.py"}},"pygeodesy_geodsolve_py":{"hash":"030a68d79757a58662aba27408c25c33","index":{"nums":[1,78,22,5,0,0,0],"html_filename":"pygeodesy_geodsolve_py.html","relative_filename":"pygeodesy/geodsolve.py"}},"pygeodesy_geohash_py":{"hash":"35c9fc3e35fae69a1ff7478e62e7dedc","index":{"nums":[1,283,20,11,0,0,0],"html_filename":"pygeodesy_geohash_py.html","relative_filename":"pygeodesy/geohash.py"}},"pygeodesy_geoids_py":{"hash":"49026c3fb86fd48547b6696e97d71854","index":{"nums":[1,665,104,27,0,0,0],"html_filename":"pygeodesy_geoids_py.html","relative_filename":"pygeodesy/geoids.py"}},"pygeodesy_hausdorff_py":{"hash":"99f0e28dd508cc88908a82551a1c5a51","index":{"nums":[1,266,61,10,0,0,0],"html_filename":"pygeodesy_hausdorff_py.html","relative_filename":"pygeodesy/hausdorff.py"}},"pygeodesy_heights_py":{"hash":"897175ccebc5589c8db81bc53e90ae15","index":{"nums":[1,361,92,13,0,0,0],"html_filename":"pygeodesy_heights_py.html","relative_filename":"pygeodesy/heights.py"}},"pygeodesy_interns_py":{"hash":"5b47b88bc3b46916086d3f2c358a36b7","index":{"nums":[1,423,20,20,0,0,0],"html_filename":"pygeodesy_interns_py.html","relative_filename":"pygeodesy/interns.py"}},"pygeodesy_iters_py":{"hash":"8b98fc952f0a1154a48a9add630fb75d","index":{"nums":[1,194,23,7,0,0,0],"html_filename":"pygeodesy_iters_py.html","relative_filename":"pygeodesy/iters.py"}},"pygeodesy_karney_py":{"hash":"9bec4edd181679e2f9fdf8ce2d3569ba","index":{"nums":[1,356,54,18,0,0,0],"html_filename":"pygeodesy_karney_py.html","relative_filename":"pygeodesy/karney.py"}},"pygeodesy_ktm_py":{"hash":"d481f3018e60b746ad8f00f397b4b6d7","index":{"nums":[1,214,40,5,0,0,0],"html_filename":"pygeodesy_ktm_py.html","relative_filename":"pygeodesy/ktm.py"}},"pygeodesy_latlonBase_py":{"hash":"befeb2ad6616b85515c36593c0d6fe95","index":{"nums":[1,402,52,14,0,0,0],"html_filename":"pygeodesy_latlonBase_py.html","relative_filename":"pygeodesy/latlonBase.py"}},"pygeodesy_lazily_py":{"hash":"ed365b9c9203f686bec698a8f054c00f","index":{"nums":[1,150,72,15,0,0,0],"html_filename":"pygeodesy_lazily_py.html","relative_filename":"pygeodesy/lazily.py"}},"pygeodesy_lcc_py":{"hash":"24bc04b2bb3f8fccea282936bdf467ba","index":{"nums":[1,280,13,11,0,0,0],"html_filename":"pygeodesy_lcc_py.html","relative_filename":"pygeodesy/lcc.py"}},"pygeodesy_ltp_py":{"hash":"f11317c25939a74fea68d6d8076ce31e","index":{"nums":[1,405,33,14,0,0,0],"html_filename":"pygeodesy_ltp_py.html","relative_filename":"pygeodesy/ltp.py"}},"pygeodesy_ltpTuples_py":{"hash":"6023f6224e44c36908c28da71c8e4b52","index":{"nums":[1,493,44,31,0,0,0],"html_filename":"pygeodesy_ltpTuples_py.html","relative_filename":"pygeodesy/ltpTuples.py"}},"pygeodesy_mgrs_py":{"hash":"69ca7f88581e24ae94bf5e2903985718","index":{"nums":[1,264,52,2,0,0,0],"html_filename":"pygeodesy_mgrs_py.html","relative_filename":"pygeodesy/mgrs.py"}},"pygeodesy_named_py":{"hash":"eaa1074a4098823a122c19407acb6c22","index":{"nums":[1,423,109,17,0,0,0],"html_filename":"pygeodesy_named_py.html","relative_filename":"pygeodesy/named.py"}},"pygeodesy_namedTuples_py":{"hash":"78aa94700027a72d674405ed413c5680","index":{"nums":[1,206,1,4,0,0,0],"html_filename":"pygeodesy_namedTuples_py.html","relative_filename":"pygeodesy/namedTuples.py"}},"pygeodesy_nvectorBase_py":{"hash":"8117aab824647813d07a411cd9366bb4","index":{"nums":[1,233,21,8,0,0,0],"html_filename":"pygeodesy_nvectorBase_py.html","relative_filename":"pygeodesy/nvectorBase.py"}},"pygeodesy_osgr_py":{"hash":"a0f5820732345ba60217685439fc8cb6","index":{"nums":[1,303,65,9,0,0,0],"html_filename":"pygeodesy_osgr_py.html","relative_filename":"pygeodesy/osgr.py"}},"pygeodesy_points_py":{"hash":"ea6268b910af3d76040472d8a3d9bd88","index":{"nums":[1,554,95,23,0,0,0],"html_filename":"pygeodesy_points_py.html","relative_filename":"pygeodesy/points.py"}},"pygeodesy_props_py":{"hash":"426fb65a0ca3bdb16764f98d3bfc39e0","index":{"nums":[1,201,59,1,0,0,0],"html_filename":"pygeodesy_props_py.html","relative_filename":"pygeodesy/props.py"}},"pygeodesy_resections_py":{"hash":"89eb7293dcde8758ebdef264f09cbc32","index":{"nums":[1,312,61,4,0,0,0],"html_filename":"pygeodesy_resections_py.html","relative_filename":"pygeodesy/resections.py"}},"pygeodesy_rhumbsolve_py":{"hash":"571cd272906de0bd7ebc1c8a9e95ace8","index":{"nums":[1,86,28,1,0,0,0],"html_filename":"pygeodesy_rhumbsolve_py.html","relative_filename":"pygeodesy/rhumbsolve.py"}},"pygeodesy_rhumbx_py":{"hash":"d9190c95d0c0f8ea70b1a4fa27eae870","index":{"nums":[1,446,43,10,0,0,0],"html_filename":"pygeodesy_rhumbx_py.html","relative_filename":"pygeodesy/rhumbx.py"}},"pygeodesy_simplify_py":{"hash":"d8fbd81ac76bf252772bba07951c6582","index":{"nums":[1,225,4,4,0,0,0],"html_filename":"pygeodesy_simplify_py.html","relative_filename":"pygeodesy/simplify.py"}},"pygeodesy_solveBase_py":{"hash":"62025677d7d9d898ba636312967cdcc0","index":{"nums":[1,203,31,10,0,0,0],"html_filename":"pygeodesy_solveBase_py.html","relative_filename":"pygeodesy/solveBase.py"}},"pygeodesy_sphericalBase_py":{"hash":"d5f4868227ead362cfd6423f19b5f517","index":{"nums":[1,173,7,8,0,0,0],"html_filename":"pygeodesy_sphericalBase_py.html","relative_filename":"pygeodesy/sphericalBase.py"}},"pygeodesy_sphericalNvector_py":{"hash":"0b927c85a2e4b41076e38ea88d2c63f7","index":{"nums":[1,250,17,5,0,0,0],"html_filename":"pygeodesy_sphericalNvector_py.html","relative_filename":"pygeodesy/sphericalNvector.py"}},"pygeodesy_sphericalTrigonometry_py":{"hash":"9bf162b3b485cb4ff396ac75c8c0ac95","index":{"nums":[1,363,54,12,0,0,0],"html_filename":"pygeodesy_sphericalTrigonometry_py.html","relative_filename":"pygeodesy/sphericalTrigonometry.py"}},"pygeodesy_streprs_py":{"hash":"7c9b6d303ffcb8a7edb99fa594ab2770","index":{"nums":[1,263,20,14,0,0,0],"html_filename":"pygeodesy_streprs_py.html","relative_filename":"pygeodesy/streprs.py"}},"pygeodesy_trf_py":{"hash":"e49836a90183479e226499b1874b5a6d","index":{"nums":[1,176,26,5,0,0,0],"html_filename":"pygeodesy_trf_py.html","relative_filename":"pygeodesy/trf.py"}},"pygeodesy_units_py":{"hash":"7e221a208aabdce2e151d32fd3b7f215","index":{"nums":[1,284,18,15,0,0,0],"html_filename":"pygeodesy_units_py.html","relative_filename":"pygeodesy/units.py"}},"pygeodesy_unitsBase_py":{"hash":"3a9c90c5a7dbe251231de9521595d405","index":{"nums":[1,100,6,1,0,0,0],"html_filename":"pygeodesy_unitsBase_py.html","relative_filename":"pygeodesy/unitsBase.py"}},"pygeodesy_ups_py":{"hash":"2d46afe43e23c9a101b72a8d7e508f8f","index":{"nums":[1,166,9,5,0,0,0],"html_filename":"pygeodesy_ups_py.html","relative_filename":"pygeodesy/ups.py"}},"pygeodesy_utily_py":{"hash":"7c10d934bc929713f47b012843e68577","index":{"nums":[1,239,14,6,0,0,0],"html_filename":"pygeodesy_utily_py.html","relative_filename":"pygeodesy/utily.py"}},"pygeodesy_utm_py":{"hash":"b7e6d605b9c3521b25b8f2819328da9d","index":{"nums":[1,266,20,8,0,0,0],"html_filename":"pygeodesy_utm_py.html","relative_filename":"pygeodesy/utm.py"}},"pygeodesy_utmups_py":{"hash":"e39675daab0d9a0af0f0b29b93c8c405","index":{"nums":[1,87,13,2,0,0,0],"html_filename":"pygeodesy_utmups_py.html","relative_filename":"pygeodesy/utmups.py"}},"pygeodesy_utmupsBase_py":{"hash":"900496cec4f45ca64c5e5954b47d3a3e","index":{"nums":[1,236,21,6,0,0,0],"html_filename":"pygeodesy_utmupsBase_py.html","relative_filename":"pygeodesy/utmupsBase.py"}},"pygeodesy_vector2d_py":{"hash":"26c6fb5ef82415dffff6391c37b0e756","index":{"nums":[1,323,25,12,0,0,0],"html_filename":"pygeodesy_vector2d_py.html","relative_filename":"pygeodesy/vector2d.py"}},"pygeodesy_vector3d_py":{"hash":"fba45b3985e58687422aabbe82d9915c","index":{"nums":[1,235,42,4,0,0,0],"html_filename":"pygeodesy_vector3d_py.html","relative_filename":"pygeodesy/vector3d.py"}},"pygeodesy_vector3dBase_py":{"hash":"f3970f214ebea66b003c365d9ed12ca7","index":{"nums":[1,265,100,9,0,0,0],"html_filename":"pygeodesy_vector3dBase_py.html","relative_filename":"pygeodesy/vector3dBase.py"}},"pygeodesy_webmercator_py":{"hash":"bbb92021391d3dada9d0287914cbbb4a","index":{"nums":[1,118,12,2,0,0,0],"html_filename":"pygeodesy_webmercator_py.html","relative_filename":"pygeodesy/webmercator.py"}},"pygeodesy_wgrs_py":{"hash":"fd900df70d3097783bf61717c54b577b","index":{"nums":[1,188,7,4,0,0,0],"html_filename":"pygeodesy_wgrs_py.html","relative_filename":"pygeodesy/wgrs.py"}}}}