{"format":1,"version":"4.5.4","settings":"dbdd248d96562c1fa3bc1e0b8bcf5442","files":{"pygeodesy___init___py":{"hash":"94f77135d4b29a70f3b444151e466aeb","index":{"nums":[1,131,3,4,0,0,0],"html_filename":"pygeodesy___init___py.html","relative_filename":"pygeodesy/__init__.py"}},"pygeodesy_albers_py":{"hash":"139c6b228a416b2a8d2b761da759fd35","index":{"nums":[1,379,6,18,0,0,0],"html_filename":"pygeodesy_albers_py.html","relative_filename":"pygeodesy/albers.py"}},"pygeodesy_azimuthal_py":{"hash":"eed6b402ebc830301719638a8eefc106","index":{"nums":[1,275,12,7,0,0,0],"html_filename":"pygeodesy_azimuthal_py.html","relative_filename":"pygeodesy/azimuthal.py"}},"pygeodesy_basics_py":{"hash":"13fbd6f38b9470b1cc9a237365c6809c","index":{"nums":[1,145,29,5,0,0,0],"html_filename":"pygeodesy_basics_py.html","relative_filename":"pygeodesy/basics.py"}},"pygeodesy_cartesianBase_py":{"hash":"936d7534bddaccf51e6e033dac2417b2","index":{"nums":[1,142,9,6,0,0,0],"html_filename":"pygeodesy_cartesianBase_py.html","relative_filename":"pygeodesy/cartesianBase.py"}},"pygeodesy_clipy_py":{"hash":"784b1141e677e3650d33b8bac6b97a47","index":{"nums":[1,241,16,15,0,0,0],"html_filename":"pygeodesy_clipy_py.html","relative_filename":"pygeodesy/clipy.py"}},"pygeodesy_css_py":{"hash":"ed9ea00c5846f0d09e7fbe12d63023a4","index":{"nums":[1,200,0,7,0,0,0],"html_filename":"pygeodesy_css_py.html","relative_filename":"pygeodesy/css.py"}},"pygeodesy_datums_py":{"hash":"78d81dd7afbbcb103ca4c8b27893d1c1","index":{"nums":[1,154,7,9,0,0,0],"html_filename":"pygeodesy_datums_py.html","relative_filename":"pygeodesy/datums.py"}},"pygeodesy_deprecated___init___py":{"hash":"089d230efb17920ac04401a682cddda7","index":{"nums":[1,93,40,0,0,0,0],"html_filename":"pygeodesy_deprecated___init___py.html","relative_filename":"pygeodesy/deprecated/__init__.py"}},"pygeodesy_deprecated_bases_py":{"hash":"87fca093f21ecff086e79c5a7d699cdc","index":{"nums":[1,6,0,0,0,0,0],"html_filename":"pygeodesy_deprecated_bases_py.html","relative_filename":"pygeodesy/deprecated/bases.py"}},"pygeodesy_deprecated_datum_py":{"hash":"d3f9f50f75e97ff7491560c23ae22eee","index":{"nums":[1,5,0,0,0,0,0],"html_filename":"pygeodesy_deprecated_datum_py.html","relative_filename":"pygeodesy/deprecated/datum.py"}},"pygeodesy_deprecated_nvector_py":{"hash":"666f2e3d423d6e623fcf4b222d848cf9","index":{"nums":[1,8,0,0,0,0,0],"html_filename":"pygeodesy_deprecated_nvector_py.html","relative_filename":"pygeodesy/deprecated/nvector.py"}},"pygeodesy_dms_py":{"hash":"a2d417e5af0efc7a67bb0c6909e4721a","index":{"nums":[1,268,7,7,0,0,0],"html_filename":"pygeodesy_dms_py.html","relative_filename":"pygeodesy/dms.py"}},"pygeodesy_ecef_py":{"hash":"3af8880b19ffcacf7e992a3854ca6d9d","index":{"nums":[1,378,28,16,0,0,0],"html_filename":"pygeodesy_ecef_py.html","relative_filename":"pygeodesy/ecef.py"}},"pygeodesy_elevations_py":{"hash":"f4e0f56075be220b49d1fe4f1c713307","index":{"nums":[1,77,23,4,0,0,0],"html_filename":"pygeodesy_elevations_py.html","relative_filename":"pygeodesy/elevations.py"}},"pygeodesy_ellipsoidalBase_py":{"hash":"6bfdc9f7b10783e5111c12145c299dc9","index":{"nums":[1,323,20,15,0,0,0],"html_filename":"pygeodesy_ellipsoidalBase_py.html","relative_filename":"pygeodesy/ellipsoidalBase.py"}},"pygeodesy_ellipsoidalKarney_py":{"hash":"a94cef4641596ce5ff82151d030f5153","index":{"nums":[1,99,5,0,0,0,0],"html_filename":"pygeodesy_ellipsoidalKarney_py.html","relative_filename":"pygeodesy/ellipsoidalKarney.py"}},"pygeodesy_ellipsoidalNvector_py":{"hash":"747203a15d92b2ea4d91c88ae66a690d","index":{"nums":[1,178,6,4,0,0,0],"html_filename":"pygeodesy_ellipsoidalNvector_py.html","relative_filename":"pygeodesy/ellipsoidalNvector.py"}},"pygeodesy_ellipsoidalVincenty_py":{"hash":"d09dc75e58e50dcc5d3e66c6528a2cd3","index":{"nums":[1,166,16,7,0,0,0],"html_filename":"pygeodesy_ellipsoidalVincenty_py.html","relative_filename":"pygeodesy/ellipsoidalVincenty.py"}},"pygeodesy_ellipsoids_py":{"hash":"636f128b5da02c202a5d869ccb8bc897","index":{"nums":[1,638,18,20,0,0,0],"html_filename":"pygeodesy_ellipsoids_py.html","relative_filename":"pygeodesy/ellipsoids.py"}},"pygeodesy_elliptic_py":{"hash":"8f7ee3a38e1e7d60db54db981330e5f0","index":{"nums":[1,358,25,10,0,0,0],"html_filename":"pygeodesy_elliptic_py.html","relative_filename":"pygeodesy/elliptic.py"}},"pygeodesy_epsg_py":{"hash":"27a7b4f30e2c6976a6a75f17eb10459a","index":{"nums":[1,102,5,4,0,0,0],"html_filename":"pygeodesy_epsg_py.html","relative_filename":"pygeodesy/epsg.py"}},"pygeodesy_errors_py":{"hash":"0f6489073fba43c1245430fb2819b3c3","index":{"nums":[1,202,19,7,0,0,0],"html_filename":"pygeodesy_errors_py.html","relative_filename":"pygeodesy/errors.py"}},"pygeodesy_etm_py":{"hash":"997dbb4fcad8d6a7bed4c6c41c6280a6","index":{"nums":[1,365,6,22,0,0,0],"html_filename":"pygeodesy_etm_py.html","relative_filename":"pygeodesy/etm.py"}},"pygeodesy_fmath_py":{"hash":"a17020a114dd4da5a806703b60df56c0","index":{"nums":[1,293,46,7,0,0,0],"html_filename":"pygeodesy_fmath_py.html","relative_filename":"pygeodesy/fmath.py"}},"pygeodesy_formy_py":{"hash":"4993193dcb298de95e88a66e772946ed","index":{"nums":[1,281,7,3,0,0,0],"html_filename":"pygeodesy_formy_py.html","relative_filename":"pygeodesy/formy.py"}},"pygeodesy_frechet_py":{"hash":"acf3f7ad7f38e58d18c88d6c46d862a4","index":{"nums":[1,278,52,8,0,0,0],"html_filename":"pygeodesy_frechet_py.html","relative_filename":"pygeodesy/frechet.py"}},"pygeodesy_gars_py":{"hash":"d241cae2d6c210961d245346f4043633","index":{"nums":[1,160,8,6,0,0,0],"html_filename":"pygeodesy_gars_py.html","relative_filename":"pygeodesy/gars.py"}},"pygeodesy_geohash_py":{"hash":"6d6ca18f80ba3d3b71766c51a1af11da","index":{"nums":[1,271,8,8,0,0,0],"html_filename":"pygeodesy_geohash_py.html","relative_filename":"pygeodesy/geohash.py"}},"pygeodesy_geoids_py":{"hash":"6bdb1d09aa3ad2d0812e846d6034bc77","index":{"nums":[1,666,81,40,0,0,0],"html_filename":"pygeodesy_geoids_py.html","relative_filename":"pygeodesy/geoids.py"}},"pygeodesy_hausdorff_py":{"hash":"08422d1233467ec4c4361e2490416282","index":{"nums":[1,259,59,7,0,0,0],"html_filename":"pygeodesy_hausdorff_py.html","relative_filename":"pygeodesy/hausdorff.py"}},"pygeodesy_heights_py":{"hash":"5cd85d5068acd8f3cd60e7048c7f58ac","index":{"nums":[1,362,73,16,0,0,0],"html_filename":"pygeodesy_heights_py.html","relative_filename":"pygeodesy/heights.py"}},"pygeodesy_interns_py":{"hash":"3f06fbbe4f3662b99cba982c96a8288f","index":{"nums":[1,251,6,6,0,0,0],"html_filename":"pygeodesy_interns_py.html","relative_filename":"pygeodesy/interns.py"}},"pygeodesy_karney_py":{"hash":"6ed443aa8eea2e2d2025e7d403be061d","index":{"nums":[1,132,0,6,0,0,0],"html_filename":"pygeodesy_karney_py.html","relative_filename":"pygeodesy/karney.py"}},"pygeodesy_latlonBase_py":{"hash":"138eb6762cd493dc35c8b3fc48e1e4d2","index":{"nums":[1,268,38,6,0,0,0],"html_filename":"pygeodesy_latlonBase_py.html","relative_filename":"pygeodesy/latlonBase.py"}},"pygeodesy_lazily_py":{"hash":"1f732a4eebd11785d6832fe6864d224b","index":{"nums":[1,113,19,6,0,0,0],"html_filename":"pygeodesy_lazily_py.html","relative_filename":"pygeodesy/lazily.py"}},"pygeodesy_lcc_py":{"hash":"9ff5460e9ce9d7a1355dcb808818ff1d","index":{"nums":[1,258,13,6,0,0,0],"html_filename":"pygeodesy_lcc_py.html","relative_filename":"pygeodesy/lcc.py"}},"pygeodesy_mgrs_py":{"hash":"3206498f8fabfba40c38e027de0384e5","index":{"nums":[1,142,4,3,0,0,0],"html_filename":"pygeodesy_mgrs_py.html","relative_filename":"pygeodesy/mgrs.py"}},"pygeodesy_named_py":{"hash":"a56c96330513d34e747e38dadece8649","index":{"nums":[1,353,50,22,0,0,0],"html_filename":"pygeodesy_named_py.html","relative_filename":"pygeodesy/named.py"}},"pygeodesy_namedTuples_py":{"hash":"1d1e32086ffd7c4d5bdc3c1fb2a59441","index":{"nums":[1,141,1,1,0,0,0],"html_filename":"pygeodesy_namedTuples_py.html","relative_filename":"pygeodesy/namedTuples.py"}},"pygeodesy_nvectorBase_py":{"hash":"c791e8ff630e01a293b117ffbbcfa21e","index":{"nums":[1,232,21,7,0,0,0],"html_filename":"pygeodesy_nvectorBase_py.html","relative_filename":"pygeodesy/nvectorBase.py"}},"pygeodesy_osgr_py":{"hash":"57f87249b5d95e4d799090db81065439","index":{"nums":[1,210,9,12,0,0,0],"html_filename":"pygeodesy_osgr_py.html","relative_filename":"pygeodesy/osgr.py"}},"pygeodesy_points_py":{"hash":"d8e33d1290b70c7b54c8217cbc11cb29","index":{"nums":[1,525,43,30,0,0,0],"html_filename":"pygeodesy_points_py.html","relative_filename":"pygeodesy/points.py"}},"pygeodesy_simplify_py":{"hash":"d24a1e8839b611a3deb3141b35017950","index":{"nums":[1,224,3,4,0,0,0],"html_filename":"pygeodesy_simplify_py.html","relative_filename":"pygeodesy/simplify.py"}},"pygeodesy_sphericalBase_py":{"hash":"6fd50340ea9bf9729fc853ce7be14709","index":{"nums":[1,146,6,9,0,0,0],"html_filename":"pygeodesy_sphericalBase_py.html","relative_filename":"pygeodesy/sphericalBase.py"}},"pygeodesy_sphericalNvector_py":{"hash":"e431be4f7e2efb59fe999c057a70dda8","index":{"nums":[1,259,17,13,0,0,0],"html_filename":"pygeodesy_sphericalNvector_py.html","relative_filename":"pygeodesy/sphericalNvector.py"}},"pygeodesy_sphericalTrigonometry_py":{"hash":"b20b23e0f07d4e0bbe84f66019e71fd6","index":{"nums":[1,325,35,15,0,0,0],"html_filename":"pygeodesy_sphericalTrigonometry_py.html","relative_filename":"pygeodesy/sphericalTrigonometry.py"}},"pygeodesy_streprs_py":{"hash":"4020966fb602e256c70dba153f96c62f","index":{"nums":[1,112,5,1,0,0,0],"html_filename":"pygeodesy_streprs_py.html","relative_filename":"pygeodesy/streprs.py"}},"pygeodesy_trf_py":{"hash":"ef0717a35b820bdb22f450f192538d67","index":{"nums":[1,105,9,2,0,0,0],"html_filename":"pygeodesy_trf_py.html","relative_filename":"pygeodesy/trf.py"}},"pygeodesy_units_py":{"hash":"5806c58ba1efe5e6cf3c09f22abec9ab","index":{"nums":[1,317,19,16,0,0,0],"html_filename":"pygeodesy_units_py.html","relative_filename":"pygeodesy/units.py"}},"pygeodesy_ups_py":{"hash":"4c44408903ad3ad8612890cbc2043f77","index":{"nums":[1,176,5,7,0,0,0],"html_filename":"pygeodesy_ups_py.html","relative_filename":"pygeodesy/ups.py"}},"pygeodesy_utily_py":{"hash":"0e4006f1cec2cfd527aa2371b9698d9c","index":{"nums":[1,173,3,4,0,0,0],"html_filename":"pygeodesy_utily_py.html","relative_filename":"pygeodesy/utily.py"}},"pygeodesy_utm_py":{"hash":"d0b2b16f525163e610364d72910f20b9","index":{"nums":[1,255,14,7,0,0,0],"html_filename":"pygeodesy_utm_py.html","relative_filename":"pygeodesy/utm.py"}},"pygeodesy_utmups_py":{"hash":"e90718db95373c14e4a2624ee2326260","index":{"nums":[1,98,4,5,0,0,0],"html_filename":"pygeodesy_utmups_py.html","relative_filename":"pygeodesy/utmups.py"}},"pygeodesy_utmupsBase_py":{"hash":"6c39fc18472dddf0a08b42e9c0e68a72","index":{"nums":[1,185,12,11,0,0,0],"html_filename":"pygeodesy_utmupsBase_py.html","relative_filename":"pygeodesy/utmupsBase.py"}},"pygeodesy_vector3d_py":{"hash":"7d25e3122e5bfe3be1f5c4c5a581e04f","index":{"nums":[1,376,34,21,0,0,0],"html_filename":"pygeodesy_vector3d_py.html","relative_filename":"pygeodesy/vector3d.py"}},"pygeodesy_webmercator_py":{"hash":"bf6313f749b9db22d0cd0f72702ed6fe","index":{"nums":[1,127,7,1,0,0,0],"html_filename":"pygeodesy_webmercator_py.html","relative_filename":"pygeodesy/webmercator.py"}},"pygeodesy_wgrs_py":{"hash":"c1540c15da2ae4ab92335038848b2f9d","index":{"nums":[1,210,5,8,0,0,0],"html_filename":"pygeodesy_wgrs_py.html","relative_filename":"pygeodesy/wgrs.py"}}}}