{"format":1,"version":"4.5.4","settings":"be0cae51e3c9d3237df9ae4f66e2185a","files":{"pygeodesy___init___py":{"hash":"bad6c5cb0abc503e7477c4e44fef7d98","index":{"nums":[1,128,3,4,0,0,0],"html_filename":"pygeodesy___init___py.html","relative_filename":"pygeodesy/__init__.py"}},"pygeodesy_albers_py":{"hash":"e42944a64be65cfd86079f303d3d03d7","index":{"nums":[1,379,6,17,0,0,0],"html_filename":"pygeodesy_albers_py.html","relative_filename":"pygeodesy/albers.py"}},"pygeodesy_azimuthal_py":{"hash":"de21a117f7f2864bf11d6cbbc068d453","index":{"nums":[1,283,12,10,0,0,0],"html_filename":"pygeodesy_azimuthal_py.html","relative_filename":"pygeodesy/azimuthal.py"}},"pygeodesy_basics_py":{"hash":"7319b2788b89e65192f518b737a27a6a","index":{"nums":[1,142,29,5,0,0,0],"html_filename":"pygeodesy_basics_py.html","relative_filename":"pygeodesy/basics.py"}},"pygeodesy_cartesianBase_py":{"hash":"6714b2c7a1a6c1054f4c7cef5bb2cc7b","index":{"nums":[1,142,9,6,0,0,0],"html_filename":"pygeodesy_cartesianBase_py.html","relative_filename":"pygeodesy/cartesianBase.py"}},"pygeodesy_clipy_py":{"hash":"13047562691f0bbad6ca83b2bbd642a1","index":{"nums":[1,242,16,15,0,0,0],"html_filename":"pygeodesy_clipy_py.html","relative_filename":"pygeodesy/clipy.py"}},"pygeodesy_css_py":{"hash":"c51180b35823af653404da8bd70281f3","index":{"nums":[1,204,0,7,0,0,0],"html_filename":"pygeodesy_css_py.html","relative_filename":"pygeodesy/css.py"}},"pygeodesy_datums_py":{"hash":"be8bf32c13e4543e9734fe182c60e887","index":{"nums":[1,148,7,7,0,0,0],"html_filename":"pygeodesy_datums_py.html","relative_filename":"pygeodesy/datums.py"}},"pygeodesy_deprecated___init___py":{"hash":"0f4522c84e0d606904a4ee46359efce9","index":{"nums":[1,99,40,0,0,0,0],"html_filename":"pygeodesy_deprecated___init___py.html","relative_filename":"pygeodesy/deprecated/__init__.py"}},"pygeodesy_deprecated_bases_py":{"hash":"87fca093f21ecff086e79c5a7d699cdc","index":{"nums":[1,6,0,0,0,0,0],"html_filename":"pygeodesy_deprecated_bases_py.html","relative_filename":"pygeodesy/deprecated/bases.py"}},"pygeodesy_deprecated_datum_py":{"hash":"d3f9f50f75e97ff7491560c23ae22eee","index":{"nums":[1,5,0,0,0,0,0],"html_filename":"pygeodesy_deprecated_datum_py.html","relative_filename":"pygeodesy/deprecated/datum.py"}},"pygeodesy_deprecated_nvector_py":{"hash":"666f2e3d423d6e623fcf4b222d848cf9","index":{"nums":[1,8,0,0,0,0,0],"html_filename":"pygeodesy_deprecated_nvector_py.html","relative_filename":"pygeodesy/deprecated/nvector.py"}},"pygeodesy_dms_py":{"hash":"2b0ce5a0ef86a39271ed6063c0ef4220","index":{"nums":[1,268,7,7,0,0,0],"html_filename":"pygeodesy_dms_py.html","relative_filename":"pygeodesy/dms.py"}},"pygeodesy_ecef_py":{"hash":"cb344b657f859f078d55fffd70678793","index":{"nums":[1,391,25,15,0,0,0],"html_filename":"pygeodesy_ecef_py.html","relative_filename":"pygeodesy/ecef.py"}},"pygeodesy_elevations_py":{"hash":"2c9d514836cacb07108df2e7c02efe70","index":{"nums":[1,78,23,4,0,0,0],"html_filename":"pygeodesy_elevations_py.html","relative_filename":"pygeodesy/elevations.py"}},"pygeodesy_ellipsoidalBase_py":{"hash":"596e88fb861b42ce256c8332cf60bfc5","index":{"nums":[1,318,20,15,0,0,0],"html_filename":"pygeodesy_ellipsoidalBase_py.html","relative_filename":"pygeodesy/ellipsoidalBase.py"}},"pygeodesy_ellipsoidalKarney_py":{"hash":"6505b40eb1427cc8cd85ec1547d9ba77","index":{"nums":[1,95,5,0,0,0,0],"html_filename":"pygeodesy_ellipsoidalKarney_py.html","relative_filename":"pygeodesy/ellipsoidalKarney.py"}},"pygeodesy_ellipsoidalNvector_py":{"hash":"1f894c33bd13b17dc1fc2c7ca60d0cc0","index":{"nums":[1,177,6,4,0,0,0],"html_filename":"pygeodesy_ellipsoidalNvector_py.html","relative_filename":"pygeodesy/ellipsoidalNvector.py"}},"pygeodesy_ellipsoidalVincenty_py":{"hash":"b01e67e16db6bfd45b5f5a5a9b7b8ea0","index":{"nums":[1,161,16,8,0,0,0],"html_filename":"pygeodesy_ellipsoidalVincenty_py.html","relative_filename":"pygeodesy/ellipsoidalVincenty.py"}},"pygeodesy_ellipsoids_py":{"hash":"b17259d2e231453caccb061023603551","index":{"nums":[1,620,22,14,0,0,0],"html_filename":"pygeodesy_ellipsoids_py.html","relative_filename":"pygeodesy/ellipsoids.py"}},"pygeodesy_elliptic_py":{"hash":"909fc460a1a19ae21bc552597bef605c","index":{"nums":[1,358,25,10,0,0,0],"html_filename":"pygeodesy_elliptic_py.html","relative_filename":"pygeodesy/elliptic.py"}},"pygeodesy_epsg_py":{"hash":"4aa3f7fc0916a78cb4f0363ca50154f0","index":{"nums":[1,101,5,4,0,0,0],"html_filename":"pygeodesy_epsg_py.html","relative_filename":"pygeodesy/epsg.py"}},"pygeodesy_errors_py":{"hash":"72db302a01abe56bd073ff31c69bf58d","index":{"nums":[1,188,18,6,0,0,0],"html_filename":"pygeodesy_errors_py.html","relative_filename":"pygeodesy/errors.py"}},"pygeodesy_etm_py":{"hash":"a5251c7ffe6424c713d6e493a646e4c9","index":{"nums":[1,368,6,22,0,0,0],"html_filename":"pygeodesy_etm_py.html","relative_filename":"pygeodesy/etm.py"}},"pygeodesy_fmath_py":{"hash":"84e745db6435169b8b3ae855bd86e9cf","index":{"nums":[1,291,46,7,0,0,0],"html_filename":"pygeodesy_fmath_py.html","relative_filename":"pygeodesy/fmath.py"}},"pygeodesy_formy_py":{"hash":"3d4c7547cb1ac9b8bdab7de947b99554","index":{"nums":[1,282,7,3,0,0,0],"html_filename":"pygeodesy_formy_py.html","relative_filename":"pygeodesy/formy.py"}},"pygeodesy_frechet_py":{"hash":"45dfc6f7f1ac1e130e31a90a779cb09e","index":{"nums":[1,279,52,8,0,0,0],"html_filename":"pygeodesy_frechet_py.html","relative_filename":"pygeodesy/frechet.py"}},"pygeodesy_gars_py":{"hash":"4ee19d7eb24e188f3f44faa432d1353d","index":{"nums":[1,160,8,6,0,0,0],"html_filename":"pygeodesy_gars_py.html","relative_filename":"pygeodesy/gars.py"}},"pygeodesy_geohash_py":{"hash":"90b1d6820455a034e2c2d11cbe66351c","index":{"nums":[1,254,17,7,0,0,0],"html_filename":"pygeodesy_geohash_py.html","relative_filename":"pygeodesy/geohash.py"}},"pygeodesy_geoids_py":{"hash":"ed14b93a8317a9b63a3dc828ab17e200","index":{"nums":[1,665,81,40,0,0,0],"html_filename":"pygeodesy_geoids_py.html","relative_filename":"pygeodesy/geoids.py"}},"pygeodesy_hausdorff_py":{"hash":"38f3daf26d2e8fea1c7c3a6ea5176b69","index":{"nums":[1,260,59,7,0,0,0],"html_filename":"pygeodesy_hausdorff_py.html","relative_filename":"pygeodesy/hausdorff.py"}},"pygeodesy_heights_py":{"hash":"3d890de5e73ee6e547bd19b7e47367f4","index":{"nums":[1,362,73,16,0,0,0],"html_filename":"pygeodesy_heights_py.html","relative_filename":"pygeodesy/heights.py"}},"pygeodesy_interns_py":{"hash":"245d088b820b62bb448a32e858405842","index":{"nums":[1,233,6,6,0,0,0],"html_filename":"pygeodesy_interns_py.html","relative_filename":"pygeodesy/interns.py"}},"pygeodesy_karney_py":{"hash":"af4b4844e6ae1506e2df713911dc806d","index":{"nums":[1,132,0,6,0,0,0],"html_filename":"pygeodesy_karney_py.html","relative_filename":"pygeodesy/karney.py"}},"pygeodesy_latlonBase_py":{"hash":"3012cd41200152317a8ccfd243c6aefb","index":{"nums":[1,268,38,6,0,0,0],"html_filename":"pygeodesy_latlonBase_py.html","relative_filename":"pygeodesy/latlonBase.py"}},"pygeodesy_lazily_py":{"hash":"01d3891137311ba9bb61702d89115203","index":{"nums":[1,113,19,6,0,0,0],"html_filename":"pygeodesy_lazily_py.html","relative_filename":"pygeodesy/lazily.py"}},"pygeodesy_lcc_py":{"hash":"0c3489c0beae9f60011662a3ad2d2ac7","index":{"nums":[1,258,13,6,0,0,0],"html_filename":"pygeodesy_lcc_py.html","relative_filename":"pygeodesy/lcc.py"}},"pygeodesy_mgrs_py":{"hash":"9ac6beb448175061d5e2826009571f1e","index":{"nums":[1,142,4,3,0,0,0],"html_filename":"pygeodesy_mgrs_py.html","relative_filename":"pygeodesy/mgrs.py"}},"pygeodesy_named_py":{"hash":"c61a76cc533a1315897dc2013e556a6e","index":{"nums":[1,342,51,18,0,0,0],"html_filename":"pygeodesy_named_py.html","relative_filename":"pygeodesy/named.py"}},"pygeodesy_namedTuples_py":{"hash":"774c8bf1798135dfdafaeaa329c1cfcd","index":{"nums":[1,109,1,1,0,0,0],"html_filename":"pygeodesy_namedTuples_py.html","relative_filename":"pygeodesy/namedTuples.py"}},"pygeodesy_nvectorBase_py":{"hash":"e6e43a0699785b8d207a8ee10c73a681","index":{"nums":[1,232,21,7,0,0,0],"html_filename":"pygeodesy_nvectorBase_py.html","relative_filename":"pygeodesy/nvectorBase.py"}},"pygeodesy_osgr_py":{"hash":"315b3a6607872eb2d102dbf8302b7bce","index":{"nums":[1,210,9,12,0,0,0],"html_filename":"pygeodesy_osgr_py.html","relative_filename":"pygeodesy/osgr.py"}},"pygeodesy_points_py":{"hash":"d7214f3adb00740e22255f8dfbeda6b1","index":{"nums":[1,526,43,30,0,0,0],"html_filename":"pygeodesy_points_py.html","relative_filename":"pygeodesy/points.py"}},"pygeodesy_simplify_py":{"hash":"d24a1e8839b611a3deb3141b35017950","index":{"nums":[1,224,3,4,0,0,0],"html_filename":"pygeodesy_simplify_py.html","relative_filename":"pygeodesy/simplify.py"}},"pygeodesy_sphericalBase_py":{"hash":"6fd50340ea9bf9729fc853ce7be14709","index":{"nums":[1,146,6,9,0,0,0],"html_filename":"pygeodesy_sphericalBase_py.html","relative_filename":"pygeodesy/sphericalBase.py"}},"pygeodesy_sphericalNvector_py":{"hash":"c25a1781fcc940e42b6c0316523a113c","index":{"nums":[1,258,17,13,0,0,0],"html_filename":"pygeodesy_sphericalNvector_py.html","relative_filename":"pygeodesy/sphericalNvector.py"}},"pygeodesy_sphericalTrigonometry_py":{"hash":"23def39fe2e1730bf3f903e3c72032f9","index":{"nums":[1,327,35,16,0,0,0],"html_filename":"pygeodesy_sphericalTrigonometry_py.html","relative_filename":"pygeodesy/sphericalTrigonometry.py"}},"pygeodesy_streprs_py":{"hash":"995635ae652eefee6d9a999306addc3d","index":{"nums":[1,104,5,1,0,0,0],"html_filename":"pygeodesy_streprs_py.html","relative_filename":"pygeodesy/streprs.py"}},"pygeodesy_trf_py":{"hash":"c19476633f068d22d525aab435873f8e","index":{"nums":[1,105,9,2,0,0,0],"html_filename":"pygeodesy_trf_py.html","relative_filename":"pygeodesy/trf.py"}},"pygeodesy_units_py":{"hash":"fc88dde85319490bbb31966e85b2f7d5","index":{"nums":[1,317,19,16,0,0,0],"html_filename":"pygeodesy_units_py.html","relative_filename":"pygeodesy/units.py"}},"pygeodesy_ups_py":{"hash":"69488e3459b39ac0c75bf43e32160de5","index":{"nums":[1,176,5,7,0,0,0],"html_filename":"pygeodesy_ups_py.html","relative_filename":"pygeodesy/ups.py"}},"pygeodesy_utily_py":{"hash":"3b84c3b0a3baf11dc0e21222458e64f5","index":{"nums":[1,157,3,4,0,0,0],"html_filename":"pygeodesy_utily_py.html","relative_filename":"pygeodesy/utily.py"}},"pygeodesy_utm_py":{"hash":"cb1a7032c1e6917224121fd504c1157d","index":{"nums":[1,255,14,7,0,0,0],"html_filename":"pygeodesy_utm_py.html","relative_filename":"pygeodesy/utm.py"}},"pygeodesy_utmups_py":{"hash":"e462b151297e031185bbabbc500b1048","index":{"nums":[1,97,4,5,0,0,0],"html_filename":"pygeodesy_utmups_py.html","relative_filename":"pygeodesy/utmups.py"}},"pygeodesy_utmupsBase_py":{"hash":"1a3aebac93bd46cebeb13d75de5852d8","index":{"nums":[1,215,12,11,0,0,0],"html_filename":"pygeodesy_utmupsBase_py.html","relative_filename":"pygeodesy/utmupsBase.py"}},"pygeodesy_vector3d_py":{"hash":"5392f9449bde17a060b7be01c0ec704d","index":{"nums":[1,376,34,21,0,0,0],"html_filename":"pygeodesy_vector3d_py.html","relative_filename":"pygeodesy/vector3d.py"}},"pygeodesy_webmercator_py":{"hash":"34a01706e8e4cf90a681dbdc40fc16a4","index":{"nums":[1,128,7,1,0,0,0],"html_filename":"pygeodesy_webmercator_py.html","relative_filename":"pygeodesy/webmercator.py"}},"pygeodesy_wgrs_py":{"hash":"6f3b714d7f66644423790aa73c6c9d1b","index":{"nums":[1,205,5,8,0,0,0],"html_filename":"pygeodesy_wgrs_py.html","relative_filename":"pygeodesy/wgrs.py"}}}}