{"format":1,"version":"4.5.4","settings":"9121c429c1eca0be43e3b107887e82e1","files":{"pygeodesy___init___py":{"hash":"030786d5d92115a7c4e4b2218aec4a3d","index":{"nums":[1,149,3,6,0,0,0],"html_filename":"pygeodesy___init___py.html","relative_filename":"pygeodesy/__init__.py"}},"pygeodesy_albers_py":{"hash":"88b3f855cec590b2a076e6b5648ceaa7","index":{"nums":[1,380,9,18,0,0,0],"html_filename":"pygeodesy_albers_py.html","relative_filename":"pygeodesy/albers.py"}},"pygeodesy_azimuthal_py":{"hash":"dac9d4f278f169abfcf084fb8b304995","index":{"nums":[1,332,33,16,0,0,0],"html_filename":"pygeodesy_azimuthal_py.html","relative_filename":"pygeodesy/azimuthal.py"}},"pygeodesy_basics_py":{"hash":"36738f7e321102c7ec10f29315622090","index":{"nums":[1,146,27,5,0,0,0],"html_filename":"pygeodesy_basics_py.html","relative_filename":"pygeodesy/basics.py"}},"pygeodesy_cartesianBase_py":{"hash":"541afbb984cccfb74e19d6bf70f3f88b","index":{"nums":[1,176,12,17,0,0,0],"html_filename":"pygeodesy_cartesianBase_py.html","relative_filename":"pygeodesy/cartesianBase.py"}},"pygeodesy_clipy_py":{"hash":"8089e4c1896bbda886588b14b831cc01","index":{"nums":[1,297,16,13,0,0,0],"html_filename":"pygeodesy_clipy_py.html","relative_filename":"pygeodesy/clipy.py"}},"pygeodesy_css_py":{"hash":"f06f2ab25b9f84bafee86e003ecfafba","index":{"nums":[1,197,3,6,0,0,0],"html_filename":"pygeodesy_css_py.html","relative_filename":"pygeodesy/css.py"}},"pygeodesy_datums_py":{"hash":"391d34115ea0f62dd3c16edf5c3e7d96","index":{"nums":[1,164,14,5,0,0,0],"html_filename":"pygeodesy_datums_py.html","relative_filename":"pygeodesy/datums.py"}},"pygeodesy_deprecated___init___py":{"hash":"f959507aa94e4f1aa8e635ca20d5d708","index":{"nums":[1,63,172,1,0,0,0],"html_filename":"pygeodesy_deprecated___init___py.html","relative_filename":"pygeodesy/deprecated/__init__.py"}},"pygeodesy_deprecated_bases_py":{"hash":"fa163eff8db14057476b202a8c904157","index":{"nums":[1,6,0,0,0,0,0],"html_filename":"pygeodesy_deprecated_bases_py.html","relative_filename":"pygeodesy/deprecated/bases.py"}},"pygeodesy_deprecated_datum_py":{"hash":"49104cee81306465f3157ec133ce28e5","index":{"nums":[1,5,0,0,0,0,0],"html_filename":"pygeodesy_deprecated_datum_py.html","relative_filename":"pygeodesy/deprecated/datum.py"}},"pygeodesy_deprecated_nvector_py":{"hash":"b5c304eda68d43bf9442be31b026e535","index":{"nums":[1,8,3,0,0,0,0],"html_filename":"pygeodesy_deprecated_nvector_py.html","relative_filename":"pygeodesy/deprecated/nvector.py"}},"pygeodesy_dms_py":{"hash":"af83a35d6022b3a3325da22762198bff","index":{"nums":[1,264,7,7,0,0,0],"html_filename":"pygeodesy_dms_py.html","relative_filename":"pygeodesy/dms.py"}},"pygeodesy_ecef_py":{"hash":"fa8ea5e32471fd2e42a87946b253db84","index":{"nums":[1,438,28,36,0,0,0],"html_filename":"pygeodesy_ecef_py.html","relative_filename":"pygeodesy/ecef.py"}},"pygeodesy_elevations_py":{"hash":"b20663bfab61b315feee0e7f7c095a84","index":{"nums":[1,80,22,4,0,0,0],"html_filename":"pygeodesy_elevations_py.html","relative_filename":"pygeodesy/elevations.py"}},"pygeodesy_ellipsoidalBase_py":{"hash":"21ca6d4860bc174df4b497b150d6d212","index":{"nums":[1,258,24,13,0,0,0],"html_filename":"pygeodesy_ellipsoidalBase_py.html","relative_filename":"pygeodesy/ellipsoidalBase.py"}},"pygeodesy_ellipsoidalBaseDI_py":{"hash":"14cbe0a2294c05f9f4603d302dd9ba54","index":{"nums":[1,189,13,17,0,0,0],"html_filename":"pygeodesy_ellipsoidalBaseDI_py.html","relative_filename":"pygeodesy/ellipsoidalBaseDI.py"}},"pygeodesy_ellipsoidalExact_py":{"hash":"7af753db520382d0d3358b1e462f0443","index":{"nums":[1,58,1,1,0,0,0],"html_filename":"pygeodesy_ellipsoidalExact_py.html","relative_filename":"pygeodesy/ellipsoidalExact.py"}},"pygeodesy_ellipsoidalGeodSolve_py":{"hash":"d347004688652b288f05a3c7e2c19f07","index":{"nums":[1,58,1,1,0,0,0],"html_filename":"pygeodesy_ellipsoidalGeodSolve_py.html","relative_filename":"pygeodesy/ellipsoidalGeodSolve.py"}},"pygeodesy_ellipsoidalKarney_py":{"hash":"4fc421102d4c7cc71cba890dd15decc4","index":{"nums":[1,58,4,1,0,0,0],"html_filename":"pygeodesy_ellipsoidalKarney_py.html","relative_filename":"pygeodesy/ellipsoidalKarney.py"}},"pygeodesy_ellipsoidalNvector_py":{"hash":"976be70042a2016b584d79772a6728b6","index":{"nums":[1,129,3,2,0,0,0],"html_filename":"pygeodesy_ellipsoidalNvector_py.html","relative_filename":"pygeodesy/ellipsoidalNvector.py"}},"pygeodesy_ellipsoidalVincenty_py":{"hash":"61910a285dcafeada34ac3a3806b699e","index":{"nums":[1,152,15,3,0,0,0],"html_filename":"pygeodesy_ellipsoidalVincenty_py.html","relative_filename":"pygeodesy/ellipsoidalVincenty.py"}},"pygeodesy_ellipsoids_py":{"hash":"9bcb9a004e799f3001de6a39d8816f8e","index":{"nums":[1,633,38,30,0,0,0],"html_filename":"pygeodesy_ellipsoids_py.html","relative_filename":"pygeodesy/ellipsoids.py"}},"pygeodesy_elliptic_py":{"hash":"8bc4f05d4a67b1072c30a5f56f15a474","index":{"nums":[1,362,25,10,0,0,0],"html_filename":"pygeodesy_elliptic_py.html","relative_filename":"pygeodesy/elliptic.py"}},"pygeodesy_epsg_py":{"hash":"afbda2351eb10072f5e16dec4775913d","index":{"nums":[1,103,5,4,0,0,0],"html_filename":"pygeodesy_epsg_py.html","relative_filename":"pygeodesy/epsg.py"}},"pygeodesy_errors_py":{"hash":"060917a6ff1488459fbc0b65c9a18f02","index":{"nums":[1,230,18,9,0,0,0],"html_filename":"pygeodesy_errors_py.html","relative_filename":"pygeodesy/errors.py"}},"pygeodesy_etm_py":{"hash":"939b38c462289ffb78d64919ae04b99c","index":{"nums":[1,364,8,23,0,0,0],"html_filename":"pygeodesy_etm_py.html","relative_filename":"pygeodesy/etm.py"}},"pygeodesy_fmath_py":{"hash":"68ddfb470cadeb91904bd654080934e9","index":{"nums":[1,339,50,18,0,0,0],"html_filename":"pygeodesy_fmath_py.html","relative_filename":"pygeodesy/fmath.py"}},"pygeodesy_formy_py":{"hash":"a3bfca80bec0a4fb489be0de8483d4d6","index":{"nums":[1,286,5,7,0,0,0],"html_filename":"pygeodesy_formy_py.html","relative_filename":"pygeodesy/formy.py"}},"pygeodesy_frechet_py":{"hash":"263c4a92eabf8256093f37f8a9f6cab8","index":{"nums":[1,261,50,8,0,0,0],"html_filename":"pygeodesy_frechet_py.html","relative_filename":"pygeodesy/frechet.py"}},"pygeodesy_gars_py":{"hash":"d53894ce7b9f51d183a5c754d0f401c0","index":{"nums":[1,150,8,7,0,0,0],"html_filename":"pygeodesy_gars_py.html","relative_filename":"pygeodesy/gars.py"}},"pygeodesy_geodesicx__C4_24_py":{"hash":"3f04a3a2c5ae08245e43f9490ae32784","index":{"nums":[1,5,0,0,0,0,0],"html_filename":"pygeodesy_geodesicx__C4_24_py.html","relative_filename":"pygeodesy/geodesicx/_C4_24.py"}},"pygeodesy_geodesicx__C4_27_py":{"hash":"999cb00662f5e657e0abafda4a32685f","index":{"nums":[1,5,0,0,0,0,0],"html_filename":"pygeodesy_geodesicx__C4_27_py.html","relative_filename":"pygeodesy/geodesicx/_C4_27.py"}},"pygeodesy_geodesicx__C4_30_py":{"hash":"f3387702925529819ed7b7cb326fe5be","index":{"nums":[1,5,0,0,0,0,0],"html_filename":"pygeodesy_geodesicx__C4_30_py.html","relative_filename":"pygeodesy/geodesicx/_C4_30.py"}},"pygeodesy_geodesicx___init___py":{"hash":"984ca8d0018e063c0b171a9b81ef49a6","index":{"nums":[1,7,0,0,0,0,0],"html_filename":"pygeodesy_geodesicx___init___py.html","relative_filename":"pygeodesy/geodesicx/__init__.py"}},"pygeodesy_geodesicx_gx_py":{"hash":"e6c2b44b7e1252f196a5f0b1bbd60200","index":{"nums":[1,504,11,35,0,0,0],"html_filename":"pygeodesy_geodesicx_gx_py.html","relative_filename":"pygeodesy/geodesicx/gx.py"}},"pygeodesy_geodesicx_gxarea_py":{"hash":"937d13d45b732f8e3795e83c26e10f49","index":{"nums":[1,228,23,22,0,0,0],"html_filename":"pygeodesy_geodesicx_gxarea_py.html","relative_filename":"pygeodesy/geodesicx/gxarea.py"}},"pygeodesy_geodesicx_gxbases_py":{"hash":"3dd6d60bcc56a8c3353484aece7499d8","index":{"nums":[1,91,1,3,0,0,0],"html_filename":"pygeodesy_geodesicx_gxbases_py.html","relative_filename":"pygeodesy/geodesicx/gxbases.py"}},"pygeodesy_geodesicx_gxline_py":{"hash":"53819770a66bab6e3f0a335194b0b4a5","index":{"nums":[1,225,29,8,0,0,0],"html_filename":"pygeodesy_geodesicx_gxline_py.html","relative_filename":"pygeodesy/geodesicx/gxline.py"}},"pygeodesy_geodsolve_py":{"hash":"f25ea86a0af496c571770dce15a6b44c","index":{"nums":[1,253,40,22,0,0,0],"html_filename":"pygeodesy_geodsolve_py.html","relative_filename":"pygeodesy/geodsolve.py"}},"pygeodesy_geohash_py":{"hash":"2dea5fdc0c07870b3570ac12cb25ef2f","index":{"nums":[1,286,17,14,0,0,0],"html_filename":"pygeodesy_geohash_py.html","relative_filename":"pygeodesy/geohash.py"}},"pygeodesy_geoids_py":{"hash":"460b371c8c4c0bb2de2028a8b9f1137d","index":{"nums":[1,684,89,35,0,0,0],"html_filename":"pygeodesy_geoids_py.html","relative_filename":"pygeodesy/geoids.py"}},"pygeodesy_hausdorff_py":{"hash":"001a843c3f5eeda2e8f849d8725d7938","index":{"nums":[1,267,59,11,0,0,0],"html_filename":"pygeodesy_hausdorff_py.html","relative_filename":"pygeodesy/hausdorff.py"}},"pygeodesy_heights_py":{"hash":"1fa38e8e8443f4d4cd76c7c8596106c9","index":{"nums":[1,369,73,18,0,0,0],"html_filename":"pygeodesy_heights_py.html","relative_filename":"pygeodesy/heights.py"}},"pygeodesy_interns_py":{"hash":"208828a13481ae8f0925c691a28a6a3f","index":{"nums":[1,349,6,3,0,0,0],"html_filename":"pygeodesy_interns_py.html","relative_filename":"pygeodesy/interns.py"}},"pygeodesy_iters_py":{"hash":"eddd72982eb54b0608e82acbbfd4eba2","index":{"nums":[1,202,13,13,0,0,0],"html_filename":"pygeodesy_iters_py.html","relative_filename":"pygeodesy/iters.py"}},"pygeodesy_karney_py":{"hash":"67b704db6b27c12fa9fcf436a94f31b9","index":{"nums":[1,241,1,15,0,0,0],"html_filename":"pygeodesy_karney_py.html","relative_filename":"pygeodesy/karney.py"}},"pygeodesy_latlonBase_py":{"hash":"71345d5dd4950894cd60cbccaff31abd","index":{"nums":[1,297,36,17,0,0,0],"html_filename":"pygeodesy_latlonBase_py.html","relative_filename":"pygeodesy/latlonBase.py"}},"pygeodesy_lazily_py":{"hash":"3cdd797f2ae6143e8db222249dd8efaa","index":{"nums":[1,128,28,9,0,0,0],"html_filename":"pygeodesy_lazily_py.html","relative_filename":"pygeodesy/lazily.py"}},"pygeodesy_lcc_py":{"hash":"e2d2aa3e2d416b27dabaad04a9140b63","index":{"nums":[1,272,13,11,0,0,0],"html_filename":"pygeodesy_lcc_py.html","relative_filename":"pygeodesy/lcc.py"}},"pygeodesy_ltp_py":{"hash":"ca7e16aa4c409492d1b1cfca18d9cf86","index":{"nums":[1,171,12,11,0,0,0],"html_filename":"pygeodesy_ltp_py.html","relative_filename":"pygeodesy/ltp.py"}},"pygeodesy_ltpTuples_py":{"hash":"f838754ca07192818bb7200eab4f3146","index":{"nums":[1,452,4,28,0,0,0],"html_filename":"pygeodesy_ltpTuples_py.html","relative_filename":"pygeodesy/ltpTuples.py"}},"pygeodesy_mgrs_py":{"hash":"682c3124890b44d2ab3440dc15315a23","index":{"nums":[1,193,6,7,0,0,0],"html_filename":"pygeodesy_mgrs_py.html","relative_filename":"pygeodesy/mgrs.py"}},"pygeodesy_named_py":{"hash":"d70d88eba15d5777ffdd1398e1695755","index":{"nums":[1,422,69,26,0,0,0],"html_filename":"pygeodesy_named_py.html","relative_filename":"pygeodesy/named.py"}},"pygeodesy_namedTuples_py":{"hash":"b540ae665a58aa404671ab53dbe649e6","index":{"nums":[1,159,0,2,0,0,0],"html_filename":"pygeodesy_namedTuples_py.html","relative_filename":"pygeodesy/namedTuples.py"}},"pygeodesy_nvectorBase_py":{"hash":"91266e9c5d13a015e805f5b9040e074e","index":{"nums":[1,234,21,8,0,0,0],"html_filename":"pygeodesy_nvectorBase_py.html","relative_filename":"pygeodesy/nvectorBase.py"}},"pygeodesy_osgr_py":{"hash":"a15c05a7cc7f936ecbd01f886abbfd3d","index":{"nums":[1,208,8,12,0,0,0],"html_filename":"pygeodesy_osgr_py.html","relative_filename":"pygeodesy/osgr.py"}},"pygeodesy_points_py":{"hash":"05f45f932df23d9f43d65cd670ddc025","index":{"nums":[1,554,50,31,0,0,0],"html_filename":"pygeodesy_points_py.html","relative_filename":"pygeodesy/points.py"}},"pygeodesy_props_py":{"hash":"2f5b763f19a4f6a65e19eff9b3b12450","index":{"nums":[1,152,32,2,0,0,0],"html_filename":"pygeodesy_props_py.html","relative_filename":"pygeodesy/props.py"}},"pygeodesy_simplify_py":{"hash":"bab56bfebfdbe9147016dde5b1c88f20","index":{"nums":[1,226,3,4,0,0,0],"html_filename":"pygeodesy_simplify_py.html","relative_filename":"pygeodesy/simplify.py"}},"pygeodesy_sphericalBase_py":{"hash":"110092fbcecbe30930a6af282e929d29","index":{"nums":[1,142,6,6,0,0,0],"html_filename":"pygeodesy_sphericalBase_py.html","relative_filename":"pygeodesy/sphericalBase.py"}},"pygeodesy_sphericalNvector_py":{"hash":"7026260f25fcd7a7119eba1128bf55ff","index":{"nums":[1,247,17,5,0,0,0],"html_filename":"pygeodesy_sphericalNvector_py.html","relative_filename":"pygeodesy/sphericalNvector.py"}},"pygeodesy_sphericalTrigonometry_py":{"hash":"bbb1e7b9f997fcaf5217e5c81693f9b8","index":{"nums":[1,380,37,19,0,0,0],"html_filename":"pygeodesy_sphericalTrigonometry_py.html","relative_filename":"pygeodesy/sphericalTrigonometry.py"}},"pygeodesy_streprs_py":{"hash":"16026e5a163a56da98dafc4dc904cd2e","index":{"nums":[1,206,10,10,0,0,0],"html_filename":"pygeodesy_streprs_py.html","relative_filename":"pygeodesy/streprs.py"}},"pygeodesy_trf_py":{"hash":"70318740cb2877ea2f3b69265153a8aa","index":{"nums":[1,171,20,6,0,0,0],"html_filename":"pygeodesy_trf_py.html","relative_filename":"pygeodesy/trf.py"}},"pygeodesy_units_py":{"hash":"5668771c5872ce71409bf6da4f48d110","index":{"nums":[1,368,17,21,0,0,0],"html_filename":"pygeodesy_units_py.html","relative_filename":"pygeodesy/units.py"}},"pygeodesy_ups_py":{"hash":"d9283f48130ee06fbd26fa8803e3c359","index":{"nums":[1,176,8,7,0,0,0],"html_filename":"pygeodesy_ups_py.html","relative_filename":"pygeodesy/ups.py"}},"pygeodesy_utily_py":{"hash":"e589c17d928fb2a2cd062f3262ae5051","index":{"nums":[1,164,1,2,0,0,0],"html_filename":"pygeodesy_utily_py.html","relative_filename":"pygeodesy/utily.py"}},"pygeodesy_utm_py":{"hash":"983a7c6717834f3e91b0f6dc9d387891","index":{"nums":[1,284,17,7,0,0,0],"html_filename":"pygeodesy_utm_py.html","relative_filename":"pygeodesy/utm.py"}},"pygeodesy_utmups_py":{"hash":"a707fca49a551d2cdbc6c19aa0003a93","index":{"nums":[1,99,4,5,0,0,0],"html_filename":"pygeodesy_utmups_py.html","relative_filename":"pygeodesy/utmups.py"}},"pygeodesy_utmupsBase_py":{"hash":"89de8ff8cd0be0b06963d231e65cfe7d","index":{"nums":[1,186,12,11,0,0,0],"html_filename":"pygeodesy_utmupsBase_py.html","relative_filename":"pygeodesy/utmupsBase.py"}},"pygeodesy_vector3d_py":{"hash":"b1c5bd159caeca3fdd527c091682c234","index":{"nums":[1,287,27,24,0,0,0],"html_filename":"pygeodesy_vector3d_py.html","relative_filename":"pygeodesy/vector3d.py"}},"pygeodesy_vector3dBase_py":{"hash":"ad823388b9265132b40fac00f95548d7","index":{"nums":[1,193,17,9,0,0,0],"html_filename":"pygeodesy_vector3dBase_py.html","relative_filename":"pygeodesy/vector3dBase.py"}},"pygeodesy_webmercator_py":{"hash":"20255ff4753436e0c0a6264a664fe00c","index":{"nums":[1,119,10,1,0,0,0],"html_filename":"pygeodesy_webmercator_py.html","relative_filename":"pygeodesy/webmercator.py"}},"pygeodesy_wgrs_py":{"hash":"ab9aa9429c4ab68e7a8bf853c5d45df8","index":{"nums":[1,192,5,7,0,0,0],"html_filename":"pygeodesy_wgrs_py.html","relative_filename":"pygeodesy/wgrs.py"}}}}