{"format":2,"version":"7.2.2","globals":"b66a9c5a74035f9cd2e8f9af3a408c96","files":{"pygeodesy___init___py":{"hash":"d749891c929c88cc43060046ba6d873b","index":{"nums":[0,1,183,8,4,0,0,0],"html_filename":"pygeodesy___init___py.html","relative_filename":"pygeodesy/__init__.py"}},"pygeodesy_albers_py":{"hash":"1101f824c803b09e86acce31adcf4f31","index":{"nums":[0,1,420,21,13,0,0,0],"html_filename":"pygeodesy_albers_py.html","relative_filename":"pygeodesy/albers.py"}},"pygeodesy_auxilats__CX_4_py":{"hash":"000da220286bf6a795cb2ee67d2ee533","index":{"nums":[0,1,9,0,0,0,0,0],"html_filename":"pygeodesy_auxilats__CX_4_py.html","relative_filename":"pygeodesy/auxilats/_CX_4.py"}},"pygeodesy_auxilats__CX_6_py":{"hash":"56b62289dac74f9f52ed5dbed9443e9c","index":{"nums":[0,1,9,0,0,0,0,0],"html_filename":"pygeodesy_auxilats__CX_6_py.html","relative_filename":"pygeodesy/auxilats/_CX_6.py"}},"pygeodesy_auxilats__CX_8_py":{"hash":"f6a8144e5aef80ed78c3fab1947004b1","index":{"nums":[0,1,9,0,0,0,0,0],"html_filename":"pygeodesy_auxilats__CX_8_py.html","relative_filename":"pygeodesy/auxilats/_CX_8.py"}},"pygeodesy_auxilats___init___py":{"hash":"124b96b3605c23844147b2a62b088768","index":{"nums":[0,1,9,0,0,0,0,0],"html_filename":"pygeodesy_auxilats___init___py.html","relative_filename":"pygeodesy/auxilats/__init__.py"}},"pygeodesy_auxilats_auxAngle_py":{"hash":"f7383c867aa7ac145eea2b31d404a3e5","index":{"nums":[0,1,227,33,10,0,0,0],"html_filename":"pygeodesy_auxilats_auxAngle_py.html","relative_filename":"pygeodesy/auxilats/auxAngle.py"}},"pygeodesy_auxilats_auxDLat_py":{"hash":"e1336c54bf9fa887f8df28a6e799b5aa","index":{"nums":[0,1,149,10,8,0,0,0],"html_filename":"pygeodesy_auxilats_auxDLat_py.html","relative_filename":"pygeodesy/auxilats/auxDLat.py"}},"pygeodesy_auxilats_auxDST_py":{"hash":"7ca1ca5bfca2b839785d3bcbc623672a","index":{"nums":[0,1,100,16,3,0,0,0],"html_filename":"pygeodesy_auxilats_auxDST_py.html","relative_filename":"pygeodesy/auxilats/auxDST.py"}},"pygeodesy_auxilats_auxLat_py":{"hash":"860f4df65e40a78091d0b04323c78007","index":{"nums":[0,1,444,40,34,0,0,0],"html_filename":"pygeodesy_auxilats_auxLat_py.html","relative_filename":"pygeodesy/auxilats/auxLat.py"}},"pygeodesy_auxilats_auxily_py":{"hash":"8c867c37732b0db0e538004896cbd325","index":{"nums":[0,1,114,29,8,0,0,0],"html_filename":"pygeodesy_auxilats_auxily_py.html","relative_filename":"pygeodesy/auxilats/auxily.py"}},"pygeodesy_azimuthal_py":{"hash":"6a66e729cec9508d3a8733dae678017c","index":{"nums":[0,1,320,55,3,0,0,0],"html_filename":"pygeodesy_azimuthal_py.html","relative_filename":"pygeodesy/azimuthal.py"}},"pygeodesy_basics_py":{"hash":"18314d369babd0595246039a5b89cc85","index":{"nums":[0,1,244,102,12,0,0,0],"html_filename":"pygeodesy_basics_py.html","relative_filename":"pygeodesy/basics.py"}},"pygeodesy_booleans_py":{"hash":"2f9b211c82eface916ce70c196c81704","index":{"nums":[0,1,981,117,60,0,0,0],"html_filename":"pygeodesy_booleans_py.html","relative_filename":"pygeodesy/booleans.py"}},"pygeodesy_cartesianBase_py":{"hash":"77df29c018d0670c59cd687650687844","index":{"nums":[0,1,330,23,31,0,0,0],"html_filename":"pygeodesy_cartesianBase_py.html","relative_filename":"pygeodesy/cartesianBase.py"}},"pygeodesy_clipy_py":{"hash":"4c2803e612b9abd07da8ce614d650d09","index":{"nums":[0,1,317,18,14,0,0,0],"html_filename":"pygeodesy_clipy_py.html","relative_filename":"pygeodesy/clipy.py"}},"pygeodesy_constants_py":{"hash":"4eb6ea32fcf612c268618dac46882cb5","index":{"nums":[0,1,192,67,3,0,0,0],"html_filename":"pygeodesy_constants_py.html","relative_filename":"pygeodesy/constants.py"}},"pygeodesy_css_py":{"hash":"397090e9daec164509034f3415b01cb4","index":{"nums":[0,1,236,11,6,0,0,0],"html_filename":"pygeodesy_css_py.html","relative_filename":"pygeodesy/css.py"}},"pygeodesy_datums_py":{"hash":"6186e6df874f9c1e18496e570ef9a613","index":{"nums":[0,1,253,11,13,0,0,0],"html_filename":"pygeodesy_datums_py.html","relative_filename":"pygeodesy/datums.py"}},"pygeodesy_deprecated___init___py":{"hash":"c54e576f57d478e81e0560884fd3740b","index":{"nums":[0,1,14,0,0,0,0,0],"html_filename":"pygeodesy_deprecated___init___py.html","relative_filename":"pygeodesy/deprecated/__init__.py"}},"pygeodesy_deprecated_bases_py":{"hash":"bb31d151eb672206b09630d28f593737","index":{"nums":[0,1,6,3,0,0,0,0],"html_filename":"pygeodesy_deprecated_bases_py.html","relative_filename":"pygeodesy/deprecated/bases.py"}},"pygeodesy_deprecated_classes_py":{"hash":"9de80f89077b1914a8b334864d166e4c","index":{"nums":[0,1,74,65,5,0,0,0],"html_filename":"pygeodesy_deprecated_classes_py.html","relative_filename":"pygeodesy/deprecated/classes.py"}},"pygeodesy_deprecated_consterns_py":{"hash":"15d12de4c9357639449c83c0fd9106ec","index":{"nums":[0,1,15,0,0,0,0,0],"html_filename":"pygeodesy_deprecated_consterns_py.html","relative_filename":"pygeodesy/deprecated/consterns.py"}},"pygeodesy_deprecated_datum_py":{"hash":"131476290e4bc80b5e13c83472258812","index":{"nums":[0,1,8,0,0,0,0,0],"html_filename":"pygeodesy_deprecated_datum_py.html","relative_filename":"pygeodesy/deprecated/datum.py"}},"pygeodesy_deprecated_functions_py":{"hash":"af035ab3263340cfe6221b4d54828202","index":{"nums":[0,1,67,119,5,0,0,0],"html_filename":"pygeodesy_deprecated_functions_py.html","relative_filename":"pygeodesy/deprecated/functions.py"}},"pygeodesy_deprecated_nvector_py":{"hash":"e21ef5401b1ef843225f069c033ef19a","index":{"nums":[0,1,7,5,0,0,0,0],"html_filename":"pygeodesy_deprecated_nvector_py.html","relative_filename":"pygeodesy/deprecated/nvector.py"}},"pygeodesy_deprecated_rhumbBase_py":{"hash":"9a531ef9a7bafa8051743fb706f93825","index":{"nums":[0,1,4,0,0,0,0,0],"html_filename":"pygeodesy_deprecated_rhumbBase_py.html","relative_filename":"pygeodesy/deprecated/rhumbBase.py"}},"pygeodesy_deprecated_rhumbaux_py":{"hash":"6b5ea00efacb8b67c2de8d2eeb08b2e4","index":{"nums":[0,1,5,0,0,0,0,0],"html_filename":"pygeodesy_deprecated_rhumbaux_py.html","relative_filename":"pygeodesy/deprecated/rhumbaux.py"}},"pygeodesy_deprecated_rhumbsolve_py":{"hash":"990ea849524ecbe886710e2b69060dbe","index":{"nums":[0,1,5,0,0,0,0,0],"html_filename":"pygeodesy_deprecated_rhumbsolve_py.html","relative_filename":"pygeodesy/deprecated/rhumbsolve.py"}},"pygeodesy_deprecated_rhumbx_py":{"hash":"6d1a1aa9fa1ff9535f65303f2fdac8ab","index":{"nums":[0,1,5,0,0,0,0,0],"html_filename":"pygeodesy_deprecated_rhumbx_py.html","relative_filename":"pygeodesy/deprecated/rhumbx.py"}},"pygeodesy_dms_py":{"hash":"533ec68096d0baf23073eec64241906e","index":{"nums":[0,1,285,34,13,0,0,0],"html_filename":"pygeodesy_dms_py.html","relative_filename":"pygeodesy/dms.py"}},"pygeodesy_ecef_py":{"hash":"725c544c7d163ff1681923bb6b172edb","index":{"nums":[0,1,454,45,22,0,0,0],"html_filename":"pygeodesy_ecef_py.html","relative_filename":"pygeodesy/ecef.py"}},"pygeodesy_elevations_py":{"hash":"a836e989ea2881f165d1cb5b195dea6a","index":{"nums":[0,1,70,36,14,0,0,0],"html_filename":"pygeodesy_elevations_py.html","relative_filename":"pygeodesy/elevations.py"}},"pygeodesy_ellipsoidalBase_py":{"hash":"7f95a3e0dedb8348bd5cbf8452fa8371","index":{"nums":[0,1,301,46,28,0,0,0],"html_filename":"pygeodesy_ellipsoidalBase_py.html","relative_filename":"pygeodesy/ellipsoidalBase.py"}},"pygeodesy_ellipsoidalBaseDI_py":{"hash":"1f629122d3a5f78b456ad70453d7a843","index":{"nums":[0,1,330,28,31,0,0,0],"html_filename":"pygeodesy_ellipsoidalBaseDI_py.html","relative_filename":"pygeodesy/ellipsoidalBaseDI.py"}},"pygeodesy_ellipsoidalExact_py":{"hash":"81c1f77ec3b997516d1ef695ddc2f9ac","index":{"nums":[0,1,40,1,0,0,0,0],"html_filename":"pygeodesy_ellipsoidalExact_py.html","relative_filename":"pygeodesy/ellipsoidalExact.py"}},"pygeodesy_ellipsoidalGeodSolve_py":{"hash":"fafb216ec95bcd350152293b42e8a147","index":{"nums":[0,1,40,1,0,0,0,0],"html_filename":"pygeodesy_ellipsoidalGeodSolve_py.html","relative_filename":"pygeodesy/ellipsoidalGeodSolve.py"}},"pygeodesy_ellipsoidalKarney_py":{"hash":"485ecc4483e66df7e6744eeb4cb74772","index":{"nums":[0,1,42,4,0,0,0,0],"html_filename":"pygeodesy_ellipsoidalKarney_py.html","relative_filename":"pygeodesy/ellipsoidalKarney.py"}},"pygeodesy_ellipsoidalNvector_py":{"hash":"3023e96cfc14b112257ce85d2de0898f","index":{"nums":[0,1,136,4,5,0,0,0],"html_filename":"pygeodesy_ellipsoidalNvector_py.html","relative_filename":"pygeodesy/ellipsoidalNvector.py"}},"pygeodesy_ellipsoidalVincenty_py":{"hash":"ac7697049c8206e0f9aea8a408d13957","index":{"nums":[0,1,178,11,2,0,0,0],"html_filename":"pygeodesy_ellipsoidalVincenty_py.html","relative_filename":"pygeodesy/ellipsoidalVincenty.py"}},"pygeodesy_ellipsoids_py":{"hash":"dca412ad56746ef17fcc1003419cc087","index":{"nums":[0,1,758,75,30,0,0,0],"html_filename":"pygeodesy_ellipsoids_py.html","relative_filename":"pygeodesy/ellipsoids.py"}},"pygeodesy_elliptic_py":{"hash":"88486ab573f2ca2fec139ca2ffdaec48","index":{"nums":[0,1,485,52,19,0,0,0],"html_filename":"pygeodesy_elliptic_py.html","relative_filename":"pygeodesy/elliptic.py"}},"pygeodesy_epsg_py":{"hash":"3849de41942b635bc9ad93d29d7ace90","index":{"nums":[0,1,101,7,2,0,0,0],"html_filename":"pygeodesy_epsg_py.html","relative_filename":"pygeodesy/epsg.py"}},"pygeodesy_errors_py":{"hash":"e376f2aa9bb2ba59c7a062204f46620b","index":{"nums":[0,1,287,42,20,0,0,0],"html_filename":"pygeodesy_errors_py.html","relative_filename":"pygeodesy/errors.py"}},"pygeodesy_etm_py":{"hash":"770b50125828955556a39dd671fb4d0e","index":{"nums":[0,1,415,87,33,0,0,0],"html_filename":"pygeodesy_etm_py.html","relative_filename":"pygeodesy/etm.py"}},"pygeodesy_fmath_py":{"hash":"97fb643804e8113af622d667de147131","index":{"nums":[0,1,323,74,33,0,0,0],"html_filename":"pygeodesy_fmath_py.html","relative_filename":"pygeodesy/fmath.py"}},"pygeodesy_formy_py":{"hash":"94aab85d9957fd62d634e295283f25c9","index":{"nums":[0,1,436,19,10,0,0,0],"html_filename":"pygeodesy_formy_py.html","relative_filename":"pygeodesy/formy.py"}},"pygeodesy_frechet_py":{"hash":"f2291743d4402ad01c75b8573cd6d9a5","index":{"nums":[0,1,205,81,8,0,0,0],"html_filename":"pygeodesy_frechet_py.html","relative_filename":"pygeodesy/frechet.py"}},"pygeodesy_fstats_py":{"hash":"f47771f9f4c16bf4b9d4caf806e30c54","index":{"nums":[0,1,327,26,6,0,0,0],"html_filename":"pygeodesy_fstats_py.html","relative_filename":"pygeodesy/fstats.py"}},"pygeodesy_fsums_py":{"hash":"2c89c9e700f150c620ab16feadd70883","index":{"nums":[0,1,876,104,27,0,0,0],"html_filename":"pygeodesy_fsums_py.html","relative_filename":"pygeodesy/fsums.py"}},"pygeodesy_gars_py":{"hash":"984f24476c75d405fc53159caad5b968","index":{"nums":[0,1,142,10,3,0,0,0],"html_filename":"pygeodesy_gars_py.html","relative_filename":"pygeodesy/gars.py"}},"pygeodesy_geodesicw_py":{"hash":"4d46ac3d2291b9e956f49830f2685eda","index":{"nums":[0,1,222,15,24,0,0,0],"html_filename":"pygeodesy_geodesicw_py.html","relative_filename":"pygeodesy/geodesicw.py"}},"pygeodesy_geodesicx__C4_24_py":{"hash":"75440ebcfb98ece6decfb99eadc997c1","index":{"nums":[0,1,7,2,0,0,0,0],"html_filename":"pygeodesy_geodesicx__C4_24_py.html","relative_filename":"pygeodesy/geodesicx/_C4_24.py"}},"pygeodesy_geodesicx__C4_27_py":{"hash":"27b14f614a0dac585cdf878a0e82a462","index":{"nums":[0,1,7,2,0,0,0,0],"html_filename":"pygeodesy_geodesicx__C4_27_py.html","relative_filename":"pygeodesy/geodesicx/_C4_27.py"}},"pygeodesy_geodesicx__C4_30_py":{"hash":"66d1fa1dd5e4f2a870967e2a50037b1b","index":{"nums":[0,1,7,2,0,0,0,0],"html_filename":"pygeodesy_geodesicx__C4_30_py.html","relative_filename":"pygeodesy/geodesicx/_C4_30.py"}},"pygeodesy_geodesicx___init___py":{"hash":"266376c61dca6702db48fa875bb8efa7","index":{"nums":[0,1,7,0,0,0,0,0],"html_filename":"pygeodesy_geodesicx___init___py.html","relative_filename":"pygeodesy/geodesicx/__init__.py"}},"pygeodesy_geodesicx_gx_py":{"hash":"077f90af1b9f5cd554c4d1b20c19cd33","index":{"nums":[0,1,524,30,35,0,0,0],"html_filename":"pygeodesy_geodesicx_gx_py.html","relative_filename":"pygeodesy/geodesicx/gx.py"}},"pygeodesy_geodesicx_gxarea_py":{"hash":"1a6bebde9e9422b7b1abde9795fa860d","index":{"nums":[0,1,213,29,10,0,0,0],"html_filename":"pygeodesy_geodesicx_gxarea_py.html","relative_filename":"pygeodesy/geodesicx/gxarea.py"}},"pygeodesy_geodesicx_gxbases_py":{"hash":"c73a73aabfcfe08b7f1a0e23ac359056","index":{"nums":[0,1,55,1,4,0,0,0],"html_filename":"pygeodesy_geodesicx_gxbases_py.html","relative_filename":"pygeodesy/geodesicx/gxbases.py"}},"pygeodesy_geodesicx_gxline_py":{"hash":"63a53dc1dc228cc77cab735ee376e354","index":{"nums":[0,1,237,28,7,0,0,0],"html_filename":"pygeodesy_geodesicx_gxline_py.html","relative_filename":"pygeodesy/geodesicx/gxline.py"}},"pygeodesy_geodsolve_py":{"hash":"7762a38e50cf818980bf4982a2654dc9","index":{"nums":[0,1,81,46,5,0,0,0],"html_filename":"pygeodesy_geodsolve_py.html","relative_filename":"pygeodesy/geodsolve.py"}},"pygeodesy_geohash_py":{"hash":"0b0a330900752f02686f69d3fd20b5aa","index":{"nums":[0,1,294,20,9,0,0,0],"html_filename":"pygeodesy_geohash_py.html","relative_filename":"pygeodesy/geohash.py"}},"pygeodesy_geoids_py":{"hash":"a10db9b80ca7cfa434166773d330b3bb","index":{"nums":[0,1,673,108,29,0,0,0],"html_filename":"pygeodesy_geoids_py.html","relative_filename":"pygeodesy/geoids.py"}},"pygeodesy_hausdorff_py":{"hash":"1b401193c21ad87c579f2abb16e06dd6","index":{"nums":[0,1,232,66,10,0,0,0],"html_filename":"pygeodesy_hausdorff_py.html","relative_filename":"pygeodesy/hausdorff.py"}},"pygeodesy_heights_py":{"hash":"1e1d2c95f4b4a11cb1fd9aa28944c8e4","index":{"nums":[0,1,322,107,12,0,0,0],"html_filename":"pygeodesy_heights_py.html","relative_filename":"pygeodesy/heights.py"}},"pygeodesy_internals_py":{"hash":"c94517ddd516ac63688faa02234ef56c","index":{"nums":[0,1,210,71,13,0,0,0],"html_filename":"pygeodesy_internals_py.html","relative_filename":"pygeodesy/internals.py"}},"pygeodesy_interns_py":{"hash":"3d36d4f255f4ee79a3d0e2f44f76a83d","index":{"nums":[0,1,354,15,2,0,0,0],"html_filename":"pygeodesy_interns_py.html","relative_filename":"pygeodesy/interns.py"}},"pygeodesy_iters_py":{"hash":"a722aea7e1ad4c4fa1e77416210ff45d","index":{"nums":[0,1,205,25,7,0,0,0],"html_filename":"pygeodesy_iters_py.html","relative_filename":"pygeodesy/iters.py"}},"pygeodesy_karney_py":{"hash":"d958afc20423704be9f5aebfbe9fb01e","index":{"nums":[0,1,287,61,17,0,0,0],"html_filename":"pygeodesy_karney_py.html","relative_filename":"pygeodesy/karney.py"}},"pygeodesy_ktm_py":{"hash":"da52cf2010bf8fe8bb277ae186b1a9d9","index":{"nums":[0,1,235,38,9,0,0,0],"html_filename":"pygeodesy_ktm_py.html","relative_filename":"pygeodesy/ktm.py"}},"pygeodesy_latlonBase_py":{"hash":"e6b4e9f5a661b3422aa39b8353d7733f","index":{"nums":[0,1,477,66,30,0,0,0],"html_filename":"pygeodesy_latlonBase_py.html","relative_filename":"pygeodesy/latlonBase.py"}},"pygeodesy_lazily_py":{"hash":"cbaeb855cb9149f3100246fea12ebabc","index":{"nums":[0,1,191,75,14,0,0,0],"html_filename":"pygeodesy_lazily_py.html","relative_filename":"pygeodesy/lazily.py"}},"pygeodesy_lcc_py":{"hash":"7884dc6033e0e8b8a6961f919132029b","index":{"nums":[0,1,282,14,11,0,0,0],"html_filename":"pygeodesy_lcc_py.html","relative_filename":"pygeodesy/lcc.py"}},"pygeodesy_ltp_py":{"hash":"57e3bc452205a8fdc926eaeb2a85098e","index":{"nums":[0,1,417,42,17,0,0,0],"html_filename":"pygeodesy_ltp_py.html","relative_filename":"pygeodesy/ltp.py"}},"pygeodesy_ltpTuples_py":{"hash":"9bb589f7255597fe91472ed2b7c7a1de","index":{"nums":[0,1,558,40,31,0,0,0],"html_filename":"pygeodesy_ltpTuples_py.html","relative_filename":"pygeodesy/ltpTuples.py"}},"pygeodesy_mgrs_py":{"hash":"4f9a61172d928d1503d3b557b299fa64","index":{"nums":[0,1,265,52,2,0,0,0],"html_filename":"pygeodesy_mgrs_py.html","relative_filename":"pygeodesy/mgrs.py"}},"pygeodesy_named_py":{"hash":"926fdd8e273d61ab89ca08b8bf36641f","index":{"nums":[0,1,509,116,22,0,0,0],"html_filename":"pygeodesy_named_py.html","relative_filename":"pygeodesy/named.py"}},"pygeodesy_namedTuples_py":{"hash":"66c9d325e4bdee44b4eccca8b7419f88","index":{"nums":[0,1,202,1,6,0,0,0],"html_filename":"pygeodesy_namedTuples_py.html","relative_filename":"pygeodesy/namedTuples.py"}},"pygeodesy_nvectorBase_py":{"hash":"d2bdd1c63b8e0ba2fbd27342e28a5d3c","index":{"nums":[0,1,249,23,11,0,0,0],"html_filename":"pygeodesy_nvectorBase_py.html","relative_filename":"pygeodesy/nvectorBase.py"}},"pygeodesy_osgr_py":{"hash":"58c68a9f9fab68ae42564d03c65637ca","index":{"nums":[0,1,306,65,9,0,0,0],"html_filename":"pygeodesy_osgr_py.html","relative_filename":"pygeodesy/osgr.py"}},"pygeodesy_points_py":{"hash":"bd22c88010048b9a6d14bd5ffc41a1b3","index":{"nums":[0,1,532,80,36,0,0,0],"html_filename":"pygeodesy_points_py.html","relative_filename":"pygeodesy/points.py"}},"pygeodesy_props_py":{"hash":"1f492f4cc41f00d804f3d76774041baf","index":{"nums":[0,1,205,56,4,0,0,0],"html_filename":"pygeodesy_props_py.html","relative_filename":"pygeodesy/props.py"}},"pygeodesy_resections_py":{"hash":"89443bd8b30564e5d28c647f914bd3d1","index":{"nums":[0,1,366,65,10,0,0,0],"html_filename":"pygeodesy_resections_py.html","relative_filename":"pygeodesy/resections.py"}},"pygeodesy_rhumb___init___py":{"hash":"03e87610e605e12d0494853525947eb0","index":{"nums":[0,1,11,0,0,0,0,0],"html_filename":"pygeodesy_rhumb___init___py.html","relative_filename":"pygeodesy/rhumb/__init__.py"}},"pygeodesy_rhumb_aux__py":{"hash":"8e8e1ad87bc0ac198c5ed604e194fe1e","index":{"nums":[0,1,145,2,7,0,0,0],"html_filename":"pygeodesy_rhumb_aux__py.html","relative_filename":"pygeodesy/rhumb/aux_.py"}},"pygeodesy_rhumb_bases_py":{"hash":"3784e4a8733543b78d6c1be162a56401","index":{"nums":[0,1,377,97,23,0,0,0],"html_filename":"pygeodesy_rhumb_bases_py.html","relative_filename":"pygeodesy/rhumb/bases.py"}},"pygeodesy_rhumb_ekx_py":{"hash":"b28cae709a5a4c3d9c5d5a107879a1fd","index":{"nums":[0,1,229,24,4,0,0,0],"html_filename":"pygeodesy_rhumb_ekx_py.html","relative_filename":"pygeodesy/rhumb/ekx.py"}},"pygeodesy_rhumb_solve_py":{"hash":"bce6cf3d9cc05d7dbf1e8a5184ac6e00","index":{"nums":[0,1,103,58,11,0,0,0],"html_filename":"pygeodesy_rhumb_solve_py.html","relative_filename":"pygeodesy/rhumb/solve.py"}},"pygeodesy_simplify_py":{"hash":"62159282eb8412b5c5494ac8188f31db","index":{"nums":[0,1,227,4,2,0,0,0],"html_filename":"pygeodesy_simplify_py.html","relative_filename":"pygeodesy/simplify.py"}},"pygeodesy_solveBase_py":{"hash":"c6db586e7ec5fcbf0ada613137f3d695","index":{"nums":[0,1,216,31,12,0,0,0],"html_filename":"pygeodesy_solveBase_py.html","relative_filename":"pygeodesy/solveBase.py"}},"pygeodesy_sphericalBase_py":{"hash":"846b61719ac786b27283887ef2b94eb2","index":{"nums":[0,1,251,11,14,0,0,0],"html_filename":"pygeodesy_sphericalBase_py.html","relative_filename":"pygeodesy/sphericalBase.py"}},"pygeodesy_sphericalNvector_py":{"hash":"35e4982c65b1f836773f5214d349af26","index":{"nums":[0,1,321,23,27,0,0,0],"html_filename":"pygeodesy_sphericalNvector_py.html","relative_filename":"pygeodesy/sphericalNvector.py"}},"pygeodesy_sphericalTrigonometry_py":{"hash":"5476daa4045345eab383dfcd08e949d7","index":{"nums":[0,1,392,51,26,0,0,0],"html_filename":"pygeodesy_sphericalTrigonometry_py.html","relative_filename":"pygeodesy/sphericalTrigonometry.py"}},"pygeodesy_streprs_py":{"hash":"820bf767945225062423ba7e3516f284","index":{"nums":[0,1,275,20,11,0,0,0],"html_filename":"pygeodesy_streprs_py.html","relative_filename":"pygeodesy/streprs.py"}},"pygeodesy_trf_py":{"hash":"08f23f2bf04836a89e36a39fe018a3df","index":{"nums":[0,1,620,57,31,0,0,0],"html_filename":"pygeodesy_trf_py.html","relative_filename":"pygeodesy/trf.py"}},"pygeodesy_triaxials_py":{"hash":"3068f3c0d00be21aaf8ee8afd3d0dec8","index":{"nums":[0,1,586,48,28,0,0,0],"html_filename":"pygeodesy_triaxials_py.html","relative_filename":"pygeodesy/triaxials.py"}},"pygeodesy_units_py":{"hash":"30660b9a841f3d384eeac12c3d98b2f5","index":{"nums":[0,1,330,18,18,0,0,0],"html_filename":"pygeodesy_units_py.html","relative_filename":"pygeodesy/units.py"}},"pygeodesy_unitsBase_py":{"hash":"df6eb4664a4a6a529101eaacc2b1c5f8","index":{"nums":[0,1,107,7,1,0,0,0],"html_filename":"pygeodesy_unitsBase_py.html","relative_filename":"pygeodesy/unitsBase.py"}},"pygeodesy_ups_py":{"hash":"4c47d907f3adc7297733b22ed6165971","index":{"nums":[0,1,166,9,5,0,0,0],"html_filename":"pygeodesy_ups_py.html","relative_filename":"pygeodesy/ups.py"}},"pygeodesy_utily_py":{"hash":"c11e4c9d192ab2453f2b58dd55fa02c2","index":{"nums":[0,1,336,14,30,0,0,0],"html_filename":"pygeodesy_utily_py.html","relative_filename":"pygeodesy/utily.py"}},"pygeodesy_utm_py":{"hash":"19f1985c94f50fc08f883b7b7a34a67c","index":{"nums":[0,1,264,20,8,0,0,0],"html_filename":"pygeodesy_utm_py.html","relative_filename":"pygeodesy/utm.py"}},"pygeodesy_utmups_py":{"hash":"520ae0c9996697ee3c2fb1cdeaef4eab","index":{"nums":[0,1,87,13,2,0,0,0],"html_filename":"pygeodesy_utmups_py.html","relative_filename":"pygeodesy/utmups.py"}},"pygeodesy_utmupsBase_py":{"hash":"2a17b62458332519c43f29aeb16430b5","index":{"nums":[0,1,237,25,7,0,0,0],"html_filename":"pygeodesy_utmupsBase_py.html","relative_filename":"pygeodesy/utmupsBase.py"}},"pygeodesy_vector2d_py":{"hash":"f4d0148d5d4563ece4b2f65a98833499","index":{"nums":[0,1,318,24,7,0,0,0],"html_filename":"pygeodesy_vector2d_py.html","relative_filename":"pygeodesy/vector2d.py"}},"pygeodesy_vector3d_py":{"hash":"f3804165c6d4fcb0568d1fa715dec16f","index":{"nums":[0,1,233,44,8,0,0,0],"html_filename":"pygeodesy_vector3d_py.html","relative_filename":"pygeodesy/vector3d.py"}},"pygeodesy_vector3dBase_py":{"hash":"b90af05bf1990f7baf8f313c17ebc3b4","index":{"nums":[0,1,274,94,20,0,0,0],"html_filename":"pygeodesy_vector3dBase_py.html","relative_filename":"pygeodesy/vector3dBase.py"}},"pygeodesy_webmercator_py":{"hash":"8f55e0ade5ee687872e6ca644fc8fdf9","index":{"nums":[0,1,129,13,1,0,0,0],"html_filename":"pygeodesy_webmercator_py.html","relative_filename":"pygeodesy/webmercator.py"}},"pygeodesy_wgrs_py":{"hash":"19f29f0454703a836c12fbf8cca20a4b","index":{"nums":[0,1,188,7,4,0,0,0],"html_filename":"pygeodesy_wgrs_py.html","relative_filename":"pygeodesy/wgrs.py"}}}}