{"format":1,"version":"4.5.4","settings":"8e9f7558ce5774388d1ff8f7bf2cc99c","files":{"pygeodesy___init___py":{"hash":"09d73da3f0be24d5e46cdace6ccd938b","index":{"nums":[1,107,3,3,0,0,0],"html_filename":"pygeodesy___init___py.html","relative_filename":"pygeodesy/__init__.py"}},"pygeodesy_bases_py":{"hash":"596b5e3e8befc65af13ec19f5e492823","index":{"nums":[1,6,0,0,0,0,0],"html_filename":"pygeodesy_bases_py.html","relative_filename":"pygeodesy/bases.py"}},"pygeodesy_cartesianBase_py":{"hash":"ff699ae28bca0c5c862c86e4d8c08f4a","index":{"nums":[1,104,4,10,0,0,0],"html_filename":"pygeodesy_cartesianBase_py.html","relative_filename":"pygeodesy/cartesianBase.py"}},"pygeodesy_clipy_py":{"hash":"effc96b95bf3c959f4eed2f6b03acbb0","index":{"nums":[1,198,8,12,0,0,0],"html_filename":"pygeodesy_clipy_py.html","relative_filename":"pygeodesy/clipy.py"}},"pygeodesy_css_py":{"hash":"86e0661002982e673676768b4d542104","index":{"nums":[1,185,4,23,0,0,0],"html_filename":"pygeodesy_css_py.html","relative_filename":"pygeodesy/css.py"}},"pygeodesy_datum_py":{"hash":"2af042bab2532e4b3fd5d1e7fe234185","index":{"nums":[1,417,24,38,0,0,0],"html_filename":"pygeodesy_datum_py.html","relative_filename":"pygeodesy/datum.py"}},"pygeodesy_deprecated_py":{"hash":"3d7ecc406e4f2b5ec59352800166e273","index":{"nums":[1,77,0,0,0,0,0],"html_filename":"pygeodesy_deprecated_py.html","relative_filename":"pygeodesy/deprecated.py"}},"pygeodesy_dms_py":{"hash":"ad2560a3c612945d3f47ee8d31323517","index":{"nums":[1,201,12,17,0,0,0],"html_filename":"pygeodesy_dms_py.html","relative_filename":"pygeodesy/dms.py"}},"pygeodesy_ecef_py":{"hash":"a6889b9a3006b28582bd0dbfafb46b5a","index":{"nums":[1,307,9,21,0,0,0],"html_filename":"pygeodesy_ecef_py.html","relative_filename":"pygeodesy/ecef.py"}},"pygeodesy_elevations_py":{"hash":"72c0212b7606b8306cc79997a535c6a8","index":{"nums":[1,72,19,7,0,0,0],"html_filename":"pygeodesy_elevations_py.html","relative_filename":"pygeodesy/elevations.py"}},"pygeodesy_ellipsoidalBase_py":{"hash":"a883b3803b82481f44d20f304fe3a4ff","index":{"nums":[1,189,3,12,0,0,0],"html_filename":"pygeodesy_ellipsoidalBase_py.html","relative_filename":"pygeodesy/ellipsoidalBase.py"}},"pygeodesy_ellipsoidalKarney_py":{"hash":"0fdc3dcd0c1ef65ae3109f6a5b9d8e94","index":{"nums":[1,88,2,3,0,0,0],"html_filename":"pygeodesy_ellipsoidalKarney_py.html","relative_filename":"pygeodesy/ellipsoidalKarney.py"}},"pygeodesy_ellipsoidalNvector_py":{"hash":"7c48785421e3bedd3d8b2c3db21fbca6","index":{"nums":[1,165,0,18,0,0,0],"html_filename":"pygeodesy_ellipsoidalNvector_py.html","relative_filename":"pygeodesy/ellipsoidalNvector.py"}},"pygeodesy_ellipsoidalVincenty_py":{"hash":"8c6d6c88d56008e370a88ed30c74a340","index":{"nums":[1,150,5,4,0,0,0],"html_filename":"pygeodesy_ellipsoidalVincenty_py.html","relative_filename":"pygeodesy/ellipsoidalVincenty.py"}},"pygeodesy_elliptic_py":{"hash":"edeea98eed8acffbb2be8135094c4871","index":{"nums":[1,332,17,38,0,0,0],"html_filename":"pygeodesy_elliptic_py.html","relative_filename":"pygeodesy/elliptic.py"}},"pygeodesy_epsg_py":{"hash":"50cea3fd0456697c9acc8427c5ffbed3","index":{"nums":[1,94,5,4,0,0,0],"html_filename":"pygeodesy_epsg_py.html","relative_filename":"pygeodesy/epsg.py"}},"pygeodesy_etm_py":{"hash":"019474c9e22f6fcca75b90bdd6300fc2","index":{"nums":[1,376,6,73,0,0,0],"html_filename":"pygeodesy_etm_py.html","relative_filename":"pygeodesy/etm.py"}},"pygeodesy_fmath_py":{"hash":"de75d9d7845b1db57476cdcd40ab7d8e","index":{"nums":[1,369,33,54,0,0,0],"html_filename":"pygeodesy_fmath_py.html","relative_filename":"pygeodesy/fmath.py"}},"pygeodesy_formy_py":{"hash":"5e055e2baae7f321255b5bfc4bd37b8e","index":{"nums":[1,109,5,8,0,0,0],"html_filename":"pygeodesy_formy_py.html","relative_filename":"pygeodesy/formy.py"}},"pygeodesy_frechet_py":{"hash":"d1766a443bfb06f0117a845d0697d497","index":{"nums":[1,175,8,15,0,0,0],"html_filename":"pygeodesy_frechet_py.html","relative_filename":"pygeodesy/frechet.py"}},"pygeodesy_gars_py":{"hash":"27e4d21752835955f905734900f55da1","index":{"nums":[1,160,10,15,0,0,0],"html_filename":"pygeodesy_gars_py.html","relative_filename":"pygeodesy/gars.py"}},"pygeodesy_geohash_py":{"hash":"8e9b7365bb2c77b948799d955a38558d","index":{"nums":[1,242,12,10,0,0,0],"html_filename":"pygeodesy_geohash_py.html","relative_filename":"pygeodesy/geohash.py"}},"pygeodesy_geoids_py":{"hash":"efbfc943a4bb2860b1a797a3e2ee6f39","index":{"nums":[1,647,68,61,0,0,0],"html_filename":"pygeodesy_geoids_py.html","relative_filename":"pygeodesy/geoids.py"}},"pygeodesy_hausdorff_py":{"hash":"c3864545e9bd9de4a1ffeefcfd8f4810","index":{"nums":[1,202,6,18,0,0,0],"html_filename":"pygeodesy_hausdorff_py.html","relative_filename":"pygeodesy/hausdorff.py"}},"pygeodesy_heights_py":{"hash":"038de10978a23be1bec278fdb65f050b","index":{"nums":[1,312,31,25,0,0,0],"html_filename":"pygeodesy_heights_py.html","relative_filename":"pygeodesy/heights.py"}},"pygeodesy_latlonBase_py":{"hash":"7b0ea953065de16915f1ed3450bc24ca","index":{"nums":[1,201,2,20,0,0,0],"html_filename":"pygeodesy_latlonBase_py.html","relative_filename":"pygeodesy/latlonBase.py"}},"pygeodesy_lazily_py":{"hash":"a357073dc9df577298cfc1cb6e3bf97a","index":{"nums":[1,106,11,8,0,0,0],"html_filename":"pygeodesy_lazily_py.html","relative_filename":"pygeodesy/lazily.py"}},"pygeodesy_lcc_py":{"hash":"04d7758adc18fd9fa42ecf8cf8232ebe","index":{"nums":[1,220,7,22,0,0,0],"html_filename":"pygeodesy_lcc_py.html","relative_filename":"pygeodesy/lcc.py"}},"pygeodesy_mgrs_py":{"hash":"ced543bf338bbd61d8118251fb59c7a0","index":{"nums":[1,118,5,14,0,0,0],"html_filename":"pygeodesy_mgrs_py.html","relative_filename":"pygeodesy/mgrs.py"}},"pygeodesy_named_py":{"hash":"57f15a05378f479f24429abfe4c942f9","index":{"nums":[1,352,37,51,0,0,0],"html_filename":"pygeodesy_named_py.html","relative_filename":"pygeodesy/named.py"}},"pygeodesy_nvector_py":{"hash":"8b41402cd96860195b168236897eab8b","index":{"nums":[1,5,0,0,0,0,0],"html_filename":"pygeodesy_nvector_py.html","relative_filename":"pygeodesy/nvector.py"}},"pygeodesy_nvectorBase_py":{"hash":"2312d0e32ab77893a49bb70d161b440b","index":{"nums":[1,104,1,14,0,0,0],"html_filename":"pygeodesy_nvectorBase_py.html","relative_filename":"pygeodesy/nvectorBase.py"}},"pygeodesy_osgr_py":{"hash":"064e653315d20df076d611f50d1e459b","index":{"nums":[1,181,8,8,0,0,0],"html_filename":"pygeodesy_osgr_py.html","relative_filename":"pygeodesy/osgr.py"}},"pygeodesy_points_py":{"hash":"164996aa17cb03ec9d34e2303468e5ce","index":{"nums":[1,485,24,53,0,0,0],"html_filename":"pygeodesy_points_py.html","relative_filename":"pygeodesy/points.py"}},"pygeodesy_simplify_py":{"hash":"99f3fa5215e79819109dae422c5e0477","index":{"nums":[1,220,3,19,0,0,0],"html_filename":"pygeodesy_simplify_py.html","relative_filename":"pygeodesy/simplify.py"}},"pygeodesy_sphericalBase_py":{"hash":"824ce9680c7e49a736f5586415150a76","index":{"nums":[1,103,3,7,0,0,0],"html_filename":"pygeodesy_sphericalBase_py.html","relative_filename":"pygeodesy/sphericalBase.py"}},"pygeodesy_sphericalNvector_py":{"hash":"85413ec15e74d200070629d4d5198299","index":{"nums":[1,300,4,19,0,0,0],"html_filename":"pygeodesy_sphericalNvector_py.html","relative_filename":"pygeodesy/sphericalNvector.py"}},"pygeodesy_sphericalTrigonometry_py":{"hash":"570c54f12750da665796799ecbd339a8","index":{"nums":[1,275,10,26,0,0,0],"html_filename":"pygeodesy_sphericalTrigonometry_py.html","relative_filename":"pygeodesy/sphericalTrigonometry.py"}},"pygeodesy_trf_py":{"hash":"71732cdefdee7c18cff48f293a95c4d3","index":{"nums":[1,78,11,5,0,0,0],"html_filename":"pygeodesy_trf_py.html","relative_filename":"pygeodesy/trf.py"}},"pygeodesy_ups_py":{"hash":"c854ceb9596fdaa1bc81445baeba85d1","index":{"nums":[1,178,9,19,0,0,0],"html_filename":"pygeodesy_ups_py.html","relative_filename":"pygeodesy/ups.py"}},"pygeodesy_utily_py":{"hash":"f5746a26c32445f0d281b77a15dee553","index":{"nums":[1,205,12,7,0,0,0],"html_filename":"pygeodesy_utily_py.html","relative_filename":"pygeodesy/utily.py"}},"pygeodesy_utm_py":{"hash":"a02fb213ce78a694720091e601133ed9","index":{"nums":[1,259,15,10,0,0,0],"html_filename":"pygeodesy_utm_py.html","relative_filename":"pygeodesy/utm.py"}},"pygeodesy_utmups_py":{"hash":"844ec6720485cd792a033c969c3b8001","index":{"nums":[1,100,4,10,0,0,0],"html_filename":"pygeodesy_utmups_py.html","relative_filename":"pygeodesy/utmups.py"}},"pygeodesy_utmupsBase_py":{"hash":"3bfda2f260767db6f24ee56aa5980c29","index":{"nums":[1,127,5,6,0,0,0],"html_filename":"pygeodesy_utmupsBase_py.html","relative_filename":"pygeodesy/utmupsBase.py"}},"pygeodesy_vector3d_py":{"hash":"f053cb5fe5e4e7d6195200bec0281d4a","index":{"nums":[1,214,8,20,0,0,0],"html_filename":"pygeodesy_vector3d_py.html","relative_filename":"pygeodesy/vector3d.py"}},"pygeodesy_webmercator_py":{"hash":"9320e0d42bf74ffef1fad29423e52fab","index":{"nums":[1,99,7,6,0,0,0],"html_filename":"pygeodesy_webmercator_py.html","relative_filename":"pygeodesy/webmercator.py"}},"pygeodesy_wgrs_py":{"hash":"1367b1dd5398a058004f9253a2f2d2c7","index":{"nums":[1,216,13,33,0,0,0],"html_filename":"pygeodesy_wgrs_py.html","relative_filename":"pygeodesy/wgrs.py"}}}}