{"format":2,"version":"7.2.2","globals":"1e8ebaa681f2ec963aa78e822230fc0a","files":{"pygeodesy___init___py":{"hash":"67af23e25c2702caddf86d75b1892ca1","index":{"nums":[0,1,180,8,4,0,0,0],"html_filename":"pygeodesy___init___py.html","relative_filename":"pygeodesy/__init__.py"}},"pygeodesy_albers_py":{"hash":"8f76c9a7a6729648ade4f137e47f56f5","index":{"nums":[0,1,423,21,13,0,0,0],"html_filename":"pygeodesy_albers_py.html","relative_filename":"pygeodesy/albers.py"}},"pygeodesy_auxilats__CX_4_py":{"hash":"000da220286bf6a795cb2ee67d2ee533","index":{"nums":[0,1,9,0,0,0,0,0],"html_filename":"pygeodesy_auxilats__CX_4_py.html","relative_filename":"pygeodesy/auxilats/_CX_4.py"}},"pygeodesy_auxilats__CX_6_py":{"hash":"56b62289dac74f9f52ed5dbed9443e9c","index":{"nums":[0,1,9,0,0,0,0,0],"html_filename":"pygeodesy_auxilats__CX_6_py.html","relative_filename":"pygeodesy/auxilats/_CX_6.py"}},"pygeodesy_auxilats__CX_8_py":{"hash":"f6a8144e5aef80ed78c3fab1947004b1","index":{"nums":[0,1,9,0,0,0,0,0],"html_filename":"pygeodesy_auxilats__CX_8_py.html","relative_filename":"pygeodesy/auxilats/_CX_8.py"}},"pygeodesy_auxilats___init___py":{"hash":"27bcfa348333d8d0782528f9aa59c53e","index":{"nums":[0,1,9,0,0,0,0,0],"html_filename":"pygeodesy_auxilats___init___py.html","relative_filename":"pygeodesy/auxilats/__init__.py"}},"pygeodesy_auxilats_auxAngle_py":{"hash":"4d5dff841fb6c41ee946de66f7bfdc29","index":{"nums":[0,1,225,31,10,0,0,0],"html_filename":"pygeodesy_auxilats_auxAngle_py.html","relative_filename":"pygeodesy/auxilats/auxAngle.py"}},"pygeodesy_auxilats_auxDLat_py":{"hash":"e1336c54bf9fa887f8df28a6e799b5aa","index":{"nums":[0,1,149,10,8,0,0,0],"html_filename":"pygeodesy_auxilats_auxDLat_py.html","relative_filename":"pygeodesy/auxilats/auxDLat.py"}},"pygeodesy_auxilats_auxDST_py":{"hash":"0cdcb7981adc848bea9f76bb2c947882","index":{"nums":[0,1,99,16,3,0,0,0],"html_filename":"pygeodesy_auxilats_auxDST_py.html","relative_filename":"pygeodesy/auxilats/auxDST.py"}},"pygeodesy_auxilats_auxLat_py":{"hash":"ba9f92b7f801e34b6e778582d1fd1aa8","index":{"nums":[0,1,432,39,30,0,0,0],"html_filename":"pygeodesy_auxilats_auxLat_py.html","relative_filename":"pygeodesy/auxilats/auxLat.py"}},"pygeodesy_auxilats_auxily_py":{"hash":"cd7d1db915d9e5b1c0e5bf212c455db7","index":{"nums":[0,1,114,29,8,0,0,0],"html_filename":"pygeodesy_auxilats_auxily_py.html","relative_filename":"pygeodesy/auxilats/auxily.py"}},"pygeodesy_azimuthal_py":{"hash":"4fb8e92e11fd74638ce6f7d3fc4ad2e2","index":{"nums":[0,1,314,55,3,0,0,0],"html_filename":"pygeodesy_azimuthal_py.html","relative_filename":"pygeodesy/azimuthal.py"}},"pygeodesy_basics_py":{"hash":"cef06956a41bb122b606eb2fdd5f2483","index":{"nums":[0,1,247,95,13,0,0,0],"html_filename":"pygeodesy_basics_py.html","relative_filename":"pygeodesy/basics.py"}},"pygeodesy_booleans_py":{"hash":"b73f09c5dae98af9ba4488d16efe6f9f","index":{"nums":[0,1,981,118,60,0,0,0],"html_filename":"pygeodesy_booleans_py.html","relative_filename":"pygeodesy/booleans.py"}},"pygeodesy_cartesianBase_py":{"hash":"c5cd72a9f952a2d0506101d89eaf837a","index":{"nums":[0,1,226,20,13,0,0,0],"html_filename":"pygeodesy_cartesianBase_py.html","relative_filename":"pygeodesy/cartesianBase.py"}},"pygeodesy_clipy_py":{"hash":"d4e66045ec766aedbe08827277dfa774","index":{"nums":[0,1,317,18,14,0,0,0],"html_filename":"pygeodesy_clipy_py.html","relative_filename":"pygeodesy/clipy.py"}},"pygeodesy_constants_py":{"hash":"41d3c96d17b6641c874ff3cd6e5062f2","index":{"nums":[0,1,194,68,4,0,0,0],"html_filename":"pygeodesy_constants_py.html","relative_filename":"pygeodesy/constants.py"}},"pygeodesy_css_py":{"hash":"ab70a7a1c4e3849dee72c2db4e317f76","index":{"nums":[0,1,235,11,6,0,0,0],"html_filename":"pygeodesy_css_py.html","relative_filename":"pygeodesy/css.py"}},"pygeodesy_datums_py":{"hash":"33bf19d20853fe8fd1d2c023732d144c","index":{"nums":[0,1,218,17,13,0,0,0],"html_filename":"pygeodesy_datums_py.html","relative_filename":"pygeodesy/datums.py"}},"pygeodesy_deprecated___init___py":{"hash":"b2fd7aef3af20ca37313a5e49eb55bce","index":{"nums":[0,1,14,0,0,0,0,0],"html_filename":"pygeodesy_deprecated___init___py.html","relative_filename":"pygeodesy/deprecated/__init__.py"}},"pygeodesy_deprecated_bases_py":{"hash":"bb31d151eb672206b09630d28f593737","index":{"nums":[0,1,6,3,0,0,0,0],"html_filename":"pygeodesy_deprecated_bases_py.html","relative_filename":"pygeodesy/deprecated/bases.py"}},"pygeodesy_deprecated_classes_py":{"hash":"eb5097974cb1a3f75881f4be969839ef","index":{"nums":[0,1,73,57,5,0,0,0],"html_filename":"pygeodesy_deprecated_classes_py.html","relative_filename":"pygeodesy/deprecated/classes.py"}},"pygeodesy_deprecated_consterns_py":{"hash":"15d12de4c9357639449c83c0fd9106ec","index":{"nums":[0,1,15,0,0,0,0,0],"html_filename":"pygeodesy_deprecated_consterns_py.html","relative_filename":"pygeodesy/deprecated/consterns.py"}},"pygeodesy_deprecated_datum_py":{"hash":"131476290e4bc80b5e13c83472258812","index":{"nums":[0,1,8,0,0,0,0,0],"html_filename":"pygeodesy_deprecated_datum_py.html","relative_filename":"pygeodesy/deprecated/datum.py"}},"pygeodesy_deprecated_functions_py":{"hash":"e66ce4d342384b316929f94f503b6dda","index":{"nums":[0,1,67,119,5,0,0,0],"html_filename":"pygeodesy_deprecated_functions_py.html","relative_filename":"pygeodesy/deprecated/functions.py"}},"pygeodesy_deprecated_nvector_py":{"hash":"e21ef5401b1ef843225f069c033ef19a","index":{"nums":[0,1,7,5,0,0,0,0],"html_filename":"pygeodesy_deprecated_nvector_py.html","relative_filename":"pygeodesy/deprecated/nvector.py"}},"pygeodesy_deprecated_rhumbBase_py":{"hash":"9a531ef9a7bafa8051743fb706f93825","index":{"nums":[0,1,4,0,0,0,0,0],"html_filename":"pygeodesy_deprecated_rhumbBase_py.html","relative_filename":"pygeodesy/deprecated/rhumbBase.py"}},"pygeodesy_deprecated_rhumbaux_py":{"hash":"6b5ea00efacb8b67c2de8d2eeb08b2e4","index":{"nums":[0,1,5,0,0,0,0,0],"html_filename":"pygeodesy_deprecated_rhumbaux_py.html","relative_filename":"pygeodesy/deprecated/rhumbaux.py"}},"pygeodesy_deprecated_rhumbsolve_py":{"hash":"990ea849524ecbe886710e2b69060dbe","index":{"nums":[0,1,5,0,0,0,0,0],"html_filename":"pygeodesy_deprecated_rhumbsolve_py.html","relative_filename":"pygeodesy/deprecated/rhumbsolve.py"}},"pygeodesy_deprecated_rhumbx_py":{"hash":"6d1a1aa9fa1ff9535f65303f2fdac8ab","index":{"nums":[0,1,5,0,0,0,0,0],"html_filename":"pygeodesy_deprecated_rhumbx_py.html","relative_filename":"pygeodesy/deprecated/rhumbx.py"}},"pygeodesy_dms_py":{"hash":"048a44b65824da207c750896e4aa63b4","index":{"nums":[0,1,283,33,13,0,0,0],"html_filename":"pygeodesy_dms_py.html","relative_filename":"pygeodesy/dms.py"}},"pygeodesy_ecef_py":{"hash":"1a7bd85c498180b1cac495f140f00754","index":{"nums":[0,1,454,45,22,0,0,0],"html_filename":"pygeodesy_ecef_py.html","relative_filename":"pygeodesy/ecef.py"}},"pygeodesy_elevations_py":{"hash":"f3fc1f83fd321ab09524cb479dfbedbf","index":{"nums":[0,1,70,36,14,0,0,0],"html_filename":"pygeodesy_elevations_py.html","relative_filename":"pygeodesy/elevations.py"}},"pygeodesy_ellipsoidalBase_py":{"hash":"66ebff97e16aebdd4973b07fcb980222","index":{"nums":[0,1,295,41,19,0,0,0],"html_filename":"pygeodesy_ellipsoidalBase_py.html","relative_filename":"pygeodesy/ellipsoidalBase.py"}},"pygeodesy_ellipsoidalBaseDI_py":{"hash":"b448a4397b8f7a45a0ff75cb8402379e","index":{"nums":[0,1,329,28,31,0,0,0],"html_filename":"pygeodesy_ellipsoidalBaseDI_py.html","relative_filename":"pygeodesy/ellipsoidalBaseDI.py"}},"pygeodesy_ellipsoidalExact_py":{"hash":"b6d077d641140fbcf5f7e967f98ef1ba","index":{"nums":[0,1,40,1,0,0,0,0],"html_filename":"pygeodesy_ellipsoidalExact_py.html","relative_filename":"pygeodesy/ellipsoidalExact.py"}},"pygeodesy_ellipsoidalGeodSolve_py":{"hash":"f40bc8c54e12db56d6244a467cfd7371","index":{"nums":[0,1,40,1,0,0,0,0],"html_filename":"pygeodesy_ellipsoidalGeodSolve_py.html","relative_filename":"pygeodesy/ellipsoidalGeodSolve.py"}},"pygeodesy_ellipsoidalKarney_py":{"hash":"2258266ec17ca1e227406b207787d509","index":{"nums":[0,1,42,4,0,0,0,0],"html_filename":"pygeodesy_ellipsoidalKarney_py.html","relative_filename":"pygeodesy/ellipsoidalKarney.py"}},"pygeodesy_ellipsoidalNvector_py":{"hash":"6a12113f230813ad87cf616ed286886b","index":{"nums":[0,1,136,4,5,0,0,0],"html_filename":"pygeodesy_ellipsoidalNvector_py.html","relative_filename":"pygeodesy/ellipsoidalNvector.py"}},"pygeodesy_ellipsoidalVincenty_py":{"hash":"ac7697049c8206e0f9aea8a408d13957","index":{"nums":[0,1,178,11,2,0,0,0],"html_filename":"pygeodesy_ellipsoidalVincenty_py.html","relative_filename":"pygeodesy/ellipsoidalVincenty.py"}},"pygeodesy_ellipsoids_py":{"hash":"62800908dbfe98f68c17faeaba2e8ca4","index":{"nums":[0,1,755,75,30,0,0,0],"html_filename":"pygeodesy_ellipsoids_py.html","relative_filename":"pygeodesy/ellipsoids.py"}},"pygeodesy_elliptic_py":{"hash":"77ff7efe05fb25c990af36d81f97422f","index":{"nums":[0,1,480,52,19,0,0,0],"html_filename":"pygeodesy_elliptic_py.html","relative_filename":"pygeodesy/elliptic.py"}},"pygeodesy_epsg_py":{"hash":"9bec07d70cfa16810082da833a2f7782","index":{"nums":[0,1,101,7,2,0,0,0],"html_filename":"pygeodesy_epsg_py.html","relative_filename":"pygeodesy/epsg.py"}},"pygeodesy_errors_py":{"hash":"174a3e996e4ae83204c834efaceffcc6","index":{"nums":[0,1,268,49,19,0,0,0],"html_filename":"pygeodesy_errors_py.html","relative_filename":"pygeodesy/errors.py"}},"pygeodesy_etm_py":{"hash":"339ff309072302d4b8901c02d442b857","index":{"nums":[0,1,414,83,33,0,0,0],"html_filename":"pygeodesy_etm_py.html","relative_filename":"pygeodesy/etm.py"}},"pygeodesy_fmath_py":{"hash":"1d8591467634b7f567cd990ac7de3cee","index":{"nums":[0,1,275,73,12,0,0,0],"html_filename":"pygeodesy_fmath_py.html","relative_filename":"pygeodesy/fmath.py"}},"pygeodesy_formy_py":{"hash":"efa3669485fffcbbff58c678e7a203e8","index":{"nums":[0,1,469,19,14,0,0,0],"html_filename":"pygeodesy_formy_py.html","relative_filename":"pygeodesy/formy.py"}},"pygeodesy_frechet_py":{"hash":"d4caabc398adb79a189382d35cb6fa31","index":{"nums":[0,1,205,82,8,0,0,0],"html_filename":"pygeodesy_frechet_py.html","relative_filename":"pygeodesy/frechet.py"}},"pygeodesy_fstats_py":{"hash":"d6aafc66f32b5490ab567be76114a944","index":{"nums":[0,1,307,24,4,0,0,0],"html_filename":"pygeodesy_fstats_py.html","relative_filename":"pygeodesy/fstats.py"}},"pygeodesy_fsums_py":{"hash":"ea0ec67dc026d4ece9a63675835201cb","index":{"nums":[0,1,702,116,18,0,0,0],"html_filename":"pygeodesy_fsums_py.html","relative_filename":"pygeodesy/fsums.py"}},"pygeodesy_gars_py":{"hash":"18c44f10b0e21c73cb20d52d525974ca","index":{"nums":[0,1,141,10,3,0,0,0],"html_filename":"pygeodesy_gars_py.html","relative_filename":"pygeodesy/gars.py"}},"pygeodesy_geodesicw_py":{"hash":"856527c6d58b3ca398870fe381832138","index":{"nums":[0,1,209,14,22,0,0,0],"html_filename":"pygeodesy_geodesicw_py.html","relative_filename":"pygeodesy/geodesicw.py"}},"pygeodesy_geodesicx__C4_24_py":{"hash":"75440ebcfb98ece6decfb99eadc997c1","index":{"nums":[0,1,7,2,0,0,0,0],"html_filename":"pygeodesy_geodesicx__C4_24_py.html","relative_filename":"pygeodesy/geodesicx/_C4_24.py"}},"pygeodesy_geodesicx__C4_27_py":{"hash":"27b14f614a0dac585cdf878a0e82a462","index":{"nums":[0,1,7,2,0,0,0,0],"html_filename":"pygeodesy_geodesicx__C4_27_py.html","relative_filename":"pygeodesy/geodesicx/_C4_27.py"}},"pygeodesy_geodesicx__C4_30_py":{"hash":"66d1fa1dd5e4f2a870967e2a50037b1b","index":{"nums":[0,1,7,2,0,0,0,0],"html_filename":"pygeodesy_geodesicx__C4_30_py.html","relative_filename":"pygeodesy/geodesicx/_C4_30.py"}},"pygeodesy_geodesicx___init___py":{"hash":"e53c0aea241fedf761e3d08d4ff0f009","index":{"nums":[0,1,7,0,0,0,0,0],"html_filename":"pygeodesy_geodesicx___init___py.html","relative_filename":"pygeodesy/geodesicx/__init__.py"}},"pygeodesy_geodesicx_gx_py":{"hash":"053465ecd12b1a3524e20317c4eadbc6","index":{"nums":[0,1,519,30,36,0,0,0],"html_filename":"pygeodesy_geodesicx_gx_py.html","relative_filename":"pygeodesy/geodesicx/gx.py"}},"pygeodesy_geodesicx_gxarea_py":{"hash":"f88c424a70d8be5137c3722c4c69b404","index":{"nums":[0,1,213,29,10,0,0,0],"html_filename":"pygeodesy_geodesicx_gxarea_py.html","relative_filename":"pygeodesy/geodesicx/gxarea.py"}},"pygeodesy_geodesicx_gxbases_py":{"hash":"71981a96bad83a0164a427b5b6d6dccb","index":{"nums":[0,1,53,1,4,0,0,0],"html_filename":"pygeodesy_geodesicx_gxbases_py.html","relative_filename":"pygeodesy/geodesicx/gxbases.py"}},"pygeodesy_geodesicx_gxline_py":{"hash":"24c49797e6dc5c2ee2fe3d31b5553ce4","index":{"nums":[0,1,238,28,7,0,0,0],"html_filename":"pygeodesy_geodesicx_gxline_py.html","relative_filename":"pygeodesy/geodesicx/gxline.py"}},"pygeodesy_geodsolve_py":{"hash":"ab3299124dab856a8cce9ad9e86ef705","index":{"nums":[0,1,79,45,5,0,0,0],"html_filename":"pygeodesy_geodsolve_py.html","relative_filename":"pygeodesy/geodsolve.py"}},"pygeodesy_geohash_py":{"hash":"e84098c180df86bea37dbc80229288a2","index":{"nums":[0,1,292,20,9,0,0,0],"html_filename":"pygeodesy_geohash_py.html","relative_filename":"pygeodesy/geohash.py"}},"pygeodesy_geoids_py":{"hash":"17ebb231cc3a76c93485a9bc339e8771","index":{"nums":[0,1,673,108,33,0,0,0],"html_filename":"pygeodesy_geoids_py.html","relative_filename":"pygeodesy/geoids.py"}},"pygeodesy_hausdorff_py":{"hash":"2fa2cd177a83597db7bdfddf69e4c60f","index":{"nums":[0,1,233,68,10,0,0,0],"html_filename":"pygeodesy_hausdorff_py.html","relative_filename":"pygeodesy/hausdorff.py"}},"pygeodesy_heights_py":{"hash":"c543818201b1e9717e3b12560430259f","index":{"nums":[0,1,312,98,15,0,0,0],"html_filename":"pygeodesy_heights_py.html","relative_filename":"pygeodesy/heights.py"}},"pygeodesy_interns_py":{"hash":"5948d643770d4f646af23c89f1cbae78","index":{"nums":[0,1,453,25,13,0,0,0],"html_filename":"pygeodesy_interns_py.html","relative_filename":"pygeodesy/interns.py"}},"pygeodesy_iters_py":{"hash":"289b652029875e89a279246f7b61b518","index":{"nums":[0,1,203,25,7,0,0,0],"html_filename":"pygeodesy_iters_py.html","relative_filename":"pygeodesy/iters.py"}},"pygeodesy_karney_py":{"hash":"0e8d7a0493744ac2113a95c9beedb9f9","index":{"nums":[0,1,284,60,17,0,0,0],"html_filename":"pygeodesy_karney_py.html","relative_filename":"pygeodesy/karney.py"}},"pygeodesy_ktm_py":{"hash":"c349e50486af5f3f91e2235aa90fc99e","index":{"nums":[0,1,230,40,8,0,0,0],"html_filename":"pygeodesy_ktm_py.html","relative_filename":"pygeodesy/ktm.py"}},"pygeodesy_latlonBase_py":{"hash":"6551b1f1887080b20afa0d2b73233c93","index":{"nums":[0,1,476,66,30,0,0,0],"html_filename":"pygeodesy_latlonBase_py.html","relative_filename":"pygeodesy/latlonBase.py"}},"pygeodesy_lazily_py":{"hash":"d71a8778a282e01bf5b8aaf9de6dbf64","index":{"nums":[0,1,208,88,16,0,0,0],"html_filename":"pygeodesy_lazily_py.html","relative_filename":"pygeodesy/lazily.py"}},"pygeodesy_lcc_py":{"hash":"e6cb3d486522511b94309a3afae690c5","index":{"nums":[0,1,281,14,11,0,0,0],"html_filename":"pygeodesy_lcc_py.html","relative_filename":"pygeodesy/lcc.py"}},"pygeodesy_ltp_py":{"hash":"759bb01644aea71d6acaec5a60caaed1","index":{"nums":[0,1,412,42,16,0,0,0],"html_filename":"pygeodesy_ltp_py.html","relative_filename":"pygeodesy/ltp.py"}},"pygeodesy_ltpTuples_py":{"hash":"a79f2169edffdde1a989d943ae369144","index":{"nums":[0,1,555,40,31,0,0,0],"html_filename":"pygeodesy_ltpTuples_py.html","relative_filename":"pygeodesy/ltpTuples.py"}},"pygeodesy_mgrs_py":{"hash":"f3e9ea17b88b4497d1a5f7c878f9c15e","index":{"nums":[0,1,265,52,2,0,0,0],"html_filename":"pygeodesy_mgrs_py.html","relative_filename":"pygeodesy/mgrs.py"}},"pygeodesy_named_py":{"hash":"277f661158fce24fecc9cc4b5c2ccf6a","index":{"nums":[0,1,451,109,16,0,0,0],"html_filename":"pygeodesy_named_py.html","relative_filename":"pygeodesy/named.py"}},"pygeodesy_namedTuples_py":{"hash":"57f3d19f2760ccc2cc36b33bb7196dd3","index":{"nums":[0,1,202,1,6,0,0,0],"html_filename":"pygeodesy_namedTuples_py.html","relative_filename":"pygeodesy/namedTuples.py"}},"pygeodesy_nvectorBase_py":{"hash":"c9d33f7f14c6b8e6aa52eaf1b1733759","index":{"nums":[0,1,249,23,11,0,0,0],"html_filename":"pygeodesy_nvectorBase_py.html","relative_filename":"pygeodesy/nvectorBase.py"}},"pygeodesy_osgr_py":{"hash":"5a0ac4b361743359181b59e51b91990f","index":{"nums":[0,1,303,65,9,0,0,0],"html_filename":"pygeodesy_osgr_py.html","relative_filename":"pygeodesy/osgr.py"}},"pygeodesy_points_py":{"hash":"3567e420529895afb32fa2a4a7f40ee6","index":{"nums":[0,1,533,80,37,0,0,0],"html_filename":"pygeodesy_points_py.html","relative_filename":"pygeodesy/points.py"}},"pygeodesy_props_py":{"hash":"f47b213605d2631691f6e4092f8b9baf","index":{"nums":[0,1,207,55,4,0,0,0],"html_filename":"pygeodesy_props_py.html","relative_filename":"pygeodesy/props.py"}},"pygeodesy_resections_py":{"hash":"bce9996a22528b09f766de233a18382f","index":{"nums":[0,1,372,67,11,0,0,0],"html_filename":"pygeodesy_resections_py.html","relative_filename":"pygeodesy/resections.py"}},"pygeodesy_rhumb___init___py":{"hash":"26ec5521205c8c54522cd299f567916e","index":{"nums":[0,1,11,0,0,0,0,0],"html_filename":"pygeodesy_rhumb___init___py.html","relative_filename":"pygeodesy/rhumb/__init__.py"}},"pygeodesy_rhumb_aux__py":{"hash":"8e8e1ad87bc0ac198c5ed604e194fe1e","index":{"nums":[0,1,145,2,7,0,0,0],"html_filename":"pygeodesy_rhumb_aux__py.html","relative_filename":"pygeodesy/rhumb/aux_.py"}},"pygeodesy_rhumb_bases_py":{"hash":"3c2fa69761a58a9056a31954a3164c5b","index":{"nums":[0,1,373,97,23,0,0,0],"html_filename":"pygeodesy_rhumb_bases_py.html","relative_filename":"pygeodesy/rhumb/bases.py"}},"pygeodesy_rhumb_ekx_py":{"hash":"b28cae709a5a4c3d9c5d5a107879a1fd","index":{"nums":[0,1,229,24,4,0,0,0],"html_filename":"pygeodesy_rhumb_ekx_py.html","relative_filename":"pygeodesy/rhumb/ekx.py"}},"pygeodesy_rhumb_solve_py":{"hash":"6359ab9a6ecff0704c8a17fa5dc35e0c","index":{"nums":[0,1,102,58,11,0,0,0],"html_filename":"pygeodesy_rhumb_solve_py.html","relative_filename":"pygeodesy/rhumb/solve.py"}},"pygeodesy_simplify_py":{"hash":"62159282eb8412b5c5494ac8188f31db","index":{"nums":[0,1,227,4,2,0,0,0],"html_filename":"pygeodesy_simplify_py.html","relative_filename":"pygeodesy/simplify.py"}},"pygeodesy_solveBase_py":{"hash":"a05b314721f953cfe3053a85e44894e4","index":{"nums":[0,1,214,31,12,0,0,0],"html_filename":"pygeodesy_solveBase_py.html","relative_filename":"pygeodesy/solveBase.py"}},"pygeodesy_sphericalBase_py":{"hash":"846b61719ac786b27283887ef2b94eb2","index":{"nums":[0,1,251,11,14,0,0,0],"html_filename":"pygeodesy_sphericalBase_py.html","relative_filename":"pygeodesy/sphericalBase.py"}},"pygeodesy_sphericalNvector_py":{"hash":"d450e75a80a38b0b1fa0805d653026a8","index":{"nums":[0,1,321,23,27,0,0,0],"html_filename":"pygeodesy_sphericalNvector_py.html","relative_filename":"pygeodesy/sphericalNvector.py"}},"pygeodesy_sphericalTrigonometry_py":{"hash":"20d1ad8d3d86bd76d70ea2d0ec2c8590","index":{"nums":[0,1,393,51,26,0,0,0],"html_filename":"pygeodesy_sphericalTrigonometry_py.html","relative_filename":"pygeodesy/sphericalTrigonometry.py"}},"pygeodesy_streprs_py":{"hash":"400753f15f64e0f9d66409672d096449","index":{"nums":[0,1,269,19,12,0,0,0],"html_filename":"pygeodesy_streprs_py.html","relative_filename":"pygeodesy/streprs.py"}},"pygeodesy_trf_py":{"hash":"9ac692e2a3db97bfbf2536279e543666","index":{"nums":[0,1,177,27,5,0,0,0],"html_filename":"pygeodesy_trf_py.html","relative_filename":"pygeodesy/trf.py"}},"pygeodesy_triaxials_py":{"hash":"d8fb9f0ac74220e1a0e01a5e74b81213","index":{"nums":[0,1,584,41,25,0,0,0],"html_filename":"pygeodesy_triaxials_py.html","relative_filename":"pygeodesy/triaxials.py"}},"pygeodesy_units_py":{"hash":"c53726a609d24357e21a0ae6165d2907","index":{"nums":[0,1,330,18,25,0,0,0],"html_filename":"pygeodesy_units_py.html","relative_filename":"pygeodesy/units.py"}},"pygeodesy_unitsBase_py":{"hash":"254951a8a731a3f4cf7fc49bbaf70af3","index":{"nums":[0,1,101,6,1,0,0,0],"html_filename":"pygeodesy_unitsBase_py.html","relative_filename":"pygeodesy/unitsBase.py"}},"pygeodesy_ups_py":{"hash":"e9c3a02b3c464f018ab25578b4cdd125","index":{"nums":[0,1,166,9,5,0,0,0],"html_filename":"pygeodesy_ups_py.html","relative_filename":"pygeodesy/ups.py"}},"pygeodesy_utily_py":{"hash":"6c3d6d43c4bb2593f7b707dca4d3ba62","index":{"nums":[0,1,335,14,30,0,0,0],"html_filename":"pygeodesy_utily_py.html","relative_filename":"pygeodesy/utily.py"}},"pygeodesy_utm_py":{"hash":"ba9d29f6176eb1e98e1e3e090f490302","index":{"nums":[0,1,265,20,8,0,0,0],"html_filename":"pygeodesy_utm_py.html","relative_filename":"pygeodesy/utm.py"}},"pygeodesy_utmups_py":{"hash":"520ae0c9996697ee3c2fb1cdeaef4eab","index":{"nums":[0,1,87,13,2,0,0,0],"html_filename":"pygeodesy_utmups_py.html","relative_filename":"pygeodesy/utmups.py"}},"pygeodesy_utmupsBase_py":{"hash":"11b020d6f66f78ba7b329ee54d78ebae","index":{"nums":[0,1,236,24,6,0,0,0],"html_filename":"pygeodesy_utmupsBase_py.html","relative_filename":"pygeodesy/utmupsBase.py"}},"pygeodesy_vector2d_py":{"hash":"674e33102709ff564ed087307315f1ae","index":{"nums":[0,1,319,24,7,0,0,0],"html_filename":"pygeodesy_vector2d_py.html","relative_filename":"pygeodesy/vector2d.py"}},"pygeodesy_vector3d_py":{"hash":"13b2a281c3385e0e94e41b678b871abd","index":{"nums":[0,1,235,44,9,0,0,0],"html_filename":"pygeodesy_vector3d_py.html","relative_filename":"pygeodesy/vector3d.py"}},"pygeodesy_vector3dBase_py":{"hash":"8d7aa34fe9606577157ff6d936a7b246","index":{"nums":[0,1,275,95,21,0,0,0],"html_filename":"pygeodesy_vector3dBase_py.html","relative_filename":"pygeodesy/vector3dBase.py"}},"pygeodesy_webmercator_py":{"hash":"242b470cc69495be1f04c8b5b8b2be00","index":{"nums":[0,1,129,13,1,0,0,0],"html_filename":"pygeodesy_webmercator_py.html","relative_filename":"pygeodesy/webmercator.py"}},"pygeodesy_wgrs_py":{"hash":"19f29f0454703a836c12fbf8cca20a4b","index":{"nums":[0,1,188,7,4,0,0,0],"html_filename":"pygeodesy_wgrs_py.html","relative_filename":"pygeodesy/wgrs.py"}}}}