{"note":"This file is an internal implementation detail to speed up HTML report generation. Its format can change at any time. You might be looking for the JSON report: https://coverage.rtfd.io/cmd.html#cmd-json","format":5,"version":"7.6.0","globals":"09660b9a83eba7e0b761db0e74468b09","files":{"z_4569faf12939b165___init___py":{"hash":"06b076c0c923f08dd50a9e7b95ef1072","index":{"url":"z_4569faf12939b165___init___py.html","file":"pygeodesy/__init__.py","description":"","nums":{"precision":0,"n_files":1,"n_statements":187,"n_excluded":6,"n_missing":6,"n_branches":0,"n_partial_branches":0,"n_missing_branches":0}}},"z_4569faf12939b165_albers_py":{"hash":"0c080fe3c22af1bb8eb4255a14daa190","index":{"url":"z_4569faf12939b165_albers_py.html","file":"pygeodesy/albers.py","description":"","nums":{"precision":0,"n_files":1,"n_statements":418,"n_excluded":30,"n_missing":13,"n_branches":0,"n_partial_branches":0,"n_missing_branches":0}}},"z_5087a5e01bbcffc5__CX_4_py":{"hash":"763ecd9f0ef6db40d527b8d98f66deae","index":{"url":"z_5087a5e01bbcffc5__CX_4_py.html","file":"pygeodesy/auxilats/_CX_4.py","description":"","nums":{"precision":0,"n_files":1,"n_statements":6,"n_excluded":0,"n_missing":0,"n_branches":0,"n_partial_branches":0,"n_missing_branches":0}}},"z_5087a5e01bbcffc5__CX_6_py":{"hash":"4281eb944478f8a4d8f7bf0de8ea2674","index":{"url":"z_5087a5e01bbcffc5__CX_6_py.html","file":"pygeodesy/auxilats/_CX_6.py","description":"","nums":{"precision":0,"n_files":1,"n_statements":6,"n_excluded":0,"n_missing":0,"n_branches":0,"n_partial_branches":0,"n_missing_branches":0}}},"z_5087a5e01bbcffc5__CX_8_py":{"hash":"281ed02c18ba8d652f6ce824ff0f95d8","index":{"url":"z_5087a5e01bbcffc5__CX_8_py.html","file":"pygeodesy/auxilats/_CX_8.py","description":"","nums":{"precision":0,"n_files":1,"n_statements":6,"n_excluded":0,"n_missing":0,"n_branches":0,"n_partial_branches":0,"n_missing_branches":0}}},"z_5087a5e01bbcffc5__CX_Rs_py":{"hash":"30002aa29feabd7c460d44084c3390c9","index":{"url":"z_5087a5e01bbcffc5__CX_Rs_py.html","file":"pygeodesy/auxilats/_CX_Rs.py","description":"","nums":{"precision":0,"n_files":1,"n_statements":76,"n_excluded":54,"n_missing":1,"n_branches":0,"n_partial_branches":0,"n_missing_branches":0}}},"z_5087a5e01bbcffc5___init___py":{"hash":"2eff2c8caa6c5d9ee23b46f1a3121e2c","index":{"url":"z_5087a5e01bbcffc5___init___py.html","file":"pygeodesy/auxilats/__init__.py","description":"","nums":{"precision":0,"n_files":1,"n_statements":8,"n_excluded":0,"n_missing":0,"n_branches":0,"n_partial_branches":0,"n_missing_branches":0}}},"z_5087a5e01bbcffc5_auxAngle_py":{"hash":"3baf3e6e66a6825fc0b01f566fd6eb31","index":{"url":"z_5087a5e01bbcffc5_auxAngle_py.html","file":"pygeodesy/auxilats/auxAngle.py","description":"","nums":{"precision":0,"n_files":1,"n_statements":225,"n_excluded":33,"n_missing":9,"n_branches":0,"n_partial_branches":0,"n_missing_branches":0}}},"z_5087a5e01bbcffc5_auxDLat_py":{"hash":"5716f2baf16a2900636da57b554aa268","index":{"url":"z_5087a5e01bbcffc5_auxDLat_py.html","file":"pygeodesy/auxilats/auxDLat.py","description":"","nums":{"precision":0,"n_files":1,"n_statements":149,"n_excluded":10,"n_missing":8,"n_branches":0,"n_partial_branches":0,"n_missing_branches":0}}},"z_5087a5e01bbcffc5_auxDST_py":{"hash":"8cb3bcb845cab4849b33be8962a580fa","index":{"url":"z_5087a5e01bbcffc5_auxDST_py.html","file":"pygeodesy/auxilats/auxDST.py","description":"","nums":{"precision":0,"n_files":1,"n_statements":98,"n_excluded":35,"n_missing":3,"n_branches":0,"n_partial_branches":0,"n_missing_branches":0}}},"z_5087a5e01bbcffc5_auxLat_py":{"hash":"b1c26df7bfe00654d4ef4093b311c1cc","index":{"url":"z_5087a5e01bbcffc5_auxLat_py.html","file":"pygeodesy/auxilats/auxLat.py","description":"","nums":{"precision":0,"n_files":1,"n_statements":440,"n_excluded":44,"n_missing":31,"n_branches":0,"n_partial_branches":0,"n_missing_branches":0}}},"z_5087a5e01bbcffc5_auxily_py":{"hash":"763aa9193d2e16d89b7d1b046de44610","index":{"url":"z_5087a5e01bbcffc5_auxily_py.html","file":"pygeodesy/auxilats/auxily.py","description":"","nums":{"precision":0,"n_files":1,"n_statements":105,"n_excluded":37,"n_missing":6,"n_branches":0,"n_partial_branches":0,"n_missing_branches":0}}},"z_4569faf12939b165_azimuthal_py":{"hash":"f5431e21f719d4d5c78407b3266755ed","index":{"url":"z_4569faf12939b165_azimuthal_py.html","file":"pygeodesy/azimuthal.py","description":"","nums":{"precision":0,"n_files":1,"n_statements":321,"n_excluded":53,"n_missing":3,"n_branches":0,"n_partial_branches":0,"n_missing_branches":0}}},"z_4569faf12939b165_basics_py":{"hash":"315e642b593d715d4bb77f78c01b0d7a","index":{"url":"z_4569faf12939b165_basics_py.html","file":"pygeodesy/basics.py","description":"","nums":{"precision":0,"n_files":1,"n_statements":287,"n_excluded":102,"n_missing":49,"n_branches":0,"n_partial_branches":0,"n_missing_branches":0}}},"z_4569faf12939b165_booleans_py":{"hash":"2fb6227c646b2d7c206ef2ef45c9b3db","index":{"url":"z_4569faf12939b165_booleans_py.html","file":"pygeodesy/booleans.py","description":"","nums":{"precision":0,"n_files":1,"n_statements":977,"n_excluded":127,"n_missing":60,"n_branches":0,"n_partial_branches":0,"n_missing_branches":0}}},"z_4569faf12939b165_cartesianBase_py":{"hash":"b749aa8e388c80232de8de9520cad7df","index":{"url":"z_4569faf12939b165_cartesianBase_py.html","file":"pygeodesy/cartesianBase.py","description":"","nums":{"precision":0,"n_files":1,"n_statements":327,"n_excluded":40,"n_missing":28,"n_branches":0,"n_partial_branches":0,"n_missing_branches":0}}},"z_4569faf12939b165_clipy_py":{"hash":"58cb5d6e36acd0a944eb15bab41f638b","index":{"url":"z_4569faf12939b165_clipy_py.html","file":"pygeodesy/clipy.py","description":"","nums":{"precision":0,"n_files":1,"n_statements":315,"n_excluded":18,"n_missing":14,"n_branches":0,"n_partial_branches":0,"n_missing_branches":0}}},"z_4569faf12939b165_constants_py":{"hash":"bad528118026b9f4065975f6d18913c6","index":{"url":"z_4569faf12939b165_constants_py.html","file":"pygeodesy/constants.py","description":"","nums":{"precision":0,"n_files":1,"n_statements":223,"n_excluded":36,"n_missing":33,"n_branches":0,"n_partial_branches":0,"n_missing_branches":0}}},"z_4569faf12939b165_css_py":{"hash":"3183a8ec5337b27f38a84e34bb360b1c","index":{"url":"z_4569faf12939b165_css_py.html","file":"pygeodesy/css.py","description":"","nums":{"precision":0,"n_files":1,"n_statements":236,"n_excluded":10,"n_missing":6,"n_branches":0,"n_partial_branches":0,"n_missing_branches":0}}},"z_4569faf12939b165_datums_py":{"hash":"953caca4d46f61dc258c9a32ab7f92af","index":{"url":"z_4569faf12939b165_datums_py.html","file":"pygeodesy/datums.py","description":"","nums":{"precision":0,"n_files":1,"n_statements":251,"n_excluded":11,"n_missing":13,"n_branches":0,"n_partial_branches":0,"n_missing_branches":0}}},"z_81bb61ef01d6cb97___init___py":{"hash":"0237d8e8303521e6dea59bc364c32a07","index":{"url":"z_81bb61ef01d6cb97___init___py.html","file":"pygeodesy/deprecated/__init__.py","description":"","nums":{"precision":0,"n_files":1,"n_statements":13,"n_excluded":0,"n_missing":0,"n_branches":0,"n_partial_branches":0,"n_missing_branches":0}}},"z_81bb61ef01d6cb97_bases_py":{"hash":"bb31d151eb672206b09630d28f593737","index":{"url":"z_81bb61ef01d6cb97_bases_py.html","file":"pygeodesy/deprecated/bases.py","description":"","nums":{"precision":0,"n_files":1,"n_statements":5,"n_excluded":3,"n_missing":0,"n_branches":0,"n_partial_branches":0,"n_missing_branches":0}}},"z_81bb61ef01d6cb97_classes_py":{"hash":"6afa643a9e171328b18bdb9754a4aee0","index":{"url":"z_81bb61ef01d6cb97_classes_py.html","file":"pygeodesy/deprecated/classes.py","description":"","nums":{"precision":0,"n_files":1,"n_statements":85,"n_excluded":83,"n_missing":11,"n_branches":0,"n_partial_branches":0,"n_missing_branches":0}}},"z_81bb61ef01d6cb97_consterns_py":{"hash":"15d12de4c9357639449c83c0fd9106ec","index":{"url":"z_81bb61ef01d6cb97_consterns_py.html","file":"pygeodesy/deprecated/consterns.py","description":"","nums":{"precision":0,"n_files":1,"n_statements":14,"n_excluded":0,"n_missing":0,"n_branches":0,"n_partial_branches":0,"n_missing_branches":0}}},"z_81bb61ef01d6cb97_datum_py":{"hash":"41a88ac293c0843c722b05929fa5215b","index":{"url":"z_81bb61ef01d6cb97_datum_py.html","file":"pygeodesy/deprecated/datum.py","description":"","nums":{"precision":0,"n_files":1,"n_statements":7,"n_excluded":0,"n_missing":0,"n_branches":0,"n_partial_branches":0,"n_missing_branches":0}}},"z_81bb61ef01d6cb97_functions_py":{"hash":"11c736074be010518d57948da436f9bd","index":{"url":"z_81bb61ef01d6cb97_functions_py.html","file":"pygeodesy/deprecated/functions.py","description":"","nums":{"precision":0,"n_files":1,"n_statements":39,"n_excluded":209,"n_missing":5,"n_branches":0,"n_partial_branches":0,"n_missing_branches":0}}},"z_81bb61ef01d6cb97_nvector_py":{"hash":"e21ef5401b1ef843225f069c033ef19a","index":{"url":"z_81bb61ef01d6cb97_nvector_py.html","file":"pygeodesy/deprecated/nvector.py","description":"","nums":{"precision":0,"n_files":1,"n_statements":6,"n_excluded":6,"n_missing":0,"n_branches":0,"n_partial_branches":0,"n_missing_branches":0}}},"z_81bb61ef01d6cb97_rhumbBase_py":{"hash":"9a531ef9a7bafa8051743fb706f93825","index":{"url":"z_81bb61ef01d6cb97_rhumbBase_py.html","file":"pygeodesy/deprecated/rhumbBase.py","description":"","nums":{"precision":0,"n_files":1,"n_statements":3,"n_excluded":0,"n_missing":0,"n_branches":0,"n_partial_branches":0,"n_missing_branches":0}}},"z_81bb61ef01d6cb97_rhumbaux_py":{"hash":"6b5ea00efacb8b67c2de8d2eeb08b2e4","index":{"url":"z_81bb61ef01d6cb97_rhumbaux_py.html","file":"pygeodesy/deprecated/rhumbaux.py","description":"","nums":{"precision":0,"n_files":1,"n_statements":4,"n_excluded":0,"n_missing":0,"n_branches":0,"n_partial_branches":0,"n_missing_branches":0}}},"z_81bb61ef01d6cb97_rhumbsolve_py":{"hash":"990ea849524ecbe886710e2b69060dbe","index":{"url":"z_81bb61ef01d6cb97_rhumbsolve_py.html","file":"pygeodesy/deprecated/rhumbsolve.py","description":"","nums":{"precision":0,"n_files":1,"n_statements":4,"n_excluded":0,"n_missing":0,"n_branches":0,"n_partial_branches":0,"n_missing_branches":0}}},"z_81bb61ef01d6cb97_rhumbx_py":{"hash":"6d1a1aa9fa1ff9535f65303f2fdac8ab","index":{"url":"z_81bb61ef01d6cb97_rhumbx_py.html","file":"pygeodesy/deprecated/rhumbx.py","description":"","nums":{"precision":0,"n_files":1,"n_statements":4,"n_excluded":0,"n_missing":0,"n_branches":0,"n_partial_branches":0,"n_missing_branches":0}}},"z_4569faf12939b165_dms_py":{"hash":"e9e3b88cb2904cf0721dac45c955013d","index":{"url":"z_4569faf12939b165_dms_py.html","file":"pygeodesy/dms.py","description":"","nums":{"precision":0,"n_files":1,"n_statements":286,"n_excluded":32,"n_missing":13,"n_branches":0,"n_partial_branches":0,"n_missing_branches":0}}},"z_4569faf12939b165_ecef_py":{"hash":"940da078176749499c590e42d123ce75","index":{"url":"z_4569faf12939b165_ecef_py.html","file":"pygeodesy/ecef.py","description":"","nums":{"precision":0,"n_files":1,"n_statements":453,"n_excluded":45,"n_missing":22,"n_branches":0,"n_partial_branches":0,"n_missing_branches":0}}},"z_4569faf12939b165_elevations_py":{"hash":"27de7bb4e0f2a9f780bb90984a07ccfe","index":{"url":"z_4569faf12939b165_elevations_py.html","file":"pygeodesy/elevations.py","description":"","nums":{"precision":0,"n_files":1,"n_statements":83,"n_excluded":21,"n_missing":28,"n_branches":0,"n_partial_branches":0,"n_missing_branches":0}}},"z_4569faf12939b165_ellipsoidalBase_py":{"hash":"0508b799b55962f0e4b1a5d806e0c550","index":{"url":"z_4569faf12939b165_ellipsoidalBase_py.html","file":"pygeodesy/ellipsoidalBase.py","description":"","nums":{"precision":0,"n_files":1,"n_statements":282,"n_excluded":50,"n_missing":28,"n_branches":0,"n_partial_branches":0,"n_missing_branches":0}}},"z_4569faf12939b165_ellipsoidalBaseDI_py":{"hash":"db2e37d87e22917148483ea2d116deb8","index":{"url":"z_4569faf12939b165_ellipsoidalBaseDI_py.html","file":"pygeodesy/ellipsoidalBaseDI.py","description":"","nums":{"precision":0,"n_files":1,"n_statements":329,"n_excluded":25,"n_missing":31,"n_branches":0,"n_partial_branches":0,"n_missing_branches":0}}},"z_4569faf12939b165_ellipsoidalExact_py":{"hash":"212071222625cb6e97093ba6ffa936e4","index":{"url":"z_4569faf12939b165_ellipsoidalExact_py.html","file":"pygeodesy/ellipsoidalExact.py","description":"","nums":{"precision":0,"n_files":1,"n_statements":39,"n_excluded":1,"n_missing":0,"n_branches":0,"n_partial_branches":0,"n_missing_branches":0}}},"z_4569faf12939b165_ellipsoidalGeodSolve_py":{"hash":"a9b1dd7ca1b3e967f633ea29c7c4f525","index":{"url":"z_4569faf12939b165_ellipsoidalGeodSolve_py.html","file":"pygeodesy/ellipsoidalGeodSolve.py","description":"","nums":{"precision":0,"n_files":1,"n_statements":39,"n_excluded":1,"n_missing":0,"n_branches":0,"n_partial_branches":0,"n_missing_branches":0}}},"z_4569faf12939b165_ellipsoidalKarney_py":{"hash":"74a2f8c72f5af6690aee53b1b2f8c8b6","index":{"url":"z_4569faf12939b165_ellipsoidalKarney_py.html","file":"pygeodesy/ellipsoidalKarney.py","description":"","nums":{"precision":0,"n_files":1,"n_statements":40,"n_excluded":6,"n_missing":0,"n_branches":0,"n_partial_branches":0,"n_missing_branches":0}}},"z_4569faf12939b165_ellipsoidalNvector_py":{"hash":"d014a4330f4b71f3aa724b536d18c59f","index":{"url":"z_4569faf12939b165_ellipsoidalNvector_py.html","file":"pygeodesy/ellipsoidalNvector.py","description":"","nums":{"precision":0,"n_files":1,"n_statements":133,"n_excluded":5,"n_missing":5,"n_branches":0,"n_partial_branches":0,"n_missing_branches":0}}},"z_4569faf12939b165_ellipsoidalVincenty_py":{"hash":"6ca614262dddf5547ac72d5de06ef7dd","index":{"url":"z_4569faf12939b165_ellipsoidalVincenty_py.html","file":"pygeodesy/ellipsoidalVincenty.py","description":"","nums":{"precision":0,"n_files":1,"n_statements":180,"n_excluded":9,"n_missing":2,"n_branches":0,"n_partial_branches":0,"n_missing_branches":0}}},"z_4569faf12939b165_ellipsoids_py":{"hash":"a54fab5354a2fc56814887a157a65471","index":{"url":"z_4569faf12939b165_ellipsoids_py.html","file":"pygeodesy/ellipsoids.py","description":"","nums":{"precision":0,"n_files":1,"n_statements":752,"n_excluded":82,"n_missing":25,"n_branches":0,"n_partial_branches":0,"n_missing_branches":0}}},"z_4569faf12939b165_elliptic_py":{"hash":"d3288119f52fe68ab7db48dd38f48084","index":{"url":"z_4569faf12939b165_elliptic_py.html","file":"pygeodesy/elliptic.py","description":"","nums":{"precision":0,"n_files":1,"n_statements":526,"n_excluded":52,"n_missing":23,"n_branches":0,"n_partial_branches":0,"n_missing_branches":0}}},"z_4569faf12939b165_epsg_py":{"hash":"481ab0046578ba3768ab675364f7f725","index":{"url":"z_4569faf12939b165_epsg_py.html","file":"pygeodesy/epsg.py","description":"","nums":{"precision":0,"n_files":1,"n_statements":100,"n_excluded":7,"n_missing":2,"n_branches":0,"n_partial_branches":0,"n_missing_branches":0}}},"z_4569faf12939b165_errors_py":{"hash":"fe75fff2b8c6d38f0d1a11d6d134c71f","index":{"url":"z_4569faf12939b165_errors_py.html","file":"pygeodesy/errors.py","description":"","nums":{"precision":0,"n_files":1,"n_statements":329,"n_excluded":52,"n_missing":34,"n_branches":0,"n_partial_branches":0,"n_missing_branches":0}}},"z_4569faf12939b165_etm_py":{"hash":"60d5f28142ffce23aad9eca6d560560c","index":{"url":"z_4569faf12939b165_etm_py.html","file":"pygeodesy/etm.py","description":"","nums":{"precision":0,"n_files":1,"n_statements":409,"n_excluded":111,"n_missing":33,"n_branches":0,"n_partial_branches":0,"n_missing_branches":0}}},"z_4569faf12939b165_fmath_py":{"hash":"b932beb5f93beddb3a580e69bdc93525","index":{"url":"z_4569faf12939b165_fmath_py.html","file":"pygeodesy/fmath.py","description":"","nums":{"precision":0,"n_files":1,"n_statements":327,"n_excluded":87,"n_missing":41,"n_branches":0,"n_partial_branches":0,"n_missing_branches":0}}},"z_4569faf12939b165_formy_py":{"hash":"4aff0d88670658ab01cd447b5f5daa29","index":{"url":"z_4569faf12939b165_formy_py.html","file":"pygeodesy/formy.py","description":"","nums":{"precision":0,"n_files":1,"n_statements":441,"n_excluded":20,"n_missing":10,"n_branches":0,"n_partial_branches":0,"n_missing_branches":0}}},"z_4569faf12939b165_frechet_py":{"hash":"361008228c39d93edd0ce8a6e0a50ea2","index":{"url":"z_4569faf12939b165_frechet_py.html","file":"pygeodesy/frechet.py","description":"","nums":{"precision":0,"n_files":1,"n_statements":215,"n_excluded":76,"n_missing":9,"n_branches":0,"n_partial_branches":0,"n_missing_branches":0}}},"z_4569faf12939b165_fstats_py":{"hash":"0294bb0fdab1233d71c6019ede4c1347","index":{"url":"z_4569faf12939b165_fstats_py.html","file":"pygeodesy/fstats.py","description":"","nums":{"precision":0,"n_files":1,"n_statements":326,"n_excluded":26,"n_missing":6,"n_branches":0,"n_partial_branches":0,"n_missing_branches":0}}},"z_4569faf12939b165_fsums_py":{"hash":"ba2c76bd159e8b41313f66e244049ba5","index":{"url":"z_4569faf12939b165_fsums_py.html","file":"pygeodesy/fsums.py","description":"","nums":{"precision":0,"n_files":1,"n_statements":1032,"n_excluded":137,"n_missing":48,"n_branches":0,"n_partial_branches":0,"n_missing_branches":0}}},"z_4569faf12939b165_gars_py":{"hash":"95b967caea8f9c0a18da8f47ac1099c0","index":{"url":"z_4569faf12939b165_gars_py.html","file":"pygeodesy/gars.py","description":"","nums":{"precision":0,"n_files":1,"n_statements":143,"n_excluded":10,"n_missing":5,"n_branches":0,"n_partial_branches":0,"n_missing_branches":0}}},"z_4569faf12939b165_geodesici_py":{"hash":"f874396804dca10ea02c30fca6a136a9","index":{"url":"z_4569faf12939b165_geodesici_py.html","file":"pygeodesy/geodesici.py","description":"","nums":{"precision":0,"n_files":1,"n_statements":620,"n_excluded":350,"n_missing":56,"n_branches":0,"n_partial_branches":0,"n_missing_branches":0}}},"z_4569faf12939b165_geodesicw_py":{"hash":"ddd2e1569b1190392303b9bd403272d8","index":{"url":"z_4569faf12939b165_geodesicw_py.html","file":"pygeodesy/geodesicw.py","description":"","nums":{"precision":0,"n_files":1,"n_statements":229,"n_excluded":16,"n_missing":25,"n_branches":0,"n_partial_branches":0,"n_missing_branches":0}}},"z_4d2bca0ead806276__C4_24_py":{"hash":"d7d5f47c8aa5b23884f44e378454fa7f","index":{"url":"z_4d2bca0ead806276__C4_24_py.html","file":"pygeodesy/geodesicx/_C4_24.py","description":"","nums":{"precision":0,"n_files":1,"n_statements":6,"n_excluded":0,"n_missing":0,"n_branches":0,"n_partial_branches":0,"n_missing_branches":0}}},"z_4d2bca0ead806276__C4_27_py":{"hash":"15820c7d683cda2db4362cca65675119","index":{"url":"z_4d2bca0ead806276__C4_27_py.html","file":"pygeodesy/geodesicx/_C4_27.py","description":"","nums":{"precision":0,"n_files":1,"n_statements":6,"n_excluded":0,"n_missing":0,"n_branches":0,"n_partial_branches":0,"n_missing_branches":0}}},"z_4d2bca0ead806276__C4_30_py":{"hash":"c79e72c7485723253e6fb98b555a58de","index":{"url":"z_4d2bca0ead806276__C4_30_py.html","file":"pygeodesy/geodesicx/_C4_30.py","description":"","nums":{"precision":0,"n_files":1,"n_statements":6,"n_excluded":0,"n_missing":0,"n_branches":0,"n_partial_branches":0,"n_missing_branches":0}}},"z_4d2bca0ead806276___init___py":{"hash":"ef4b4e7d4b9ff25e34972c7ef8f43b77","index":{"url":"z_4d2bca0ead806276___init___py.html","file":"pygeodesy/geodesicx/__init__.py","description":"","nums":{"precision":0,"n_files":1,"n_statements":6,"n_excluded":0,"n_missing":0,"n_branches":0,"n_partial_branches":0,"n_missing_branches":0}}},"z_4d2bca0ead806276_gx_py":{"hash":"5f1e63a466af770dd0d5e220c4d89132","index":{"url":"z_4d2bca0ead806276_gx_py.html","file":"pygeodesy/geodesicx/gx.py","description":"","nums":{"precision":0,"n_files":1,"n_statements":512,"n_excluded":32,"n_missing":37,"n_branches":0,"n_partial_branches":0,"n_missing_branches":0}}},"z_4d2bca0ead806276_gxarea_py":{"hash":"880cd1462ad6560bec929ed8784954b6","index":{"url":"z_4d2bca0ead806276_gxarea_py.html","file":"pygeodesy/geodesicx/gxarea.py","description":"","nums":{"precision":0,"n_files":1,"n_statements":211,"n_excluded":33,"n_missing":10,"n_branches":0,"n_partial_branches":0,"n_missing_branches":0}}},"z_4d2bca0ead806276_gxbases_py":{"hash":"4588b913b7ab7c1c68104ae40b91b136","index":{"url":"z_4d2bca0ead806276_gxbases_py.html","file":"pygeodesy/geodesicx/gxbases.py","description":"","nums":{"precision":0,"n_files":1,"n_statements":57,"n_excluded":1,"n_missing":1,"n_branches":0,"n_partial_branches":0,"n_missing_branches":0}}},"z_4d2bca0ead806276_gxline_py":{"hash":"f7c1bd4127eb57b1643d3d01ff9dcf90","index":{"url":"z_4d2bca0ead806276_gxline_py.html","file":"pygeodesy/geodesicx/gxline.py","description":"","nums":{"precision":0,"n_files":1,"n_statements":250,"n_excluded":26,"n_missing":17,"n_branches":0,"n_partial_branches":0,"n_missing_branches":0}}},"z_4569faf12939b165_geodsolve_py":{"hash":"49c9ad5609cce7e33244afd3e647b134","index":{"url":"z_4569faf12939b165_geodsolve_py.html","file":"pygeodesy/geodsolve.py","description":"","nums":{"precision":0,"n_files":1,"n_statements":97,"n_excluded":71,"n_missing":12,"n_branches":0,"n_partial_branches":0,"n_missing_branches":0}}},"z_4569faf12939b165_geohash_py":{"hash":"d5a1e68fccb6d0b5eda64a284272e054","index":{"url":"z_4569faf12939b165_geohash_py.html","file":"pygeodesy/geohash.py","description":"","nums":{"precision":0,"n_files":1,"n_statements":368,"n_excluded":42,"n_missing":10,"n_branches":0,"n_partial_branches":0,"n_missing_branches":0}}},"z_4569faf12939b165_geoids_py":{"hash":"8fd97f36230b8d13dc01fb1b14581090","index":{"url":"z_4569faf12939b165_geoids_py.html","file":"pygeodesy/geoids.py","description":"","nums":{"precision":0,"n_files":1,"n_statements":665,"n_excluded":106,"n_missing":28,"n_branches":0,"n_partial_branches":0,"n_missing_branches":0}}},"z_4569faf12939b165_hausdorff_py":{"hash":"6cf48d3db4ca173fa604a04e17af17f5","index":{"url":"z_4569faf12939b165_hausdorff_py.html","file":"pygeodesy/hausdorff.py","description":"","nums":{"precision":0,"n_files":1,"n_statements":243,"n_excluded":63,"n_missing":11,"n_branches":0,"n_partial_branches":0,"n_missing_branches":0}}},"z_4569faf12939b165_heights_py":{"hash":"ccdce4d9ef796bd703fe582d83111bab","index":{"url":"z_4569faf12939b165_heights_py.html","file":"pygeodesy/heights.py","description":"","nums":{"precision":0,"n_files":1,"n_statements":318,"n_excluded":149,"n_missing":15,"n_branches":0,"n_partial_branches":0,"n_missing_branches":0}}},"z_4569faf12939b165_internals_py":{"hash":"c6fe7a4b2808ea349ff3804052254300","index":{"url":"z_4569faf12939b165_internals_py.html","file":"pygeodesy/internals.py","description":"","nums":{"precision":0,"n_files":1,"n_statements":267,"n_excluded":83,"n_missing":35,"n_branches":0,"n_partial_branches":0,"n_missing_branches":0}}},"z_4569faf12939b165_interns_py":{"hash":"cd9b787ddde1875c27fd08c293c43776","index":{"url":"z_4569faf12939b165_interns_py.html","file":"pygeodesy/interns.py","description":"","nums":{"precision":0,"n_files":1,"n_statements":348,"n_excluded":15,"n_missing":2,"n_branches":0,"n_partial_branches":0,"n_missing_branches":0}}},"z_4569faf12939b165_iters_py":{"hash":"94f462c171e4dcc70a26e988deb61a34","index":{"url":"z_4569faf12939b165_iters_py.html","file":"pygeodesy/iters.py","description":"","nums":{"precision":0,"n_files":1,"n_statements":204,"n_excluded":27,"n_missing":7,"n_branches":0,"n_partial_branches":0,"n_missing_branches":0}}},"z_4569faf12939b165_karney_py":{"hash":"8939e67a34b3449441c3e9169e4e48ca","index":{"url":"z_4569faf12939b165_karney_py.html","file":"pygeodesy/karney.py","description":"","nums":{"precision":0,"n_files":1,"n_statements":333,"n_excluded":65,"n_missing":23,"n_branches":0,"n_partial_branches":0,"n_missing_branches":0}}},"z_4569faf12939b165_ktm_py":{"hash":"8557eda9ea84b09646fe9c7b6196b200","index":{"url":"z_4569faf12939b165_ktm_py.html","file":"pygeodesy/ktm.py","description":"","nums":{"precision":0,"n_files":1,"n_statements":234,"n_excluded":39,"n_missing":9,"n_branches":0,"n_partial_branches":0,"n_missing_branches":0}}},"z_4569faf12939b165_latlonBase_py":{"hash":"8384a5b9eda8b71086cef7a280dedfb2","index":{"url":"z_4569faf12939b165_latlonBase_py.html","file":"pygeodesy/latlonBase.py","description":"","nums":{"precision":0,"n_files":1,"n_statements":467,"n_excluded":79,"n_missing":31,"n_branches":0,"n_partial_branches":0,"n_missing_branches":0}}},"z_4569faf12939b165_lazily_py":{"hash":"5d9889268935bb4b65e4fe7c76edf48d","index":{"url":"z_4569faf12939b165_lazily_py.html","file":"pygeodesy/lazily.py","description":"","nums":{"precision":0,"n_files":1,"n_statements":214,"n_excluded":68,"n_missing":7,"n_branches":0,"n_partial_branches":0,"n_missing_branches":0}}},"z_4569faf12939b165_lcc_py":{"hash":"a3b7db5bd25979b9be3cc30be632633d","index":{"url":"z_4569faf12939b165_lcc_py.html","file":"pygeodesy/lcc.py","description":"","nums":{"precision":0,"n_files":1,"n_statements":280,"n_excluded":25,"n_missing":11,"n_branches":0,"n_partial_branches":0,"n_missing_branches":0}}},"z_4569faf12939b165_ltp_py":{"hash":"c1fb43beb20a5db7b2297e9c2b428620","index":{"url":"z_4569faf12939b165_ltp_py.html","file":"pygeodesy/ltp.py","description":"","nums":{"precision":0,"n_files":1,"n_statements":428,"n_excluded":76,"n_missing":23,"n_branches":0,"n_partial_branches":0,"n_missing_branches":0}}},"z_4569faf12939b165_ltpTuples_py":{"hash":"f19aecea8813166e3c8db02cb1c28bc0","index":{"url":"z_4569faf12939b165_ltpTuples_py.html","file":"pygeodesy/ltpTuples.py","description":"","nums":{"precision":0,"n_files":1,"n_statements":565,"n_excluded":49,"n_missing":30,"n_branches":0,"n_partial_branches":0,"n_missing_branches":0}}},"z_4569faf12939b165_mgrs_py":{"hash":"82dfddb4aee9f79dd2830c32a5377288","index":{"url":"z_4569faf12939b165_mgrs_py.html","file":"pygeodesy/mgrs.py","description":"","nums":{"precision":0,"n_files":1,"n_statements":266,"n_excluded":62,"n_missing":2,"n_branches":0,"n_partial_branches":0,"n_missing_branches":0}}},"z_4569faf12939b165_named_py":{"hash":"4c7ea12be034870ea66e9104d7fb69ea","index":{"url":"z_4569faf12939b165_named_py.html","file":"pygeodesy/named.py","description":"","nums":{"precision":0,"n_files":1,"n_statements":523,"n_excluded":140,"n_missing":23,"n_branches":0,"n_partial_branches":0,"n_missing_branches":0}}},"z_4569faf12939b165_namedTuples_py":{"hash":"bf7fc7ef827c076f67b60381c8453dba","index":{"url":"z_4569faf12939b165_namedTuples_py.html","file":"pygeodesy/namedTuples.py","description":"","nums":{"precision":0,"n_files":1,"n_statements":225,"n_excluded":1,"n_missing":8,"n_branches":0,"n_partial_branches":0,"n_missing_branches":0}}},"z_4569faf12939b165_nvectorBase_py":{"hash":"beada8f8c2a150a047469a1ce4638da1","index":{"url":"z_4569faf12939b165_nvectorBase_py.html","file":"pygeodesy/nvectorBase.py","description":"","nums":{"precision":0,"n_files":1,"n_statements":242,"n_excluded":53,"n_missing":11,"n_branches":0,"n_partial_branches":0,"n_missing_branches":0}}},"z_4569faf12939b165_osgr_py":{"hash":"7ecb0c5a93c8cad93d1486edcc38bbcd","index":{"url":"z_4569faf12939b165_osgr_py.html","file":"pygeodesy/osgr.py","description":"","nums":{"precision":0,"n_files":1,"n_statements":305,"n_excluded":65,"n_missing":8,"n_branches":0,"n_partial_branches":0,"n_missing_branches":0}}},"z_4569faf12939b165_points_py":{"hash":"4c609418dab2131e2db8aeac2a57a8d4","index":{"url":"z_4569faf12939b165_points_py.html","file":"pygeodesy/points.py","description":"","nums":{"precision":0,"n_files":1,"n_statements":529,"n_excluded":100,"n_missing":36,"n_branches":0,"n_partial_branches":0,"n_missing_branches":0}}},"z_4569faf12939b165_props_py":{"hash":"4173b485d5542f533d24a72ead481b05","index":{"url":"z_4569faf12939b165_props_py.html","file":"pygeodesy/props.py","description":"","nums":{"precision":0,"n_files":1,"n_statements":231,"n_excluded":64,"n_missing":6,"n_branches":0,"n_partial_branches":0,"n_missing_branches":0}}},"z_4569faf12939b165_resections_py":{"hash":"1c0050c29dbc73eb75480612453ee315","index":{"url":"z_4569faf12939b165_resections_py.html","file":"pygeodesy/resections.py","description":"","nums":{"precision":0,"n_files":1,"n_statements":365,"n_excluded":65,"n_missing":10,"n_branches":0,"n_partial_branches":0,"n_missing_branches":0}}},"z_5cf368818b86873a___init___py":{"hash":"048168f573c732925dafa6741a62aec0","index":{"url":"z_5cf368818b86873a___init___py.html","file":"pygeodesy/rhumb/__init__.py","description":"","nums":{"precision":0,"n_files":1,"n_statements":10,"n_excluded":0,"n_missing":0,"n_branches":0,"n_partial_branches":0,"n_missing_branches":0}}},"z_5cf368818b86873a_aux__py":{"hash":"cf1174c0618272b99a3aa065789d090a","index":{"url":"z_5cf368818b86873a_aux__py.html","file":"pygeodesy/rhumb/aux_.py","description":"","nums":{"precision":0,"n_files":1,"n_statements":140,"n_excluded":2,"n_missing":6,"n_branches":0,"n_partial_branches":0,"n_missing_branches":0}}},"z_5cf368818b86873a_bases_py":{"hash":"3f121bf99c9df09f1331c2688f410bb4","index":{"url":"z_5cf368818b86873a_bases_py.html","file":"pygeodesy/rhumb/bases.py","description":"","nums":{"precision":0,"n_files":1,"n_statements":373,"n_excluded":116,"n_missing":24,"n_branches":0,"n_partial_branches":0,"n_missing_branches":0}}},"z_5cf368818b86873a_ekx_py":{"hash":"b29134ad10fe765feb5260065f9a4ff1","index":{"url":"z_5cf368818b86873a_ekx_py.html","file":"pygeodesy/rhumb/ekx.py","description":"","nums":{"precision":0,"n_files":1,"n_statements":226,"n_excluded":46,"n_missing":4,"n_branches":0,"n_partial_branches":0,"n_missing_branches":0}}},"z_5cf368818b86873a_solve_py":{"hash":"a2a933ec8f370f597ec2e7f80d8bea92","index":{"url":"z_5cf368818b86873a_solve_py.html","file":"pygeodesy/rhumb/solve.py","description":"","nums":{"precision":0,"n_files":1,"n_statements":100,"n_excluded":67,"n_missing":11,"n_branches":0,"n_partial_branches":0,"n_missing_branches":0}}},"z_4569faf12939b165_simplify_py":{"hash":"89c15c87b0f6e6b037fdde9f59925bf6","index":{"url":"z_4569faf12939b165_simplify_py.html","file":"pygeodesy/simplify.py","description":"","nums":{"precision":0,"n_files":1,"n_statements":226,"n_excluded":3,"n_missing":2,"n_branches":0,"n_partial_branches":0,"n_missing_branches":0}}},"z_4569faf12939b165_solveBase_py":{"hash":"40a6721ba8439333245ca75783d23613","index":{"url":"z_4569faf12939b165_solveBase_py.html","file":"pygeodesy/solveBase.py","description":"","nums":{"precision":0,"n_files":1,"n_statements":247,"n_excluded":41,"n_missing":20,"n_branches":0,"n_partial_branches":0,"n_missing_branches":0}}},"z_4569faf12939b165_sphericalBase_py":{"hash":"5c893447a63538ce2d9026b2d3158729","index":{"url":"z_4569faf12939b165_sphericalBase_py.html","file":"pygeodesy/sphericalBase.py","description":"","nums":{"precision":0,"n_files":1,"n_statements":250,"n_excluded":11,"n_missing":14,"n_branches":0,"n_partial_branches":0,"n_missing_branches":0}}},"z_4569faf12939b165_sphericalNvector_py":{"hash":"09e38a3117b3304480992307b2b83cc0","index":{"url":"z_4569faf12939b165_sphericalNvector_py.html","file":"pygeodesy/sphericalNvector.py","description":"","nums":{"precision":0,"n_files":1,"n_statements":316,"n_excluded":38,"n_missing":27,"n_branches":0,"n_partial_branches":0,"n_missing_branches":0}}},"z_4569faf12939b165_sphericalTrigonometry_py":{"hash":"a80d8c7aee014e46d65ccb91deca3edf","index":{"url":"z_4569faf12939b165_sphericalTrigonometry_py.html","file":"pygeodesy/sphericalTrigonometry.py","description":"","nums":{"precision":0,"n_files":1,"n_statements":386,"n_excluded":71,"n_missing":26,"n_branches":0,"n_partial_branches":0,"n_missing_branches":0}}},"z_4569faf12939b165_streprs_py":{"hash":"715d6900efdc2381b780e491b0d204c2","index":{"url":"z_4569faf12939b165_streprs_py.html","file":"pygeodesy/streprs.py","description":"","nums":{"precision":0,"n_files":1,"n_statements":262,"n_excluded":17,"n_missing":9,"n_branches":0,"n_partial_branches":0,"n_missing_branches":0}}},"z_4569faf12939b165_trf_py":{"hash":"030ee0d7550e777fc566c4bb92232f0d","index":{"url":"z_4569faf12939b165_trf_py.html","file":"pygeodesy/trf.py","description":"","nums":{"precision":0,"n_files":1,"n_statements":620,"n_excluded":63,"n_missing":31,"n_branches":0,"n_partial_branches":0,"n_missing_branches":0}}},"z_4569faf12939b165_triaxials_py":{"hash":"154a737abfd8febc713819025461c9a3","index":{"url":"z_4569faf12939b165_triaxials_py.html","file":"pygeodesy/triaxials.py","description":"","nums":{"precision":0,"n_files":1,"n_statements":591,"n_excluded":38,"n_missing":34,"n_branches":0,"n_partial_branches":0,"n_missing_branches":0}}},"z_4569faf12939b165_units_py":{"hash":"fdde1928a5ace4d96e8f11e25e0c7777","index":{"url":"z_4569faf12939b165_units_py.html","file":"pygeodesy/units.py","description":"","nums":{"precision":0,"n_files":1,"n_statements":300,"n_excluded":12,"n_missing":13,"n_branches":0,"n_partial_branches":0,"n_missing_branches":0}}},"z_4569faf12939b165_unitsBase_py":{"hash":"a43a3ed59af066c59fc4c31f111b1183","index":{"url":"z_4569faf12939b165_unitsBase_py.html","file":"pygeodesy/unitsBase.py","description":"","nums":{"precision":0,"n_files":1,"n_statements":119,"n_excluded":9,"n_missing":6,"n_branches":0,"n_partial_branches":0,"n_missing_branches":0}}},"z_4569faf12939b165_ups_py":{"hash":"4ca0aa060e5dc55ac12dfa2022fffa8f","index":{"url":"z_4569faf12939b165_ups_py.html","file":"pygeodesy/ups.py","description":"","nums":{"precision":0,"n_files":1,"n_statements":162,"n_excluded":10,"n_missing":5,"n_branches":0,"n_partial_branches":0,"n_missing_branches":0}}},"z_4569faf12939b165_utily_py":{"hash":"6c0dfe244882714f698b3da0ce31e3f6","index":{"url":"z_4569faf12939b165_utily_py.html","file":"pygeodesy/utily.py","description":"","nums":{"precision":0,"n_files":1,"n_statements":336,"n_excluded":14,"n_missing":31,"n_branches":0,"n_partial_branches":0,"n_missing_branches":0}}},"z_4569faf12939b165_utm_py":{"hash":"056bae8ac4cb61ae25699cd16d56f9b5","index":{"url":"z_4569faf12939b165_utm_py.html","file":"pygeodesy/utm.py","description":"","nums":{"precision":0,"n_files":1,"n_statements":259,"n_excluded":21,"n_missing":8,"n_branches":0,"n_partial_branches":0,"n_missing_branches":0}}},"z_4569faf12939b165_utmups_py":{"hash":"98ece817919f4da808ec7429ee307e50","index":{"url":"z_4569faf12939b165_utmups_py.html","file":"pygeodesy/utmups.py","description":"","nums":{"precision":0,"n_files":1,"n_statements":86,"n_excluded":13,"n_missing":2,"n_branches":0,"n_partial_branches":0,"n_missing_branches":0}}},"z_4569faf12939b165_utmupsBase_py":{"hash":"a47ab7157e95413cc402591162ee11e0","index":{"url":"z_4569faf12939b165_utmupsBase_py.html","file":"pygeodesy/utmupsBase.py","description":"","nums":{"precision":0,"n_files":1,"n_statements":231,"n_excluded":29,"n_missing":5,"n_branches":0,"n_partial_branches":0,"n_missing_branches":0}}},"z_4569faf12939b165_vector2d_py":{"hash":"e4635f06451f78b8eb2986b2ce8dee05","index":{"url":"z_4569faf12939b165_vector2d_py.html","file":"pygeodesy/vector2d.py","description":"","nums":{"precision":0,"n_files":1,"n_statements":340,"n_excluded":25,"n_missing":8,"n_branches":0,"n_partial_branches":0,"n_missing_branches":0}}},"z_4569faf12939b165_vector3d_py":{"hash":"1febd0e2c09deef9552b302f73b362ad","index":{"url":"z_4569faf12939b165_vector3d_py.html","file":"pygeodesy/vector3d.py","description":"","nums":{"precision":0,"n_files":1,"n_statements":233,"n_excluded":44,"n_missing":8,"n_branches":0,"n_partial_branches":0,"n_missing_branches":0}}},"z_4569faf12939b165_vector3dBase_py":{"hash":"f386ce1ab59eeae85a44cb65af32459d","index":{"url":"z_4569faf12939b165_vector3dBase_py.html","file":"pygeodesy/vector3dBase.py","description":"","nums":{"precision":0,"n_files":1,"n_statements":281,"n_excluded":122,"n_missing":24,"n_branches":0,"n_partial_branches":0,"n_missing_branches":0}}},"z_4569faf12939b165_webmercator_py":{"hash":"85169df85692a3ba66c91486c2456f01","index":{"url":"z_4569faf12939b165_webmercator_py.html","file":"pygeodesy/webmercator.py","description":"","nums":{"precision":0,"n_files":1,"n_statements":126,"n_excluded":18,"n_missing":1,"n_branches":0,"n_partial_branches":0,"n_missing_branches":0}}},"z_4569faf12939b165_wgrs_py":{"hash":"cca45d0850460a5a1b9cd6641a6753ca","index":{"url":"z_4569faf12939b165_wgrs_py.html","file":"pygeodesy/wgrs.py","description":"","nums":{"precision":0,"n_files":1,"n_statements":189,"n_excluded":9,"n_missing":6,"n_branches":0,"n_partial_branches":0,"n_missing_branches":0}}}}}