{"format":1,"version":"4.5.4","settings":"eced78dcec986497d6b8aa1082d9df1b","files":{"pygeodesy___init___py":{"hash":"297b108d6fd34aa3c70f0fbbe7adbe81","index":{"nums":[1,109,0,92,0,0,0],"html_filename":"pygeodesy___init___py.html","relative_filename":"pygeodesy/__init__.py"}},"pygeodesy_bases_py":{"hash":"5e8a06b11dd08d87cbf057a3dc46ce10","index":{"nums":[1,6,0,0,0,0,0],"html_filename":"pygeodesy_bases_py.html","relative_filename":"pygeodesy/bases.py"}},"pygeodesy_cartesianBase_py":{"hash":"92554257fa606b6ee384146a4a4162ce","index":{"nums":[1,106,0,14,0,0,0],"html_filename":"pygeodesy_cartesianBase_py.html","relative_filename":"pygeodesy/cartesianBase.py"}},"pygeodesy_clipy_py":{"hash":"a8e1bae05e3acb0cc49c1abddc90eca4","index":{"nums":[1,205,0,18,0,0,0],"html_filename":"pygeodesy_clipy_py.html","relative_filename":"pygeodesy/clipy.py"}},"pygeodesy_css_py":{"hash":"fa8c1da2d73728774a4241d7b90f4f95","index":{"nums":[1,189,0,27,0,0,0],"html_filename":"pygeodesy_css_py.html","relative_filename":"pygeodesy/css.py"}},"pygeodesy_datum_py":{"hash":"9dc2dd319e3f884a9543803ed5b19268","index":{"nums":[1,434,0,58,0,0,0],"html_filename":"pygeodesy_datum_py.html","relative_filename":"pygeodesy/datum.py"}},"pygeodesy_deprecated_py":{"hash":"d6f4eb32f620fa432a1f23a4cd4366c4","index":{"nums":[1,77,0,18,0,0,0],"html_filename":"pygeodesy_deprecated_py.html","relative_filename":"pygeodesy/deprecated.py"}},"pygeodesy_dms_py":{"hash":"d0e3fe6a5cf3a7982a19b13547ceea5b","index":{"nums":[1,212,0,27,0,0,0],"html_filename":"pygeodesy_dms_py.html","relative_filename":"pygeodesy/dms.py"}},"pygeodesy_ecef_py":{"hash":"37ee16e399052e1acbc400d2061cd4f4","index":{"nums":[1,304,0,31,0,0,0],"html_filename":"pygeodesy_ecef_py.html","relative_filename":"pygeodesy/ecef.py"}},"pygeodesy_elevations_py":{"hash":"92992ec3f578704b56500001c5dd825c","index":{"nums":[1,90,0,69,0,0,0],"html_filename":"pygeodesy_elevations_py.html","relative_filename":"pygeodesy/elevations.py"}},"pygeodesy_ellipsoidalBase_py":{"hash":"db8e2db4c2cb02d21fb42e952ace3c98","index":{"nums":[1,192,0,48,0,0,0],"html_filename":"pygeodesy_ellipsoidalBase_py.html","relative_filename":"pygeodesy/ellipsoidalBase.py"}},"pygeodesy_ellipsoidalKarney_py":{"hash":"19e04bb75fddd07521713b9b9b491fe2","index":{"nums":[1,90,0,5,0,0,0],"html_filename":"pygeodesy_ellipsoidalKarney_py.html","relative_filename":"pygeodesy/ellipsoidalKarney.py"}},"pygeodesy_ellipsoidalNvector_py":{"hash":"bd990162970495a452a2a998753666a5","index":{"nums":[1,159,0,18,0,0,0],"html_filename":"pygeodesy_ellipsoidalNvector_py.html","relative_filename":"pygeodesy/ellipsoidalNvector.py"}},"pygeodesy_ellipsoidalVincenty_py":{"hash":"c5a9bac8b1a8ec7e334b947b70aec382","index":{"nums":[1,154,0,7,0,0,0],"html_filename":"pygeodesy_ellipsoidalVincenty_py.html","relative_filename":"pygeodesy/ellipsoidalVincenty.py"}},"pygeodesy_elliptic_py":{"hash":"21fd5518787fbb767ab10885c9a1bf39","index":{"nums":[1,334,0,97,0,0,0],"html_filename":"pygeodesy_elliptic_py.html","relative_filename":"pygeodesy/elliptic.py"}},"pygeodesy_epsg_py":{"hash":"ad9887ee61b67415f50ff83b14a04840","index":{"nums":[1,97,0,20,0,0,0],"html_filename":"pygeodesy_epsg_py.html","relative_filename":"pygeodesy/epsg.py"}},"pygeodesy_etm_py":{"hash":"f1d53335164db70d0c8fd22704d93446","index":{"nums":[1,364,0,71,0,0,0],"html_filename":"pygeodesy_etm_py.html","relative_filename":"pygeodesy/etm.py"}},"pygeodesy_fmath_py":{"hash":"63e5d4d5c3ea6c9c7b40498eb3f34884","index":{"nums":[1,400,0,104,0,0,0],"html_filename":"pygeodesy_fmath_py.html","relative_filename":"pygeodesy/fmath.py"}},"pygeodesy_formy_py":{"hash":"1e01f0f0f5fe9b6710ac1ae668224c23","index":{"nums":[1,113,0,11,0,0,0],"html_filename":"pygeodesy_formy_py.html","relative_filename":"pygeodesy/formy.py"}},"pygeodesy_frechet_py":{"hash":"0f92d3035acf49e2ca68fb72601f18ea","index":{"nums":[1,179,0,34,0,0,0],"html_filename":"pygeodesy_frechet_py.html","relative_filename":"pygeodesy/frechet.py"}},"pygeodesy_gars_py":{"hash":"48c54a5e206b9eb6658ffabbad2cfbb5","index":{"nums":[1,174,0,39,0,0,0],"html_filename":"pygeodesy_gars_py.html","relative_filename":"pygeodesy/gars.py"}},"pygeodesy_geohash_py":{"hash":"d9653122924261605d9dede2fdbca92e","index":{"nums":[1,252,0,22,0,0,0],"html_filename":"pygeodesy_geohash_py.html","relative_filename":"pygeodesy/geohash.py"}},"pygeodesy_geoids_py":{"hash":"1527f6e63355c5df0592dcf83ec53f7c","index":{"nums":[1,692,0,293,0,0,0],"html_filename":"pygeodesy_geoids_py.html","relative_filename":"pygeodesy/geoids.py"}},"pygeodesy_hausdorff_py":{"hash":"3b48b89ab0eff38b9f27a836a35aac34","index":{"nums":[1,190,0,24,0,0,0],"html_filename":"pygeodesy_hausdorff_py.html","relative_filename":"pygeodesy/hausdorff.py"}},"pygeodesy_heights_py":{"hash":"e64ce2fdca8994fc432c7a4640c94049","index":{"nums":[1,316,0,52,0,0,0],"html_filename":"pygeodesy_heights_py.html","relative_filename":"pygeodesy/heights.py"}},"pygeodesy_latlonBase_py":{"hash":"9b15589fa32627bb3813d3dcdcef4c97","index":{"nums":[1,203,0,22,0,0,0],"html_filename":"pygeodesy_latlonBase_py.html","relative_filename":"pygeodesy/latlonBase.py"}},"pygeodesy_lazily_py":{"hash":"4a7e852be9a5f46449b992383270b259","index":{"nums":[1,117,0,40,0,0,0],"html_filename":"pygeodesy_lazily_py.html","relative_filename":"pygeodesy/lazily.py"}},"pygeodesy_lcc_py":{"hash":"7a4f2f714368134cf71fa4f23e17bcaf","index":{"nums":[1,227,0,28,0,0,0],"html_filename":"pygeodesy_lcc_py.html","relative_filename":"pygeodesy/lcc.py"}},"pygeodesy_mgrs_py":{"hash":"8ad5188a7831a394f64ee410a7e85301","index":{"nums":[1,123,0,19,0,0,0],"html_filename":"pygeodesy_mgrs_py.html","relative_filename":"pygeodesy/mgrs.py"}},"pygeodesy_named_py":{"hash":"44a45bd80621c9b424c2e76f5264116d","index":{"nums":[1,383,0,87,0,0,0],"html_filename":"pygeodesy_named_py.html","relative_filename":"pygeodesy/named.py"}},"pygeodesy_nvector_py":{"hash":"d9c1dfd2653192bc4107e9e764fddd3a","index":{"nums":[1,5,0,0,0,0,0],"html_filename":"pygeodesy_nvector_py.html","relative_filename":"pygeodesy/nvector.py"}},"pygeodesy_nvectorBase_py":{"hash":"779d72eb3d19df09e35173d28909598d","index":{"nums":[1,105,0,15,0,0,0],"html_filename":"pygeodesy_nvectorBase_py.html","relative_filename":"pygeodesy/nvectorBase.py"}},"pygeodesy_osgr_py":{"hash":"53bade9829dea4750919f17244b1b89a","index":{"nums":[1,190,0,21,0,0,0],"html_filename":"pygeodesy_osgr_py.html","relative_filename":"pygeodesy/osgr.py"}},"pygeodesy_points_py":{"hash":"5c643d4c3d7ab7b660ab2960481c0941","index":{"nums":[1,491,0,68,0,0,0],"html_filename":"pygeodesy_points_py.html","relative_filename":"pygeodesy/points.py"}},"pygeodesy_simplify_py":{"hash":"0ce2874f396478a4b75e88c7a5fcdcc2","index":{"nums":[1,223,0,22,0,0,0],"html_filename":"pygeodesy_simplify_py.html","relative_filename":"pygeodesy/simplify.py"}},"pygeodesy_sphericalBase_py":{"hash":"408cb07b07bc72faa1e6ac1d74249dee","index":{"nums":[1,104,0,8,0,0,0],"html_filename":"pygeodesy_sphericalBase_py.html","relative_filename":"pygeodesy/sphericalBase.py"}},"pygeodesy_sphericalNvector_py":{"hash":"be49d9725acccffcba1a45a46543417d","index":{"nums":[1,304,0,23,0,0,0],"html_filename":"pygeodesy_sphericalNvector_py.html","relative_filename":"pygeodesy/sphericalNvector.py"}},"pygeodesy_sphericalTrigonometry_py":{"hash":"3eb4a2234abafeae14b06ec9d6f807ef","index":{"nums":[1,283,0,31,0,0,0],"html_filename":"pygeodesy_sphericalTrigonometry_py.html","relative_filename":"pygeodesy/sphericalTrigonometry.py"}},"pygeodesy_trf_py":{"hash":"8006506966537b7e4420d5ae31893cfd","index":{"nums":[1,87,0,15,0,0,0],"html_filename":"pygeodesy_trf_py.html","relative_filename":"pygeodesy/trf.py"}},"pygeodesy_ups_py":{"hash":"d1201a02687db0899940caaea7ee40b6","index":{"nums":[1,187,0,42,0,0,0],"html_filename":"pygeodesy_ups_py.html","relative_filename":"pygeodesy/ups.py"}},"pygeodesy_utily_py":{"hash":"712707e29f916fa46088e62f81cf1b73","index":{"nums":[1,217,0,40,0,0,0],"html_filename":"pygeodesy_utily_py.html","relative_filename":"pygeodesy/utily.py"}},"pygeodesy_utm_py":{"hash":"8562b749f92ccce2dc10ca5a5e6600fc","index":{"nums":[1,271,0,43,0,0,0],"html_filename":"pygeodesy_utm_py.html","relative_filename":"pygeodesy/utm.py"}},"pygeodesy_utmups_py":{"hash":"d40ada3aa9e8319e0e4fd954f6015dfe","index":{"nums":[1,104,0,13,0,0,0],"html_filename":"pygeodesy_utmups_py.html","relative_filename":"pygeodesy/utmups.py"}},"pygeodesy_utmupsBase_py":{"hash":"bb7fe9591a747e5228a7dec96b4fa65b","index":{"nums":[1,130,0,9,0,0,0],"html_filename":"pygeodesy_utmupsBase_py.html","relative_filename":"pygeodesy/utmupsBase.py"}},"pygeodesy_vector3d_py":{"hash":"9e11d554faeefb46b92bc5c489fcc78f","index":{"nums":[1,228,0,53,0,0,0],"html_filename":"pygeodesy_vector3d_py.html","relative_filename":"pygeodesy/vector3d.py"}},"pygeodesy_webmercator_py":{"hash":"dbf2c00f297a8ed3b1ca4012ebc41acb","index":{"nums":[1,106,0,23,0,0,0],"html_filename":"pygeodesy_webmercator_py.html","relative_filename":"pygeodesy/webmercator.py"}},"pygeodesy_wgrs_py":{"hash":"caff90516b0bb049aa0e2b94aa78210e","index":{"nums":[1,227,0,45,0,0,0],"html_filename":"pygeodesy_wgrs_py.html","relative_filename":"pygeodesy/wgrs.py"}}}}