{"format":1,"version":"4.5.4","settings":"df36c8f6d37159850732077d3f740b29","files":{"pygeodesy___init___py":{"hash":"f9170b51e51c03dd1c917d80b26916ff","index":{"nums":[1,128,3,4,0,0,0],"html_filename":"pygeodesy___init___py.html","relative_filename":"pygeodesy/__init__.py"}},"pygeodesy_albers_py":{"hash":"3ecfe4213e7480382217b3e65465dd1b","index":{"nums":[1,379,6,17,0,0,0],"html_filename":"pygeodesy_albers_py.html","relative_filename":"pygeodesy/albers.py"}},"pygeodesy_azimuthal_py":{"hash":"450bc81d235ce694061e13fa08ae8817","index":{"nums":[1,283,12,10,0,0,0],"html_filename":"pygeodesy_azimuthal_py.html","relative_filename":"pygeodesy/azimuthal.py"}},"pygeodesy_basics_py":{"hash":"c32cd95170f6df2fbaebf75cce2de19e","index":{"nums":[1,138,29,5,0,0,0],"html_filename":"pygeodesy_basics_py.html","relative_filename":"pygeodesy/basics.py"}},"pygeodesy_cartesianBase_py":{"hash":"f090f4301dd55bd68c4d120e48fd2161","index":{"nums":[1,142,9,6,0,0,0],"html_filename":"pygeodesy_cartesianBase_py.html","relative_filename":"pygeodesy/cartesianBase.py"}},"pygeodesy_clipy_py":{"hash":"13047562691f0bbad6ca83b2bbd642a1","index":{"nums":[1,242,16,15,0,0,0],"html_filename":"pygeodesy_clipy_py.html","relative_filename":"pygeodesy/clipy.py"}},"pygeodesy_css_py":{"hash":"48346f269f65189592436014b9174a6b","index":{"nums":[1,204,0,7,0,0,0],"html_filename":"pygeodesy_css_py.html","relative_filename":"pygeodesy/css.py"}},"pygeodesy_datums_py":{"hash":"be8bf32c13e4543e9734fe182c60e887","index":{"nums":[1,148,7,7,0,0,0],"html_filename":"pygeodesy_datums_py.html","relative_filename":"pygeodesy/datums.py"}},"pygeodesy_deprecated___init___py":{"hash":"0f4522c84e0d606904a4ee46359efce9","index":{"nums":[1,99,40,0,0,0,0],"html_filename":"pygeodesy_deprecated___init___py.html","relative_filename":"pygeodesy/deprecated/__init__.py"}},"pygeodesy_deprecated_bases_py":{"hash":"87fca093f21ecff086e79c5a7d699cdc","index":{"nums":[1,6,0,0,0,0,0],"html_filename":"pygeodesy_deprecated_bases_py.html","relative_filename":"pygeodesy/deprecated/bases.py"}},"pygeodesy_deprecated_datum_py":{"hash":"d3f9f50f75e97ff7491560c23ae22eee","index":{"nums":[1,5,0,0,0,0,0],"html_filename":"pygeodesy_deprecated_datum_py.html","relative_filename":"pygeodesy/deprecated/datum.py"}},"pygeodesy_deprecated_nvector_py":{"hash":"666f2e3d423d6e623fcf4b222d848cf9","index":{"nums":[1,8,0,0,0,0,0],"html_filename":"pygeodesy_deprecated_nvector_py.html","relative_filename":"pygeodesy/deprecated/nvector.py"}},"pygeodesy_dms_py":{"hash":"2b0ce5a0ef86a39271ed6063c0ef4220","index":{"nums":[1,268,7,7,0,0,0],"html_filename":"pygeodesy_dms_py.html","relative_filename":"pygeodesy/dms.py"}},"pygeodesy_ecef_py":{"hash":"32029eacdec199028706bb3b54c4d32a","index":{"nums":[1,391,25,15,0,0,0],"html_filename":"pygeodesy_ecef_py.html","relative_filename":"pygeodesy/ecef.py"}},"pygeodesy_elevations_py":{"hash":"2c9d514836cacb07108df2e7c02efe70","index":{"nums":[1,78,23,4,0,0,0],"html_filename":"pygeodesy_elevations_py.html","relative_filename":"pygeodesy/elevations.py"}},"pygeodesy_ellipsoidalBase_py":{"hash":"8feee88563dca62f9a83073e7970db48","index":{"nums":[1,323,20,15,0,0,0],"html_filename":"pygeodesy_ellipsoidalBase_py.html","relative_filename":"pygeodesy/ellipsoidalBase.py"}},"pygeodesy_ellipsoidalKarney_py":{"hash":"47f0db138cebdca1a90ed35784167a85","index":{"nums":[1,97,5,0,0,0,0],"html_filename":"pygeodesy_ellipsoidalKarney_py.html","relative_filename":"pygeodesy/ellipsoidalKarney.py"}},"pygeodesy_ellipsoidalNvector_py":{"hash":"8c3a9f0ae2f152b49e3b99c24c2160cd","index":{"nums":[1,178,6,4,0,0,0],"html_filename":"pygeodesy_ellipsoidalNvector_py.html","relative_filename":"pygeodesy/ellipsoidalNvector.py"}},"pygeodesy_ellipsoidalVincenty_py":{"hash":"0c56a707a8b53bae4c132e70c71c2ace","index":{"nums":[1,164,16,8,0,0,0],"html_filename":"pygeodesy_ellipsoidalVincenty_py.html","relative_filename":"pygeodesy/ellipsoidalVincenty.py"}},"pygeodesy_ellipsoids_py":{"hash":"b17259d2e231453caccb061023603551","index":{"nums":[1,620,22,14,0,0,0],"html_filename":"pygeodesy_ellipsoids_py.html","relative_filename":"pygeodesy/ellipsoids.py"}},"pygeodesy_elliptic_py":{"hash":"909fc460a1a19ae21bc552597bef605c","index":{"nums":[1,358,25,10,0,0,0],"html_filename":"pygeodesy_elliptic_py.html","relative_filename":"pygeodesy/elliptic.py"}},"pygeodesy_epsg_py":{"hash":"4aa3f7fc0916a78cb4f0363ca50154f0","index":{"nums":[1,101,5,4,0,0,0],"html_filename":"pygeodesy_epsg_py.html","relative_filename":"pygeodesy/epsg.py"}},"pygeodesy_errors_py":{"hash":"f79a6e539defaef034cc9cb29c77d919","index":{"nums":[1,202,19,7,0,0,0],"html_filename":"pygeodesy_errors_py.html","relative_filename":"pygeodesy/errors.py"}},"pygeodesy_etm_py":{"hash":"c66503fdf00180199fd47d730eb47685","index":{"nums":[1,367,6,22,0,0,0],"html_filename":"pygeodesy_etm_py.html","relative_filename":"pygeodesy/etm.py"}},"pygeodesy_fmath_py":{"hash":"84e745db6435169b8b3ae855bd86e9cf","index":{"nums":[1,291,46,7,0,0,0],"html_filename":"pygeodesy_fmath_py.html","relative_filename":"pygeodesy/fmath.py"}},"pygeodesy_formy_py":{"hash":"a2f3997ad8a322fee3b4aade22a021c6","index":{"nums":[1,282,7,3,0,0,0],"html_filename":"pygeodesy_formy_py.html","relative_filename":"pygeodesy/formy.py"}},"pygeodesy_frechet_py":{"hash":"45dfc6f7f1ac1e130e31a90a779cb09e","index":{"nums":[1,279,52,8,0,0,0],"html_filename":"pygeodesy_frechet_py.html","relative_filename":"pygeodesy/frechet.py"}},"pygeodesy_gars_py":{"hash":"4ee19d7eb24e188f3f44faa432d1353d","index":{"nums":[1,160,8,6,0,0,0],"html_filename":"pygeodesy_gars_py.html","relative_filename":"pygeodesy/gars.py"}},"pygeodesy_geohash_py":{"hash":"1e964eb1fa1fb7b75d98f4fd9d78b316","index":{"nums":[1,254,17,7,0,0,0],"html_filename":"pygeodesy_geohash_py.html","relative_filename":"pygeodesy/geohash.py"}},"pygeodesy_geoids_py":{"hash":"ed14b93a8317a9b63a3dc828ab17e200","index":{"nums":[1,665,81,40,0,0,0],"html_filename":"pygeodesy_geoids_py.html","relative_filename":"pygeodesy/geoids.py"}},"pygeodesy_hausdorff_py":{"hash":"38f3daf26d2e8fea1c7c3a6ea5176b69","index":{"nums":[1,260,59,7,0,0,0],"html_filename":"pygeodesy_hausdorff_py.html","relative_filename":"pygeodesy/hausdorff.py"}},"pygeodesy_heights_py":{"hash":"3d890de5e73ee6e547bd19b7e47367f4","index":{"nums":[1,362,73,16,0,0,0],"html_filename":"pygeodesy_heights_py.html","relative_filename":"pygeodesy/heights.py"}},"pygeodesy_interns_py":{"hash":"bce8d05ca9e94c1652dcc16d0ed8bccb","index":{"nums":[1,233,6,6,0,0,0],"html_filename":"pygeodesy_interns_py.html","relative_filename":"pygeodesy/interns.py"}},"pygeodesy_karney_py":{"hash":"39211ce5e0ea0c087f628cce1cdf3afe","index":{"nums":[1,132,0,6,0,0,0],"html_filename":"pygeodesy_karney_py.html","relative_filename":"pygeodesy/karney.py"}},"pygeodesy_latlonBase_py":{"hash":"138eb6762cd493dc35c8b3fc48e1e4d2","index":{"nums":[1,268,38,6,0,0,0],"html_filename":"pygeodesy_latlonBase_py.html","relative_filename":"pygeodesy/latlonBase.py"}},"pygeodesy_lazily_py":{"hash":"3be6b5408153bba8c275840596aed5a2","index":{"nums":[1,113,19,6,0,0,0],"html_filename":"pygeodesy_lazily_py.html","relative_filename":"pygeodesy/lazily.py"}},"pygeodesy_lcc_py":{"hash":"0c3489c0beae9f60011662a3ad2d2ac7","index":{"nums":[1,258,13,6,0,0,0],"html_filename":"pygeodesy_lcc_py.html","relative_filename":"pygeodesy/lcc.py"}},"pygeodesy_mgrs_py":{"hash":"b4d4a4c6248267a60f9976a50579bf31","index":{"nums":[1,142,4,3,0,0,0],"html_filename":"pygeodesy_mgrs_py.html","relative_filename":"pygeodesy/mgrs.py"}},"pygeodesy_named_py":{"hash":"3ddec231285fe318d25893bd52d5fedf","index":{"nums":[1,342,51,18,0,0,0],"html_filename":"pygeodesy_named_py.html","relative_filename":"pygeodesy/named.py"}},"pygeodesy_namedTuples_py":{"hash":"0d847f7da18a126a9a92404a1e765c24","index":{"nums":[1,110,1,1,0,0,0],"html_filename":"pygeodesy_namedTuples_py.html","relative_filename":"pygeodesy/namedTuples.py"}},"pygeodesy_nvectorBase_py":{"hash":"75cb10171deda1d0c2156a752399c3c5","index":{"nums":[1,232,21,7,0,0,0],"html_filename":"pygeodesy_nvectorBase_py.html","relative_filename":"pygeodesy/nvectorBase.py"}},"pygeodesy_osgr_py":{"hash":"315b3a6607872eb2d102dbf8302b7bce","index":{"nums":[1,210,9,12,0,0,0],"html_filename":"pygeodesy_osgr_py.html","relative_filename":"pygeodesy/osgr.py"}},"pygeodesy_points_py":{"hash":"ff591fc5c69fcddc64d02259fcd03476","index":{"nums":[1,526,43,30,0,0,0],"html_filename":"pygeodesy_points_py.html","relative_filename":"pygeodesy/points.py"}},"pygeodesy_simplify_py":{"hash":"d24a1e8839b611a3deb3141b35017950","index":{"nums":[1,224,3,4,0,0,0],"html_filename":"pygeodesy_simplify_py.html","relative_filename":"pygeodesy/simplify.py"}},"pygeodesy_sphericalBase_py":{"hash":"6fd50340ea9bf9729fc853ce7be14709","index":{"nums":[1,146,6,9,0,0,0],"html_filename":"pygeodesy_sphericalBase_py.html","relative_filename":"pygeodesy/sphericalBase.py"}},"pygeodesy_sphericalNvector_py":{"hash":"b830c657f4b112e4395e5533f80f2fa7","index":{"nums":[1,259,17,13,0,0,0],"html_filename":"pygeodesy_sphericalNvector_py.html","relative_filename":"pygeodesy/sphericalNvector.py"}},"pygeodesy_sphericalTrigonometry_py":{"hash":"a6dd6722b2579b95d5f9ceadd64ff068","index":{"nums":[1,325,35,15,0,0,0],"html_filename":"pygeodesy_sphericalTrigonometry_py.html","relative_filename":"pygeodesy/sphericalTrigonometry.py"}},"pygeodesy_streprs_py":{"hash":"d3d8824c184d8c6ab5eba9ddcbee7af8","index":{"nums":[1,104,5,1,0,0,0],"html_filename":"pygeodesy_streprs_py.html","relative_filename":"pygeodesy/streprs.py"}},"pygeodesy_trf_py":{"hash":"c19476633f068d22d525aab435873f8e","index":{"nums":[1,105,9,2,0,0,0],"html_filename":"pygeodesy_trf_py.html","relative_filename":"pygeodesy/trf.py"}},"pygeodesy_units_py":{"hash":"920ee68823f72694568b3b4774b48e66","index":{"nums":[1,317,19,16,0,0,0],"html_filename":"pygeodesy_units_py.html","relative_filename":"pygeodesy/units.py"}},"pygeodesy_ups_py":{"hash":"4756c6a4f7898fa02fae0e0bf5239579","index":{"nums":[1,176,5,7,0,0,0],"html_filename":"pygeodesy_ups_py.html","relative_filename":"pygeodesy/ups.py"}},"pygeodesy_utily_py":{"hash":"3b84c3b0a3baf11dc0e21222458e64f5","index":{"nums":[1,157,3,4,0,0,0],"html_filename":"pygeodesy_utily_py.html","relative_filename":"pygeodesy/utily.py"}},"pygeodesy_utm_py":{"hash":"92fe53d5aad81850f0bfd9ef396ef850","index":{"nums":[1,255,14,7,0,0,0],"html_filename":"pygeodesy_utm_py.html","relative_filename":"pygeodesy/utm.py"}},"pygeodesy_utmups_py":{"hash":"e462b151297e031185bbabbc500b1048","index":{"nums":[1,97,4,5,0,0,0],"html_filename":"pygeodesy_utmups_py.html","relative_filename":"pygeodesy/utmups.py"}},"pygeodesy_utmupsBase_py":{"hash":"a5342c349302e0873a56605b3d93ebd2","index":{"nums":[1,217,12,11,0,0,0],"html_filename":"pygeodesy_utmupsBase_py.html","relative_filename":"pygeodesy/utmupsBase.py"}},"pygeodesy_vector3d_py":{"hash":"852955b64aa4acf6f8831aaccc8d5fe1","index":{"nums":[1,376,34,20,0,0,0],"html_filename":"pygeodesy_vector3d_py.html","relative_filename":"pygeodesy/vector3d.py"}},"pygeodesy_webmercator_py":{"hash":"5cdb61029dfe7a4827ef68e482c512e3","index":{"nums":[1,128,7,1,0,0,0],"html_filename":"pygeodesy_webmercator_py.html","relative_filename":"pygeodesy/webmercator.py"}},"pygeodesy_wgrs_py":{"hash":"6f3b714d7f66644423790aa73c6c9d1b","index":{"nums":[1,205,5,8,0,0,0],"html_filename":"pygeodesy_wgrs_py.html","relative_filename":"pygeodesy/wgrs.py"}}}}