{"format":1,"version":"4.5.4","settings":"c416d388d098806eda87ad793b9e7f28","files":{"pygeodesy___init___py":{"hash":"848d4f889ecf028894ec0ba098831039","index":{"nums":[1,121,3,3,0,0,0],"html_filename":"pygeodesy___init___py.html","relative_filename":"pygeodesy/__init__.py"}},"pygeodesy_azimuthal_py":{"hash":"89b3be6a54db1ba3c03be57e43a30d44","index":{"nums":[1,273,12,12,0,0,0],"html_filename":"pygeodesy_azimuthal_py.html","relative_filename":"pygeodesy/azimuthal.py"}},"pygeodesy_bases_py":{"hash":"0e9da6f8f421164aef4ddbeed8bfd5eb","index":{"nums":[1,6,0,0,0,0,0],"html_filename":"pygeodesy_bases_py.html","relative_filename":"pygeodesy/bases.py"}},"pygeodesy_basics_py":{"hash":"f7410afc13164ebb48970e8970f450b4","index":{"nums":[1,130,29,2,0,0,0],"html_filename":"pygeodesy_basics_py.html","relative_filename":"pygeodesy/basics.py"}},"pygeodesy_cartesianBase_py":{"hash":"affa69e15af9b1adb2d4d7cd79dabd21","index":{"nums":[1,128,9,6,0,0,0],"html_filename":"pygeodesy_cartesianBase_py.html","relative_filename":"pygeodesy/cartesianBase.py"}},"pygeodesy_clipy_py":{"hash":"2b2934e7adcd1c2f25f6f15956191fb3","index":{"nums":[1,239,16,15,0,0,0],"html_filename":"pygeodesy_clipy_py.html","relative_filename":"pygeodesy/clipy.py"}},"pygeodesy_css_py":{"hash":"be9edd4395b7e6858a7e24e04d1b5526","index":{"nums":[1,192,0,7,0,0,0],"html_filename":"pygeodesy_css_py.html","relative_filename":"pygeodesy/css.py"}},"pygeodesy_datum_py":{"hash":"d8fe06bff405d7525ec846aa01d55200","index":{"nums":[1,449,26,9,0,0,0],"html_filename":"pygeodesy_datum_py.html","relative_filename":"pygeodesy/datum.py"}},"pygeodesy_deprecated_py":{"hash":"918af15405d8c1adea5f3f284f1709a4","index":{"nums":[1,96,40,0,0,0,0],"html_filename":"pygeodesy_deprecated_py.html","relative_filename":"pygeodesy/deprecated.py"}},"pygeodesy_dms_py":{"hash":"0bac32e68ab7e0c0fc635417e56281fe","index":{"nums":[1,266,7,7,0,0,0],"html_filename":"pygeodesy_dms_py.html","relative_filename":"pygeodesy/dms.py"}},"pygeodesy_ecef_py":{"hash":"54901ec27da93732f47be8b0f0ed2804","index":{"nums":[1,356,26,13,0,0,0],"html_filename":"pygeodesy_ecef_py.html","relative_filename":"pygeodesy/ecef.py"}},"pygeodesy_elevations_py":{"hash":"e8d3c2b839be9b293e248d65c9e520fc","index":{"nums":[1,83,23,4,0,0,0],"html_filename":"pygeodesy_elevations_py.html","relative_filename":"pygeodesy/elevations.py"}},"pygeodesy_ellipsoidalBase_py":{"hash":"e2d8e64f2e929748066ac7aca77b5177","index":{"nums":[1,255,18,11,0,0,0],"html_filename":"pygeodesy_ellipsoidalBase_py.html","relative_filename":"pygeodesy/ellipsoidalBase.py"}},"pygeodesy_ellipsoidalKarney_py":{"hash":"e344c356f625dee7c3f3f0f257e67caf","index":{"nums":[1,82,5,0,0,0,0],"html_filename":"pygeodesy_ellipsoidalKarney_py.html","relative_filename":"pygeodesy/ellipsoidalKarney.py"}},"pygeodesy_ellipsoidalNvector_py":{"hash":"1759878e22c22c7c593dc6d85bbf2cc0","index":{"nums":[1,171,6,5,0,0,0],"html_filename":"pygeodesy_ellipsoidalNvector_py.html","relative_filename":"pygeodesy/ellipsoidalNvector.py"}},"pygeodesy_ellipsoidalVincenty_py":{"hash":"c04cc0bc0e53acc6bae5e9c44f04f1de","index":{"nums":[1,150,16,2,0,0,0],"html_filename":"pygeodesy_ellipsoidalVincenty_py.html","relative_filename":"pygeodesy/ellipsoidalVincenty.py"}},"pygeodesy_elliptic_py":{"hash":"f28c6fe7c3aeff9903afcad3ed67bfad","index":{"nums":[1,341,25,11,0,0,0],"html_filename":"pygeodesy_elliptic_py.html","relative_filename":"pygeodesy/elliptic.py"}},"pygeodesy_epsg_py":{"hash":"e140c7ebb1bef812f7b77e664087e614","index":{"nums":[1,95,5,3,0,0,0],"html_filename":"pygeodesy_epsg_py.html","relative_filename":"pygeodesy/epsg.py"}},"pygeodesy_errors_py":{"hash":"1ea601f50218c658f320e68b01be4f3c","index":{"nums":[1,182,18,7,0,0,0],"html_filename":"pygeodesy_errors_py.html","relative_filename":"pygeodesy/errors.py"}},"pygeodesy_etm_py":{"hash":"2bc642bfe52e7c95ffb49859e0a69e4c","index":{"nums":[1,357,6,21,0,0,0],"html_filename":"pygeodesy_etm_py.html","relative_filename":"pygeodesy/etm.py"}},"pygeodesy_fmath_py":{"hash":"ad640e07313666390a9f936251626f3a","index":{"nums":[1,269,46,6,0,0,0],"html_filename":"pygeodesy_fmath_py.html","relative_filename":"pygeodesy/fmath.py"}},"pygeodesy_formy_py":{"hash":"9bc4a0397ae12f4179fe5dcc08884886","index":{"nums":[1,291,7,3,0,0,0],"html_filename":"pygeodesy_formy_py.html","relative_filename":"pygeodesy/formy.py"}},"pygeodesy_frechet_py":{"hash":"48e78838cf50d3081d442fc67ba72f48","index":{"nums":[1,257,53,7,0,0,0],"html_filename":"pygeodesy_frechet_py.html","relative_filename":"pygeodesy/frechet.py"}},"pygeodesy_gars_py":{"hash":"2ffa14683be3d03b7d6153eefc8425b9","index":{"nums":[1,156,8,6,0,0,0],"html_filename":"pygeodesy_gars_py.html","relative_filename":"pygeodesy/gars.py"}},"pygeodesy_geohash_py":{"hash":"4674cb63ada7929fcb87084fa845642c","index":{"nums":[1,240,17,7,0,0,0],"html_filename":"pygeodesy_geohash_py.html","relative_filename":"pygeodesy/geohash.py"}},"pygeodesy_geoids_py":{"hash":"5ca69dd8aa0360e9c4047986cc40a2b1","index":{"nums":[1,644,80,40,0,0,0],"html_filename":"pygeodesy_geoids_py.html","relative_filename":"pygeodesy/geoids.py"}},"pygeodesy_hausdorff_py":{"hash":"e0e74daa1cf0af6e8d239d137c311204","index":{"nums":[1,245,60,7,0,0,0],"html_filename":"pygeodesy_hausdorff_py.html","relative_filename":"pygeodesy/hausdorff.py"}},"pygeodesy_heights_py":{"hash":"1fde50d54df584cee0771faa8f2909dd","index":{"nums":[1,352,73,15,0,0,0],"html_filename":"pygeodesy_heights_py.html","relative_filename":"pygeodesy/heights.py"}},"pygeodesy_interns_py":{"hash":"a81c54e205facd08e7ac4a0756deae29","index":{"nums":[1,174,0,6,0,0,0],"html_filename":"pygeodesy_interns_py.html","relative_filename":"pygeodesy/interns.py"}},"pygeodesy_karney_py":{"hash":"bdc4eb98d57570dc6469ffbc26e2cf5f","index":{"nums":[1,115,0,4,0,0,0],"html_filename":"pygeodesy_karney_py.html","relative_filename":"pygeodesy/karney.py"}},"pygeodesy_latlonBase_py":{"hash":"3b7d56bf2ee1e3cbef54d4846a72f967","index":{"nums":[1,214,37,1,0,0,0],"html_filename":"pygeodesy_latlonBase_py.html","relative_filename":"pygeodesy/latlonBase.py"}},"pygeodesy_lazily_py":{"hash":"b76b2d7ece6439c4d876bdc7ec9caf0a","index":{"nums":[1,104,19,5,0,0,0],"html_filename":"pygeodesy_lazily_py.html","relative_filename":"pygeodesy/lazily.py"}},"pygeodesy_lcc_py":{"hash":"a14200896235d82cc80e84fbedc33744","index":{"nums":[1,237,13,7,0,0,0],"html_filename":"pygeodesy_lcc_py.html","relative_filename":"pygeodesy/lcc.py"}},"pygeodesy_mgrs_py":{"hash":"3ea07b973282ec5135c8b24600207114","index":{"nums":[1,133,4,3,0,0,0],"html_filename":"pygeodesy_mgrs_py.html","relative_filename":"pygeodesy/mgrs.py"}},"pygeodesy_named_py":{"hash":"3128f5b24d5f519afa4efcaed89d6ba9","index":{"nums":[1,351,55,18,0,0,0],"html_filename":"pygeodesy_named_py.html","relative_filename":"pygeodesy/named.py"}},"pygeodesy_nvector_py":{"hash":"dc7e8251bcb638e0d04956ce768063bc","index":{"nums":[1,6,0,0,0,0,0],"html_filename":"pygeodesy_nvector_py.html","relative_filename":"pygeodesy/nvector.py"}},"pygeodesy_nvectorBase_py":{"hash":"7a8108116a83f938e755a7793847b762","index":{"nums":[1,140,16,3,0,0,0],"html_filename":"pygeodesy_nvectorBase_py.html","relative_filename":"pygeodesy/nvectorBase.py"}},"pygeodesy_osgr_py":{"hash":"31c3031ba7ef66f674a4784d5899dbc0","index":{"nums":[1,204,8,9,0,0,0],"html_filename":"pygeodesy_osgr_py.html","relative_filename":"pygeodesy/osgr.py"}},"pygeodesy_points_py":{"hash":"43b637d103b0d9d46a86c64b4f333ec8","index":{"nums":[1,499,43,26,0,0,0],"html_filename":"pygeodesy_points_py.html","relative_filename":"pygeodesy/points.py"}},"pygeodesy_simplify_py":{"hash":"6cb84773d9e6908fd90f534beb0cc2e0","index":{"nums":[1,224,3,4,0,0,0],"html_filename":"pygeodesy_simplify_py.html","relative_filename":"pygeodesy/simplify.py"}},"pygeodesy_sphericalBase_py":{"hash":"d8975993b16dc2986f74aa53960f71fa","index":{"nums":[1,143,7,5,0,0,0],"html_filename":"pygeodesy_sphericalBase_py.html","relative_filename":"pygeodesy/sphericalBase.py"}},"pygeodesy_sphericalNvector_py":{"hash":"baa6051913c46a5b1a4102a1178f1a1b","index":{"nums":[1,301,20,11,0,0,0],"html_filename":"pygeodesy_sphericalNvector_py.html","relative_filename":"pygeodesy/sphericalNvector.py"}},"pygeodesy_sphericalTrigonometry_py":{"hash":"8e663002a07118c5de69f4c0370cf79e","index":{"nums":[1,314,33,13,0,0,0],"html_filename":"pygeodesy_sphericalTrigonometry_py.html","relative_filename":"pygeodesy/sphericalTrigonometry.py"}},"pygeodesy_streprs_py":{"hash":"11f5bacb9282edb853b23caaacf1da35","index":{"nums":[1,98,5,2,0,0,0],"html_filename":"pygeodesy_streprs_py.html","relative_filename":"pygeodesy/streprs.py"}},"pygeodesy_trf_py":{"hash":"3e1ed630aee0414ccdddea6cc946987b","index":{"nums":[1,99,17,2,0,0,0],"html_filename":"pygeodesy_trf_py.html","relative_filename":"pygeodesy/trf.py"}},"pygeodesy_units_py":{"hash":"276edc16606040f2faf892d79e0dd0a6","index":{"nums":[1,223,13,10,0,0,0],"html_filename":"pygeodesy_units_py.html","relative_filename":"pygeodesy/units.py"}},"pygeodesy_ups_py":{"hash":"3186cd3b9e963c8db6840be6daaf03c8","index":{"nums":[1,167,5,7,0,0,0],"html_filename":"pygeodesy_ups_py.html","relative_filename":"pygeodesy/ups.py"}},"pygeodesy_utily_py":{"hash":"1b74926577de16c4011e323464353b29","index":{"nums":[1,149,3,4,0,0,0],"html_filename":"pygeodesy_utily_py.html","relative_filename":"pygeodesy/utily.py"}},"pygeodesy_utm_py":{"hash":"566989bd8f4a34ced311003ac37c3d9e","index":{"nums":[1,248,14,6,0,0,0],"html_filename":"pygeodesy_utm_py.html","relative_filename":"pygeodesy/utm.py"}},"pygeodesy_utmups_py":{"hash":"c29913d09075d4de17010e8daa0d6e34","index":{"nums":[1,97,4,5,0,0,0],"html_filename":"pygeodesy_utmups_py.html","relative_filename":"pygeodesy/utmups.py"}},"pygeodesy_utmupsBase_py":{"hash":"3e8899f5d7c0203b472888a8e77b2a57","index":{"nums":[1,204,12,11,0,0,0],"html_filename":"pygeodesy_utmupsBase_py.html","relative_filename":"pygeodesy/utmupsBase.py"}},"pygeodesy_vector3d_py":{"hash":"28d2279398b50b5074a38f76b72e0967","index":{"nums":[1,251,27,13,0,0,0],"html_filename":"pygeodesy_vector3d_py.html","relative_filename":"pygeodesy/vector3d.py"}},"pygeodesy_webmercator_py":{"hash":"67e9d5509eb5ed9ce0d957c27f2749fd","index":{"nums":[1,123,7,1,0,0,0],"html_filename":"pygeodesy_webmercator_py.html","relative_filename":"pygeodesy/webmercator.py"}},"pygeodesy_wgrs_py":{"hash":"0b4269f31cf29bd6249f4b8a2002ad6e","index":{"nums":[1,200,5,8,0,0,0],"html_filename":"pygeodesy_wgrs_py.html","relative_filename":"pygeodesy/wgrs.py"}}}}