{"format":1,"version":"4.5.4","settings":"4e92e6d8ca92ac0d380cd5516c4f82cd","files":{"pygeodesy___init___py":{"hash":"4cbf925fd5df9563260817cd4bf1821f","index":{"nums":[1,113,3,3,0,0,0],"html_filename":"pygeodesy___init___py.html","relative_filename":"pygeodesy/__init__.py"}},"pygeodesy_bases_py":{"hash":"596b5e3e8befc65af13ec19f5e492823","index":{"nums":[1,6,0,0,0,0,0],"html_filename":"pygeodesy_bases_py.html","relative_filename":"pygeodesy/bases.py"}},"pygeodesy_basics_py":{"hash":"aad2ba5fac9c0d16db8c69d755c455d7","index":{"nums":[1,198,34,8,0,0,0],"html_filename":"pygeodesy_basics_py.html","relative_filename":"pygeodesy/basics.py"}},"pygeodesy_cartesianBase_py":{"hash":"3eb70b106573de5ebd4d5d7a3fc86c54","index":{"nums":[1,119,9,6,0,0,0],"html_filename":"pygeodesy_cartesianBase_py.html","relative_filename":"pygeodesy/cartesianBase.py"}},"pygeodesy_clipy_py":{"hash":"3360b99aded37cff410f6dc0472103b9","index":{"nums":[1,195,13,10,0,0,0],"html_filename":"pygeodesy_clipy_py.html","relative_filename":"pygeodesy/clipy.py"}},"pygeodesy_css_py":{"hash":"257db9275f8ad0b93cba77417d261fa6","index":{"nums":[1,179,1,7,0,0,0],"html_filename":"pygeodesy_css_py.html","relative_filename":"pygeodesy/css.py"}},"pygeodesy_datum_py":{"hash":"90ca18472847d817279529c5053396e7","index":{"nums":[1,418,26,8,0,0,0],"html_filename":"pygeodesy_datum_py.html","relative_filename":"pygeodesy/datum.py"}},"pygeodesy_deprecated_py":{"hash":"73797050d85e156bdec79e876ef87cd8","index":{"nums":[1,96,8,4,0,0,0],"html_filename":"pygeodesy_deprecated_py.html","relative_filename":"pygeodesy/deprecated.py"}},"pygeodesy_dms_py":{"hash":"eac0020e5ea0e9681b9ffc6d7658293f","index":{"nums":[1,204,10,10,0,0,0],"html_filename":"pygeodesy_dms_py.html","relative_filename":"pygeodesy/dms.py"}},"pygeodesy_ecef_py":{"hash":"affebf92516be0c876e6389f1a754379","index":{"nums":[1,315,19,17,0,0,0],"html_filename":"pygeodesy_ecef_py.html","relative_filename":"pygeodesy/ecef.py"}},"pygeodesy_elevations_py":{"hash":"b1feb7164527bb6e533771b84443e05e","index":{"nums":[1,73,20,5,0,0,0],"html_filename":"pygeodesy_elevations_py.html","relative_filename":"pygeodesy/elevations.py"}},"pygeodesy_ellipsoidalBase_py":{"hash":"9f8aa77f14c5ff5494c42de674e3c725","index":{"nums":[1,179,7,12,0,0,0],"html_filename":"pygeodesy_ellipsoidalBase_py.html","relative_filename":"pygeodesy/ellipsoidalBase.py"}},"pygeodesy_ellipsoidalKarney_py":{"hash":"ede06f743a5ff47ddb2d944da52dafcd","index":{"nums":[1,76,5,0,0,0,0],"html_filename":"pygeodesy_ellipsoidalKarney_py.html","relative_filename":"pygeodesy/ellipsoidalKarney.py"}},"pygeodesy_ellipsoidalNvector_py":{"hash":"8aaadf8d5c370a8242d725e4128068ce","index":{"nums":[1,162,6,5,0,0,0],"html_filename":"pygeodesy_ellipsoidalNvector_py.html","relative_filename":"pygeodesy/ellipsoidalNvector.py"}},"pygeodesy_ellipsoidalVincenty_py":{"hash":"47eee771f1a48ba48c25b208a41aa753","index":{"nums":[1,142,16,2,0,0,0],"html_filename":"pygeodesy_ellipsoidalVincenty_py.html","relative_filename":"pygeodesy/ellipsoidalVincenty.py"}},"pygeodesy_elliptic_py":{"hash":"59d36b88e13b3aaaed587a133c2db97f","index":{"nums":[1,339,25,9,0,0,0],"html_filename":"pygeodesy_elliptic_py.html","relative_filename":"pygeodesy/elliptic.py"}},"pygeodesy_epsg_py":{"hash":"d582cfa3ba933911aa610a9f4ada6e47","index":{"nums":[1,92,5,4,0,0,0],"html_filename":"pygeodesy_epsg_py.html","relative_filename":"pygeodesy/epsg.py"}},"pygeodesy_etm_py":{"hash":"f36869da6ffb334e5630c8d5aa528a4b","index":{"nums":[1,336,6,15,0,0,0],"html_filename":"pygeodesy_etm_py.html","relative_filename":"pygeodesy/etm.py"}},"pygeodesy_fmath_py":{"hash":"faaa62bd06ac1aac64bfa84b7f5cf53c","index":{"nums":[1,269,48,9,0,0,0],"html_filename":"pygeodesy_fmath_py.html","relative_filename":"pygeodesy/fmath.py"}},"pygeodesy_formy_py":{"hash":"0c09f8d22cc51b3eebf67f6728842176","index":{"nums":[1,163,5,4,0,0,0],"html_filename":"pygeodesy_formy_py.html","relative_filename":"pygeodesy/formy.py"}},"pygeodesy_frechet_py":{"hash":"a7dd416aa5bef317e89fe8e202ec71ce","index":{"nums":[1,207,38,7,0,0,0],"html_filename":"pygeodesy_frechet_py.html","relative_filename":"pygeodesy/frechet.py"}},"pygeodesy_gars_py":{"hash":"8ecb5fff50f04aab514becbf270ba6c2","index":{"nums":[1,156,10,8,0,0,0],"html_filename":"pygeodesy_gars_py.html","relative_filename":"pygeodesy/gars.py"}},"pygeodesy_geohash_py":{"hash":"7ac34312d0a3faf603c44ea470498392","index":{"nums":[1,237,20,10,0,0,0],"html_filename":"pygeodesy_geohash_py.html","relative_filename":"pygeodesy/geohash.py"}},"pygeodesy_geoids_py":{"hash":"b1c5fd227a33f4372994a2000a83356f","index":{"nums":[1,637,81,41,0,0,0],"html_filename":"pygeodesy_geoids_py.html","relative_filename":"pygeodesy/geoids.py"}},"pygeodesy_hausdorff_py":{"hash":"92f057b01ef98523aef8693fa8b5e231","index":{"nums":[1,198,41,6,0,0,0],"html_filename":"pygeodesy_hausdorff_py.html","relative_filename":"pygeodesy/hausdorff.py"}},"pygeodesy_heights_py":{"hash":"3e978e3de94b2cef2124a915a744d858","index":{"nums":[1,299,64,11,0,0,0],"html_filename":"pygeodesy_heights_py.html","relative_filename":"pygeodesy/heights.py"}},"pygeodesy_karney_py":{"hash":"6cfd7d688360a2ad514d06b27264efe6","index":{"nums":[1,104,0,3,0,0,0],"html_filename":"pygeodesy_karney_py.html","relative_filename":"pygeodesy/karney.py"}},"pygeodesy_latlonBase_py":{"hash":"4df408eb8354d7f2bdbdf7c27e184403","index":{"nums":[1,191,37,2,0,0,0],"html_filename":"pygeodesy_latlonBase_py.html","relative_filename":"pygeodesy/latlonBase.py"}},"pygeodesy_lazily_py":{"hash":"4e42559ae0aa58a041d6c3152589565f","index":{"nums":[1,99,15,4,0,0,0],"html_filename":"pygeodesy_lazily_py.html","relative_filename":"pygeodesy/lazily.py"}},"pygeodesy_lcc_py":{"hash":"4689f7f85b19b003368ca9f111a3d679","index":{"nums":[1,229,13,7,0,0,0],"html_filename":"pygeodesy_lcc_py.html","relative_filename":"pygeodesy/lcc.py"}},"pygeodesy_mgrs_py":{"hash":"5ee76d9c62df305ddb11aa1c644a096c","index":{"nums":[1,115,5,5,0,0,0],"html_filename":"pygeodesy_mgrs_py.html","relative_filename":"pygeodesy/mgrs.py"}},"pygeodesy_named_py":{"hash":"2890901ffb8ef1e3f8b8b2f4daab7864","index":{"nums":[1,406,47,16,0,0,0],"html_filename":"pygeodesy_named_py.html","relative_filename":"pygeodesy/named.py"}},"pygeodesy_nvector_py":{"hash":"3dffc014e408f96a6ad1b7328c4d2dfd","index":{"nums":[1,5,0,0,0,0,0],"html_filename":"pygeodesy_nvector_py.html","relative_filename":"pygeodesy/nvector.py"}},"pygeodesy_nvectorBase_py":{"hash":"48565b5384d4505caedb75cee6359564","index":{"nums":[1,132,16,6,0,0,0],"html_filename":"pygeodesy_nvectorBase_py.html","relative_filename":"pygeodesy/nvectorBase.py"}},"pygeodesy_osgr_py":{"hash":"42687d3f6c75a8157900e175a0455d34","index":{"nums":[1,181,8,9,0,0,0],"html_filename":"pygeodesy_osgr_py.html","relative_filename":"pygeodesy/osgr.py"}},"pygeodesy_points_py":{"hash":"5696129166c67619ca754c22a864e794","index":{"nums":[1,479,44,25,0,0,0],"html_filename":"pygeodesy_points_py.html","relative_filename":"pygeodesy/points.py"}},"pygeodesy_simplify_py":{"hash":"ae4c5766175f983a8703928716bc9d2f","index":{"nums":[1,222,3,4,0,0,0],"html_filename":"pygeodesy_simplify_py.html","relative_filename":"pygeodesy/simplify.py"}},"pygeodesy_sphericalBase_py":{"hash":"5bf6b39683129caa85101540ca866c5b","index":{"nums":[1,103,3,3,0,0,0],"html_filename":"pygeodesy_sphericalBase_py.html","relative_filename":"pygeodesy/sphericalBase.py"}},"pygeodesy_sphericalNvector_py":{"hash":"6baa40d2d2b5e36e8106d8bca4e06aa3","index":{"nums":[1,297,21,10,0,0,0],"html_filename":"pygeodesy_sphericalNvector_py.html","relative_filename":"pygeodesy/sphericalNvector.py"}},"pygeodesy_sphericalTrigonometry_py":{"hash":"7c83c46dc3b8af4c42ee87a8c0fe38f5","index":{"nums":[1,268,29,11,0,0,0],"html_filename":"pygeodesy_sphericalTrigonometry_py.html","relative_filename":"pygeodesy/sphericalTrigonometry.py"}},"pygeodesy_streprs_py":{"hash":"aefd510c15296455743ff351fc1f39dd","index":{"nums":[1,77,4,2,0,0,0],"html_filename":"pygeodesy_streprs_py.html","relative_filename":"pygeodesy/streprs.py"}},"pygeodesy_trf_py":{"hash":"462e40ed1c1bdc10a4509173333d2487","index":{"nums":[1,92,16,0,0,0,0],"html_filename":"pygeodesy_trf_py.html","relative_filename":"pygeodesy/trf.py"}},"pygeodesy_ups_py":{"hash":"1093058cd91a86b522ccad71e9db2f5b","index":{"nums":[1,168,9,7,0,0,0],"html_filename":"pygeodesy_ups_py.html","relative_filename":"pygeodesy/ups.py"}},"pygeodesy_utily_py":{"hash":"d181a43d0ec32f5e1abca915dd400dc6","index":{"nums":[1,132,5,4,0,0,0],"html_filename":"pygeodesy_utily_py.html","relative_filename":"pygeodesy/utily.py"}},"pygeodesy_utm_py":{"hash":"5d3256d27d985264f7df4bf900ffaca9","index":{"nums":[1,250,15,8,0,0,0],"html_filename":"pygeodesy_utm_py.html","relative_filename":"pygeodesy/utm.py"}},"pygeodesy_utmups_py":{"hash":"9e64a4941d438aa8a75cea7a4ea470c3","index":{"nums":[1,99,4,4,0,0,0],"html_filename":"pygeodesy_utmups_py.html","relative_filename":"pygeodesy/utmups.py"}},"pygeodesy_utmupsBase_py":{"hash":"efa64272a307a751fd7699234569430e","index":{"nums":[1,151,8,9,0,0,0],"html_filename":"pygeodesy_utmupsBase_py.html","relative_filename":"pygeodesy/utmupsBase.py"}},"pygeodesy_vector3d_py":{"hash":"387516f2e223f4a35492b216ce288cf9","index":{"nums":[1,202,23,10,0,0,0],"html_filename":"pygeodesy_vector3d_py.html","relative_filename":"pygeodesy/vector3d.py"}},"pygeodesy_webmercator_py":{"hash":"cd4768419a85a02964f8963fc0b06ad4","index":{"nums":[1,116,10,4,0,0,0],"html_filename":"pygeodesy_webmercator_py.html","relative_filename":"pygeodesy/webmercator.py"}},"pygeodesy_wgrs_py":{"hash":"3236bfd2b4c9dc5f2f98b7a1c4f0f2c7","index":{"nums":[1,208,11,13,0,0,0],"html_filename":"pygeodesy_wgrs_py.html","relative_filename":"pygeodesy/wgrs.py"}}}}