{"format":1,"version":"4.5.4","settings":"baf4596887c1e6f5ab04ccbf2c7b074e","files":{"pygeodesy___init___py":{"hash":"c2ce86476da6cee3eca9eb7f511b8610","index":{"nums":[1,121,3,3,0,0,0],"html_filename":"pygeodesy___init___py.html","relative_filename":"pygeodesy/__init__.py"}},"pygeodesy_azimuthal_py":{"hash":"aec6f6e164340e5e4196a819710e3a28","index":{"nums":[1,273,12,12,0,0,0],"html_filename":"pygeodesy_azimuthal_py.html","relative_filename":"pygeodesy/azimuthal.py"}},"pygeodesy_bases_py":{"hash":"0e9da6f8f421164aef4ddbeed8bfd5eb","index":{"nums":[1,6,0,0,0,0,0],"html_filename":"pygeodesy_bases_py.html","relative_filename":"pygeodesy/bases.py"}},"pygeodesy_basics_py":{"hash":"d8239fdb8ab008675ae475f833d52301","index":{"nums":[1,130,29,2,0,0,0],"html_filename":"pygeodesy_basics_py.html","relative_filename":"pygeodesy/basics.py"}},"pygeodesy_cartesianBase_py":{"hash":"affa69e15af9b1adb2d4d7cd79dabd21","index":{"nums":[1,128,9,6,0,0,0],"html_filename":"pygeodesy_cartesianBase_py.html","relative_filename":"pygeodesy/cartesianBase.py"}},"pygeodesy_clipy_py":{"hash":"0fe8d3bcc1fcbcf2330f9359a8efcfa2","index":{"nums":[1,239,16,15,0,0,0],"html_filename":"pygeodesy_clipy_py.html","relative_filename":"pygeodesy/clipy.py"}},"pygeodesy_css_py":{"hash":"113eac5eb9ac31f7fd088f2c324cf235","index":{"nums":[1,192,0,7,0,0,0],"html_filename":"pygeodesy_css_py.html","relative_filename":"pygeodesy/css.py"}},"pygeodesy_datum_py":{"hash":"74fa30271ae6a378881c5926c77b157e","index":{"nums":[1,444,26,10,0,0,0],"html_filename":"pygeodesy_datum_py.html","relative_filename":"pygeodesy/datum.py"}},"pygeodesy_deprecated_py":{"hash":"918af15405d8c1adea5f3f284f1709a4","index":{"nums":[1,96,40,0,0,0,0],"html_filename":"pygeodesy_deprecated_py.html","relative_filename":"pygeodesy/deprecated.py"}},"pygeodesy_dms_py":{"hash":"0bac32e68ab7e0c0fc635417e56281fe","index":{"nums":[1,266,7,7,0,0,0],"html_filename":"pygeodesy_dms_py.html","relative_filename":"pygeodesy/dms.py"}},"pygeodesy_ecef_py":{"hash":"54c0562f6e77e9044bd3c42992e38037","index":{"nums":[1,357,23,23,0,0,0],"html_filename":"pygeodesy_ecef_py.html","relative_filename":"pygeodesy/ecef.py"}},"pygeodesy_elevations_py":{"hash":"e8d3c2b839be9b293e248d65c9e520fc","index":{"nums":[1,83,23,4,0,0,0],"html_filename":"pygeodesy_elevations_py.html","relative_filename":"pygeodesy/elevations.py"}},"pygeodesy_ellipsoidalBase_py":{"hash":"00e387035e0d85856ec61b9c49baf51e","index":{"nums":[1,248,18,9,0,0,0],"html_filename":"pygeodesy_ellipsoidalBase_py.html","relative_filename":"pygeodesy/ellipsoidalBase.py"}},"pygeodesy_ellipsoidalKarney_py":{"hash":"446bdd667b78369ec76f994554b6ba6f","index":{"nums":[1,82,5,0,0,0,0],"html_filename":"pygeodesy_ellipsoidalKarney_py.html","relative_filename":"pygeodesy/ellipsoidalKarney.py"}},"pygeodesy_ellipsoidalNvector_py":{"hash":"1759878e22c22c7c593dc6d85bbf2cc0","index":{"nums":[1,171,6,5,0,0,0],"html_filename":"pygeodesy_ellipsoidalNvector_py.html","relative_filename":"pygeodesy/ellipsoidalNvector.py"}},"pygeodesy_ellipsoidalVincenty_py":{"hash":"56c0067632c249ac1d067c203a7ead12","index":{"nums":[1,150,16,2,0,0,0],"html_filename":"pygeodesy_ellipsoidalVincenty_py.html","relative_filename":"pygeodesy/ellipsoidalVincenty.py"}},"pygeodesy_elliptic_py":{"hash":"339936b56318d1518e17ed5f9c438e58","index":{"nums":[1,334,24,8,0,0,0],"html_filename":"pygeodesy_elliptic_py.html","relative_filename":"pygeodesy/elliptic.py"}},"pygeodesy_epsg_py":{"hash":"e140c7ebb1bef812f7b77e664087e614","index":{"nums":[1,95,5,3,0,0,0],"html_filename":"pygeodesy_epsg_py.html","relative_filename":"pygeodesy/epsg.py"}},"pygeodesy_errors_py":{"hash":"1ea601f50218c658f320e68b01be4f3c","index":{"nums":[1,182,18,7,0,0,0],"html_filename":"pygeodesy_errors_py.html","relative_filename":"pygeodesy/errors.py"}},"pygeodesy_etm_py":{"hash":"a2474f1237cbe79823d875f4aa4ae005","index":{"nums":[1,343,6,18,0,0,0],"html_filename":"pygeodesy_etm_py.html","relative_filename":"pygeodesy/etm.py"}},"pygeodesy_fmath_py":{"hash":"ad640e07313666390a9f936251626f3a","index":{"nums":[1,269,46,6,0,0,0],"html_filename":"pygeodesy_fmath_py.html","relative_filename":"pygeodesy/fmath.py"}},"pygeodesy_formy_py":{"hash":"82c5cf64c6c00d4be867518bd8874a86","index":{"nums":[1,277,6,4,0,0,0],"html_filename":"pygeodesy_formy_py.html","relative_filename":"pygeodesy/formy.py"}},"pygeodesy_frechet_py":{"hash":"2f3fc727ac1d9ff5991d30738b850f93","index":{"nums":[1,257,53,7,0,0,0],"html_filename":"pygeodesy_frechet_py.html","relative_filename":"pygeodesy/frechet.py"}},"pygeodesy_gars_py":{"hash":"2ffa14683be3d03b7d6153eefc8425b9","index":{"nums":[1,156,8,6,0,0,0],"html_filename":"pygeodesy_gars_py.html","relative_filename":"pygeodesy/gars.py"}},"pygeodesy_geohash_py":{"hash":"4674cb63ada7929fcb87084fa845642c","index":{"nums":[1,240,17,7,0,0,0],"html_filename":"pygeodesy_geohash_py.html","relative_filename":"pygeodesy/geohash.py"}},"pygeodesy_geoids_py":{"hash":"683050a592680c261c8f504a1345bb15","index":{"nums":[1,644,80,40,0,0,0],"html_filename":"pygeodesy_geoids_py.html","relative_filename":"pygeodesy/geoids.py"}},"pygeodesy_hausdorff_py":{"hash":"302995d605174d8b2f948161b92b3ac0","index":{"nums":[1,245,60,7,0,0,0],"html_filename":"pygeodesy_hausdorff_py.html","relative_filename":"pygeodesy/hausdorff.py"}},"pygeodesy_heights_py":{"hash":"bf8f2d5ebb34d794f82ffdfafd7a0d0a","index":{"nums":[1,352,73,15,0,0,0],"html_filename":"pygeodesy_heights_py.html","relative_filename":"pygeodesy/heights.py"}},"pygeodesy_interns_py":{"hash":"03e2d372dc30bd1f2f313436e9c2ad32","index":{"nums":[1,170,0,6,0,0,0],"html_filename":"pygeodesy_interns_py.html","relative_filename":"pygeodesy/interns.py"}},"pygeodesy_karney_py":{"hash":"bac2bd05849d247f6633c29a14163c95","index":{"nums":[1,109,0,3,0,0,0],"html_filename":"pygeodesy_karney_py.html","relative_filename":"pygeodesy/karney.py"}},"pygeodesy_latlonBase_py":{"hash":"3b7d56bf2ee1e3cbef54d4846a72f967","index":{"nums":[1,214,37,1,0,0,0],"html_filename":"pygeodesy_latlonBase_py.html","relative_filename":"pygeodesy/latlonBase.py"}},"pygeodesy_lazily_py":{"hash":"bc1ee804dbca0ae6997c8e0a976cc308","index":{"nums":[1,110,17,7,0,0,0],"html_filename":"pygeodesy_lazily_py.html","relative_filename":"pygeodesy/lazily.py"}},"pygeodesy_lcc_py":{"hash":"a14200896235d82cc80e84fbedc33744","index":{"nums":[1,237,13,7,0,0,0],"html_filename":"pygeodesy_lcc_py.html","relative_filename":"pygeodesy/lcc.py"}},"pygeodesy_mgrs_py":{"hash":"efa90f25a98d2fba68b27f30b92a99c1","index":{"nums":[1,133,4,3,0,0,0],"html_filename":"pygeodesy_mgrs_py.html","relative_filename":"pygeodesy/mgrs.py"}},"pygeodesy_named_py":{"hash":"f05d3410484e34668b899b8e24eb5e0f","index":{"nums":[1,356,53,21,0,0,0],"html_filename":"pygeodesy_named_py.html","relative_filename":"pygeodesy/named.py"}},"pygeodesy_nvector_py":{"hash":"dc7e8251bcb638e0d04956ce768063bc","index":{"nums":[1,6,0,0,0,0,0],"html_filename":"pygeodesy_nvector_py.html","relative_filename":"pygeodesy/nvector.py"}},"pygeodesy_nvectorBase_py":{"hash":"7a8108116a83f938e755a7793847b762","index":{"nums":[1,140,16,3,0,0,0],"html_filename":"pygeodesy_nvectorBase_py.html","relative_filename":"pygeodesy/nvectorBase.py"}},"pygeodesy_osgr_py":{"hash":"41145f80baf6e9792f8a6b6fd9c41ed6","index":{"nums":[1,198,8,11,0,0,0],"html_filename":"pygeodesy_osgr_py.html","relative_filename":"pygeodesy/osgr.py"}},"pygeodesy_points_py":{"hash":"43b637d103b0d9d46a86c64b4f333ec8","index":{"nums":[1,499,43,26,0,0,0],"html_filename":"pygeodesy_points_py.html","relative_filename":"pygeodesy/points.py"}},"pygeodesy_simplify_py":{"hash":"6cb84773d9e6908fd90f534beb0cc2e0","index":{"nums":[1,224,3,4,0,0,0],"html_filename":"pygeodesy_simplify_py.html","relative_filename":"pygeodesy/simplify.py"}},"pygeodesy_sphericalBase_py":{"hash":"076406a8a1f57e5682e87517e3361eee","index":{"nums":[1,142,7,5,0,0,0],"html_filename":"pygeodesy_sphericalBase_py.html","relative_filename":"pygeodesy/sphericalBase.py"}},"pygeodesy_sphericalNvector_py":{"hash":"baa6051913c46a5b1a4102a1178f1a1b","index":{"nums":[1,301,20,11,0,0,0],"html_filename":"pygeodesy_sphericalNvector_py.html","relative_filename":"pygeodesy/sphericalNvector.py"}},"pygeodesy_sphericalTrigonometry_py":{"hash":"f6e759284a4f2c8383a6ef4ca7d75564","index":{"nums":[1,314,33,15,0,0,0],"html_filename":"pygeodesy_sphericalTrigonometry_py.html","relative_filename":"pygeodesy/sphericalTrigonometry.py"}},"pygeodesy_streprs_py":{"hash":"11f5bacb9282edb853b23caaacf1da35","index":{"nums":[1,98,5,2,0,0,0],"html_filename":"pygeodesy_streprs_py.html","relative_filename":"pygeodesy/streprs.py"}},"pygeodesy_trf_py":{"hash":"3e1ed630aee0414ccdddea6cc946987b","index":{"nums":[1,99,17,2,0,0,0],"html_filename":"pygeodesy_trf_py.html","relative_filename":"pygeodesy/trf.py"}},"pygeodesy_units_py":{"hash":"33faa2dc48e6c845fed9e0fff47d99e6","index":{"nums":[1,220,13,10,0,0,0],"html_filename":"pygeodesy_units_py.html","relative_filename":"pygeodesy/units.py"}},"pygeodesy_ups_py":{"hash":"ca0147044ddbfb17298b701b6b9539ef","index":{"nums":[1,165,5,6,0,0,0],"html_filename":"pygeodesy_ups_py.html","relative_filename":"pygeodesy/ups.py"}},"pygeodesy_utily_py":{"hash":"1b74926577de16c4011e323464353b29","index":{"nums":[1,149,3,4,0,0,0],"html_filename":"pygeodesy_utily_py.html","relative_filename":"pygeodesy/utily.py"}},"pygeodesy_utm_py":{"hash":"cfb56cc7ede2b073c8023c42d9f16f93","index":{"nums":[1,246,14,5,0,0,0],"html_filename":"pygeodesy_utm_py.html","relative_filename":"pygeodesy/utm.py"}},"pygeodesy_utmups_py":{"hash":"7658efc1c5c6fce7395759414f65fffd","index":{"nums":[1,101,4,5,0,0,0],"html_filename":"pygeodesy_utmups_py.html","relative_filename":"pygeodesy/utmups.py"}},"pygeodesy_utmupsBase_py":{"hash":"3e8899f5d7c0203b472888a8e77b2a57","index":{"nums":[1,204,12,11,0,0,0],"html_filename":"pygeodesy_utmupsBase_py.html","relative_filename":"pygeodesy/utmupsBase.py"}},"pygeodesy_vector3d_py":{"hash":"ad69bdc05e18f0ff54ce723c15b6300f","index":{"nums":[1,255,27,17,0,0,0],"html_filename":"pygeodesy_vector3d_py.html","relative_filename":"pygeodesy/vector3d.py"}},"pygeodesy_webmercator_py":{"hash":"814a2e1e12f8cef89c4aeb7836b820e5","index":{"nums":[1,121,7,1,0,0,0],"html_filename":"pygeodesy_webmercator_py.html","relative_filename":"pygeodesy/webmercator.py"}},"pygeodesy_wgrs_py":{"hash":"0b4269f31cf29bd6249f4b8a2002ad6e","index":{"nums":[1,200,5,8,0,0,0],"html_filename":"pygeodesy_wgrs_py.html","relative_filename":"pygeodesy/wgrs.py"}}}}