{"note":"This file is an internal implementation detail to speed up HTML report generation. Its format can change at any time. You might be looking for the JSON report: https://coverage.rtfd.io/cmd.html#cmd-json","format":5,"version":"7.6.0","globals":"a5bab8adc9ab905f1704851da084bbb1","files":{"z_4569faf12939b165___init___py":{"hash":"dc2ede558807888ac635662449e1e901","index":{"url":"z_4569faf12939b165___init___py.html","file":"pygeodesy/__init__.py","description":"","nums":{"precision":0,"n_files":1,"n_statements":185,"n_excluded":8,"n_missing":4,"n_branches":0,"n_partial_branches":0,"n_missing_branches":0}}},"z_4569faf12939b165_albers_py":{"hash":"0c080fe3c22af1bb8eb4255a14daa190","index":{"url":"z_4569faf12939b165_albers_py.html","file":"pygeodesy/albers.py","description":"","nums":{"precision":0,"n_files":1,"n_statements":418,"n_excluded":30,"n_missing":13,"n_branches":0,"n_partial_branches":0,"n_missing_branches":0}}},"z_5087a5e01bbcffc5__CX_4_py":{"hash":"000da220286bf6a795cb2ee67d2ee533","index":{"url":"z_5087a5e01bbcffc5__CX_4_py.html","file":"pygeodesy/auxilats/_CX_4.py","description":"","nums":{"precision":0,"n_files":1,"n_statements":8,"n_excluded":0,"n_missing":0,"n_branches":0,"n_partial_branches":0,"n_missing_branches":0}}},"z_5087a5e01bbcffc5__CX_6_py":{"hash":"56b62289dac74f9f52ed5dbed9443e9c","index":{"url":"z_5087a5e01bbcffc5__CX_6_py.html","file":"pygeodesy/auxilats/_CX_6.py","description":"","nums":{"precision":0,"n_files":1,"n_statements":8,"n_excluded":0,"n_missing":0,"n_branches":0,"n_partial_branches":0,"n_missing_branches":0}}},"z_5087a5e01bbcffc5__CX_8_py":{"hash":"f6a8144e5aef80ed78c3fab1947004b1","index":{"url":"z_5087a5e01bbcffc5__CX_8_py.html","file":"pygeodesy/auxilats/_CX_8.py","description":"","nums":{"precision":0,"n_files":1,"n_statements":8,"n_excluded":0,"n_missing":0,"n_branches":0,"n_partial_branches":0,"n_missing_branches":0}}},"z_5087a5e01bbcffc5___init___py":{"hash":"f2d2c296991fdc6f79dcc922cb07b832","index":{"url":"z_5087a5e01bbcffc5___init___py.html","file":"pygeodesy/auxilats/__init__.py","description":"","nums":{"precision":0,"n_files":1,"n_statements":8,"n_excluded":0,"n_missing":0,"n_branches":0,"n_partial_branches":0,"n_missing_branches":0}}},"z_5087a5e01bbcffc5_auxAngle_py":{"hash":"3baf3e6e66a6825fc0b01f566fd6eb31","index":{"url":"z_5087a5e01bbcffc5_auxAngle_py.html","file":"pygeodesy/auxilats/auxAngle.py","description":"","nums":{"precision":0,"n_files":1,"n_statements":225,"n_excluded":33,"n_missing":9,"n_branches":0,"n_partial_branches":0,"n_missing_branches":0}}},"z_5087a5e01bbcffc5_auxDLat_py":{"hash":"5716f2baf16a2900636da57b554aa268","index":{"url":"z_5087a5e01bbcffc5_auxDLat_py.html","file":"pygeodesy/auxilats/auxDLat.py","description":"","nums":{"precision":0,"n_files":1,"n_statements":149,"n_excluded":10,"n_missing":8,"n_branches":0,"n_partial_branches":0,"n_missing_branches":0}}},"z_5087a5e01bbcffc5_auxDST_py":{"hash":"7edc3bd2db78e083540fdf2152a8750f","index":{"url":"z_5087a5e01bbcffc5_auxDST_py.html","file":"pygeodesy/auxilats/auxDST.py","description":"","nums":{"precision":0,"n_files":1,"n_statements":98,"n_excluded":35,"n_missing":3,"n_branches":0,"n_partial_branches":0,"n_missing_branches":0}}},"z_5087a5e01bbcffc5_auxLat_py":{"hash":"6ccf334690dcbd8cf8e991070387de4a","index":{"url":"z_5087a5e01bbcffc5_auxLat_py.html","file":"pygeodesy/auxilats/auxLat.py","description":"","nums":{"precision":0,"n_files":1,"n_statements":442,"n_excluded":49,"n_missing":58,"n_branches":0,"n_partial_branches":0,"n_missing_branches":0}}},"z_5087a5e01bbcffc5_auxily_py":{"hash":"2b492cfaacc52849d9e4202d01e1c684","index":{"url":"z_5087a5e01bbcffc5_auxily_py.html","file":"pygeodesy/auxilats/auxily.py","description":"","nums":{"precision":0,"n_files":1,"n_statements":113,"n_excluded":30,"n_missing":8,"n_branches":0,"n_partial_branches":0,"n_missing_branches":0}}},"z_4569faf12939b165_azimuthal_py":{"hash":"0ee1d4d2f5647970d38d48f26d5b144a","index":{"url":"z_4569faf12939b165_azimuthal_py.html","file":"pygeodesy/azimuthal.py","description":"","nums":{"precision":0,"n_files":1,"n_statements":317,"n_excluded":57,"n_missing":5,"n_branches":0,"n_partial_branches":0,"n_missing_branches":0}}},"z_4569faf12939b165_basics_py":{"hash":"f9662cda0b62c883d6017975cce3e000","index":{"url":"z_4569faf12939b165_basics_py.html","file":"pygeodesy/basics.py","description":"","nums":{"precision":0,"n_files":1,"n_statements":267,"n_excluded":120,"n_missing":33,"n_branches":0,"n_partial_branches":0,"n_missing_branches":0}}},"z_4569faf12939b165_booleans_py":{"hash":"2e1e123adf85e121c14a6e653cec85af","index":{"url":"z_4569faf12939b165_booleans_py.html","file":"pygeodesy/booleans.py","description":"","nums":{"precision":0,"n_files":1,"n_statements":978,"n_excluded":127,"n_missing":60,"n_branches":0,"n_partial_branches":0,"n_missing_branches":0}}},"z_4569faf12939b165_cartesianBase_py":{"hash":"29d639b1f290ecdf0c63927b96348709","index":{"url":"z_4569faf12939b165_cartesianBase_py.html","file":"pygeodesy/cartesianBase.py","description":"","nums":{"precision":0,"n_files":1,"n_statements":327,"n_excluded":40,"n_missing":28,"n_branches":0,"n_partial_branches":0,"n_missing_branches":0}}},"z_4569faf12939b165_clipy_py":{"hash":"4c2803e612b9abd07da8ce614d650d09","index":{"url":"z_4569faf12939b165_clipy_py.html","file":"pygeodesy/clipy.py","description":"","nums":{"precision":0,"n_files":1,"n_statements":316,"n_excluded":18,"n_missing":14,"n_branches":0,"n_partial_branches":0,"n_missing_branches":0}}},"z_4569faf12939b165_constants_py":{"hash":"bdbda780eae97808290a25f17c7be58f","index":{"url":"z_4569faf12939b165_constants_py.html","file":"pygeodesy/constants.py","description":"","nums":{"precision":0,"n_files":1,"n_statements":191,"n_excluded":70,"n_missing":3,"n_branches":0,"n_partial_branches":0,"n_missing_branches":0}}},"z_4569faf12939b165_css_py":{"hash":"56c7580ba21934424614de88ef39b9bc","index":{"url":"z_4569faf12939b165_css_py.html","file":"pygeodesy/css.py","description":"","nums":{"precision":0,"n_files":1,"n_statements":234,"n_excluded":12,"n_missing":6,"n_branches":0,"n_partial_branches":0,"n_missing_branches":0}}},"z_4569faf12939b165_datums_py":{"hash":"953caca4d46f61dc258c9a32ab7f92af","index":{"url":"z_4569faf12939b165_datums_py.html","file":"pygeodesy/datums.py","description":"","nums":{"precision":0,"n_files":1,"n_statements":251,"n_excluded":11,"n_missing":13,"n_branches":0,"n_partial_branches":0,"n_missing_branches":0}}},"z_81bb61ef01d6cb97___init___py":{"hash":"31c10b4b4214e0ca300838c744978b07","index":{"url":"z_81bb61ef01d6cb97___init___py.html","file":"pygeodesy/deprecated/__init__.py","description":"","nums":{"precision":0,"n_files":1,"n_statements":13,"n_excluded":0,"n_missing":0,"n_branches":0,"n_partial_branches":0,"n_missing_branches":0}}},"z_81bb61ef01d6cb97_bases_py":{"hash":"bb31d151eb672206b09630d28f593737","index":{"url":"z_81bb61ef01d6cb97_bases_py.html","file":"pygeodesy/deprecated/bases.py","description":"","nums":{"precision":0,"n_files":1,"n_statements":5,"n_excluded":3,"n_missing":0,"n_branches":0,"n_partial_branches":0,"n_missing_branches":0}}},"z_81bb61ef01d6cb97_classes_py":{"hash":"6afa643a9e171328b18bdb9754a4aee0","index":{"url":"z_81bb61ef01d6cb97_classes_py.html","file":"pygeodesy/deprecated/classes.py","description":"","nums":{"precision":0,"n_files":1,"n_statements":85,"n_excluded":83,"n_missing":11,"n_branches":0,"n_partial_branches":0,"n_missing_branches":0}}},"z_81bb61ef01d6cb97_consterns_py":{"hash":"15d12de4c9357639449c83c0fd9106ec","index":{"url":"z_81bb61ef01d6cb97_consterns_py.html","file":"pygeodesy/deprecated/consterns.py","description":"","nums":{"precision":0,"n_files":1,"n_statements":14,"n_excluded":0,"n_missing":0,"n_branches":0,"n_partial_branches":0,"n_missing_branches":0}}},"z_81bb61ef01d6cb97_datum_py":{"hash":"41a88ac293c0843c722b05929fa5215b","index":{"url":"z_81bb61ef01d6cb97_datum_py.html","file":"pygeodesy/deprecated/datum.py","description":"","nums":{"precision":0,"n_files":1,"n_statements":7,"n_excluded":0,"n_missing":0,"n_branches":0,"n_partial_branches":0,"n_missing_branches":0}}},"z_81bb61ef01d6cb97_functions_py":{"hash":"ab761e4acf4c8e4d43a699c6b593db68","index":{"url":"z_81bb61ef01d6cb97_functions_py.html","file":"pygeodesy/deprecated/functions.py","description":"","nums":{"precision":0,"n_files":1,"n_statements":34,"n_excluded":209,"n_missing":5,"n_branches":0,"n_partial_branches":0,"n_missing_branches":0}}},"z_81bb61ef01d6cb97_nvector_py":{"hash":"e21ef5401b1ef843225f069c033ef19a","index":{"url":"z_81bb61ef01d6cb97_nvector_py.html","file":"pygeodesy/deprecated/nvector.py","description":"","nums":{"precision":0,"n_files":1,"n_statements":6,"n_excluded":6,"n_missing":0,"n_branches":0,"n_partial_branches":0,"n_missing_branches":0}}},"z_81bb61ef01d6cb97_rhumbBase_py":{"hash":"9a531ef9a7bafa8051743fb706f93825","index":{"url":"z_81bb61ef01d6cb97_rhumbBase_py.html","file":"pygeodesy/deprecated/rhumbBase.py","description":"","nums":{"precision":0,"n_files":1,"n_statements":3,"n_excluded":0,"n_missing":0,"n_branches":0,"n_partial_branches":0,"n_missing_branches":0}}},"z_81bb61ef01d6cb97_rhumbaux_py":{"hash":"6b5ea00efacb8b67c2de8d2eeb08b2e4","index":{"url":"z_81bb61ef01d6cb97_rhumbaux_py.html","file":"pygeodesy/deprecated/rhumbaux.py","description":"","nums":{"precision":0,"n_files":1,"n_statements":4,"n_excluded":0,"n_missing":0,"n_branches":0,"n_partial_branches":0,"n_missing_branches":0}}},"z_81bb61ef01d6cb97_rhumbsolve_py":{"hash":"990ea849524ecbe886710e2b69060dbe","index":{"url":"z_81bb61ef01d6cb97_rhumbsolve_py.html","file":"pygeodesy/deprecated/rhumbsolve.py","description":"","nums":{"precision":0,"n_files":1,"n_statements":4,"n_excluded":0,"n_missing":0,"n_branches":0,"n_partial_branches":0,"n_missing_branches":0}}},"z_81bb61ef01d6cb97_rhumbx_py":{"hash":"6d1a1aa9fa1ff9535f65303f2fdac8ab","index":{"url":"z_81bb61ef01d6cb97_rhumbx_py.html","file":"pygeodesy/deprecated/rhumbx.py","description":"","nums":{"precision":0,"n_files":1,"n_statements":4,"n_excluded":0,"n_missing":0,"n_branches":0,"n_partial_branches":0,"n_missing_branches":0}}},"z_4569faf12939b165_dms_py":{"hash":"e9e3b88cb2904cf0721dac45c955013d","index":{"url":"z_4569faf12939b165_dms_py.html","file":"pygeodesy/dms.py","description":"","nums":{"precision":0,"n_files":1,"n_statements":284,"n_excluded":34,"n_missing":13,"n_branches":0,"n_partial_branches":0,"n_missing_branches":0}}},"z_4569faf12939b165_ecef_py":{"hash":"940da078176749499c590e42d123ce75","index":{"url":"z_4569faf12939b165_ecef_py.html","file":"pygeodesy/ecef.py","description":"","nums":{"precision":0,"n_files":1,"n_statements":453,"n_excluded":45,"n_missing":22,"n_branches":0,"n_partial_branches":0,"n_missing_branches":0}}},"z_4569faf12939b165_elevations_py":{"hash":"27de7bb4e0f2a9f780bb90984a07ccfe","index":{"url":"z_4569faf12939b165_elevations_py.html","file":"pygeodesy/elevations.py","description":"","nums":{"precision":0,"n_files":1,"n_statements":69,"n_excluded":51,"n_missing":14,"n_branches":0,"n_partial_branches":0,"n_missing_branches":0}}},"z_4569faf12939b165_ellipsoidalBase_py":{"hash":"69a67c7cba1498c84b55e604d4671df3","index":{"url":"z_4569faf12939b165_ellipsoidalBase_py.html","file":"pygeodesy/ellipsoidalBase.py","description":"","nums":{"precision":0,"n_files":1,"n_statements":280,"n_excluded":52,"n_missing":28,"n_branches":0,"n_partial_branches":0,"n_missing_branches":0}}},"z_4569faf12939b165_ellipsoidalBaseDI_py":{"hash":"58e3f40342ffe47edb97fa8dd13a45ae","index":{"url":"z_4569faf12939b165_ellipsoidalBaseDI_py.html","file":"pygeodesy/ellipsoidalBaseDI.py","description":"","nums":{"precision":0,"n_files":1,"n_statements":329,"n_excluded":25,"n_missing":31,"n_branches":0,"n_partial_branches":0,"n_missing_branches":0}}},"z_4569faf12939b165_ellipsoidalExact_py":{"hash":"5810d44554a08256e8f4088e4aa24765","index":{"url":"z_4569faf12939b165_ellipsoidalExact_py.html","file":"pygeodesy/ellipsoidalExact.py","description":"","nums":{"precision":0,"n_files":1,"n_statements":39,"n_excluded":1,"n_missing":0,"n_branches":0,"n_partial_branches":0,"n_missing_branches":0}}},"z_4569faf12939b165_ellipsoidalGeodSolve_py":{"hash":"037403775adcdbc2c0e49acd5660a9c2","index":{"url":"z_4569faf12939b165_ellipsoidalGeodSolve_py.html","file":"pygeodesy/ellipsoidalGeodSolve.py","description":"","nums":{"precision":0,"n_files":1,"n_statements":39,"n_excluded":1,"n_missing":0,"n_branches":0,"n_partial_branches":0,"n_missing_branches":0}}},"z_4569faf12939b165_ellipsoidalKarney_py":{"hash":"e4b573f49e4da0ee3ed87019aa1001c1","index":{"url":"z_4569faf12939b165_ellipsoidalKarney_py.html","file":"pygeodesy/ellipsoidalKarney.py","description":"","nums":{"precision":0,"n_files":1,"n_statements":40,"n_excluded":6,"n_missing":0,"n_branches":0,"n_partial_branches":0,"n_missing_branches":0}}},"z_4569faf12939b165_ellipsoidalNvector_py":{"hash":"f9f2ed92bdb2686970e1a6a133ba3b1f","index":{"url":"z_4569faf12939b165_ellipsoidalNvector_py.html","file":"pygeodesy/ellipsoidalNvector.py","description":"","nums":{"precision":0,"n_files":1,"n_statements":133,"n_excluded":5,"n_missing":5,"n_branches":0,"n_partial_branches":0,"n_missing_branches":0}}},"z_4569faf12939b165_ellipsoidalVincenty_py":{"hash":"58bff9f43f7710d6284e4c574fd11bf9","index":{"url":"z_4569faf12939b165_ellipsoidalVincenty_py.html","file":"pygeodesy/ellipsoidalVincenty.py","description":"","nums":{"precision":0,"n_files":1,"n_statements":176,"n_excluded":13,"n_missing":2,"n_branches":0,"n_partial_branches":0,"n_missing_branches":0}}},"z_4569faf12939b165_ellipsoids_py":{"hash":"303e7eea3df44dace783b0b5ec1b589a","index":{"url":"z_4569faf12939b165_ellipsoids_py.html","file":"pygeodesy/ellipsoids.py","description":"","nums":{"precision":0,"n_files":1,"n_statements":750,"n_excluded":84,"n_missing":25,"n_branches":0,"n_partial_branches":0,"n_missing_branches":0}}},"z_4569faf12939b165_elliptic_py":{"hash":"88486ab573f2ca2fec139ca2ffdaec48","index":{"url":"z_4569faf12939b165_elliptic_py.html","file":"pygeodesy/elliptic.py","description":"","nums":{"precision":0,"n_files":1,"n_statements":484,"n_excluded":52,"n_missing":19,"n_branches":0,"n_partial_branches":0,"n_missing_branches":0}}},"z_4569faf12939b165_epsg_py":{"hash":"3849de41942b635bc9ad93d29d7ace90","index":{"url":"z_4569faf12939b165_epsg_py.html","file":"pygeodesy/epsg.py","description":"","nums":{"precision":0,"n_files":1,"n_statements":100,"n_excluded":7,"n_missing":2,"n_branches":0,"n_partial_branches":0,"n_missing_branches":0}}},"z_4569faf12939b165_errors_py":{"hash":"3ac8269754e96e23156b536490bdd5f6","index":{"url":"z_4569faf12939b165_errors_py.html","file":"pygeodesy/errors.py","description":"","nums":{"precision":0,"n_files":1,"n_statements":317,"n_excluded":50,"n_missing":27,"n_branches":0,"n_partial_branches":0,"n_missing_branches":0}}},"z_4569faf12939b165_etm_py":{"hash":"2c60c9054aa90f8ebd854d496702c6d8","index":{"url":"z_4569faf12939b165_etm_py.html","file":"pygeodesy/etm.py","description":"","nums":{"precision":0,"n_files":1,"n_statements":409,"n_excluded":93,"n_missing":33,"n_branches":0,"n_partial_branches":0,"n_missing_branches":0}}},"z_4569faf12939b165_fmath_py":{"hash":"73a231edc70b73d11bf632969db18c57","index":{"url":"z_4569faf12939b165_fmath_py.html","file":"pygeodesy/fmath.py","description":"","nums":{"precision":0,"n_files":1,"n_statements":313,"n_excluded":113,"n_missing":35,"n_branches":0,"n_partial_branches":0,"n_missing_branches":0}}},"z_4569faf12939b165_formy_py":{"hash":"56a1e17d7e581bae36510effaf33bdff","index":{"url":"z_4569faf12939b165_formy_py.html","file":"pygeodesy/formy.py","description":"","nums":{"precision":0,"n_files":1,"n_statements":439,"n_excluded":22,"n_missing":10,"n_branches":0,"n_partial_branches":0,"n_missing_branches":0}}},"z_4569faf12939b165_frechet_py":{"hash":"361008228c39d93edd0ce8a6e0a50ea2","index":{"url":"z_4569faf12939b165_frechet_py.html","file":"pygeodesy/frechet.py","description":"","nums":{"precision":0,"n_files":1,"n_statements":215,"n_excluded":76,"n_missing":9,"n_branches":0,"n_partial_branches":0,"n_missing_branches":0}}},"z_4569faf12939b165_fstats_py":{"hash":"0294bb0fdab1233d71c6019ede4c1347","index":{"url":"z_4569faf12939b165_fstats_py.html","file":"pygeodesy/fstats.py","description":"","nums":{"precision":0,"n_files":1,"n_statements":326,"n_excluded":26,"n_missing":6,"n_branches":0,"n_partial_branches":0,"n_missing_branches":0}}},"z_4569faf12939b165_fsums_py":{"hash":"b013b30ace0c5eacbb8f840e65e55b18","index":{"url":"z_4569faf12939b165_fsums_py.html","file":"pygeodesy/fsums.py","description":"","nums":{"precision":0,"n_files":1,"n_statements":894,"n_excluded":116,"n_missing":28,"n_branches":0,"n_partial_branches":0,"n_missing_branches":0}}},"z_4569faf12939b165_gars_py":{"hash":"10736e5ff5e6b26e086726b6c6531237","index":{"url":"z_4569faf12939b165_gars_py.html","file":"pygeodesy/gars.py","description":"","nums":{"precision":0,"n_files":1,"n_statements":143,"n_excluded":10,"n_missing":5,"n_branches":0,"n_partial_branches":0,"n_missing_branches":0}}},"z_4569faf12939b165_geodesici_py":{"hash":"6f44e2eaa7bfaa67af51e85845f841c7","index":{"url":"z_4569faf12939b165_geodesici_py.html","file":"pygeodesy/geodesici.py","description":"","nums":{"precision":0,"n_files":1,"n_statements":620,"n_excluded":350,"n_missing":56,"n_branches":0,"n_partial_branches":0,"n_missing_branches":0}}},"z_4569faf12939b165_geodesicw_py":{"hash":"ddd2e1569b1190392303b9bd403272d8","index":{"url":"z_4569faf12939b165_geodesicw_py.html","file":"pygeodesy/geodesicw.py","description":"","nums":{"precision":0,"n_files":1,"n_statements":229,"n_excluded":16,"n_missing":25,"n_branches":0,"n_partial_branches":0,"n_missing_branches":0}}},"z_4d2bca0ead806276__C4_24_py":{"hash":"75440ebcfb98ece6decfb99eadc997c1","index":{"url":"z_4d2bca0ead806276__C4_24_py.html","file":"pygeodesy/geodesicx/_C4_24.py","description":"","nums":{"precision":0,"n_files":1,"n_statements":6,"n_excluded":2,"n_missing":0,"n_branches":0,"n_partial_branches":0,"n_missing_branches":0}}},"z_4d2bca0ead806276__C4_27_py":{"hash":"27b14f614a0dac585cdf878a0e82a462","index":{"url":"z_4d2bca0ead806276__C4_27_py.html","file":"pygeodesy/geodesicx/_C4_27.py","description":"","nums":{"precision":0,"n_files":1,"n_statements":6,"n_excluded":2,"n_missing":0,"n_branches":0,"n_partial_branches":0,"n_missing_branches":0}}},"z_4d2bca0ead806276__C4_30_py":{"hash":"66d1fa1dd5e4f2a870967e2a50037b1b","index":{"url":"z_4d2bca0ead806276__C4_30_py.html","file":"pygeodesy/geodesicx/_C4_30.py","description":"","nums":{"precision":0,"n_files":1,"n_statements":6,"n_excluded":2,"n_missing":0,"n_branches":0,"n_partial_branches":0,"n_missing_branches":0}}},"z_4d2bca0ead806276___init___py":{"hash":"a072bc7c22ff62745b92a58e22b29e5d","index":{"url":"z_4d2bca0ead806276___init___py.html","file":"pygeodesy/geodesicx/__init__.py","description":"","nums":{"precision":0,"n_files":1,"n_statements":6,"n_excluded":0,"n_missing":0,"n_branches":0,"n_partial_branches":0,"n_missing_branches":0}}},"z_4d2bca0ead806276_gx_py":{"hash":"223fc4096092d5115800e27648e20441","index":{"url":"z_4d2bca0ead806276_gx_py.html","file":"pygeodesy/geodesicx/gx.py","description":"","nums":{"precision":0,"n_files":1,"n_statements":512,"n_excluded":32,"n_missing":34,"n_branches":0,"n_partial_branches":0,"n_missing_branches":0}}},"z_4d2bca0ead806276_gxarea_py":{"hash":"1a6bebde9e9422b7b1abde9795fa860d","index":{"url":"z_4d2bca0ead806276_gxarea_py.html","file":"pygeodesy/geodesicx/gxarea.py","description":"","nums":{"precision":0,"n_files":1,"n_statements":211,"n_excluded":33,"n_missing":10,"n_branches":0,"n_partial_branches":0,"n_missing_branches":0}}},"z_4d2bca0ead806276_gxbases_py":{"hash":"8b326b0c22ab797c79d9439af2a93fd3","index":{"url":"z_4d2bca0ead806276_gxbases_py.html","file":"pygeodesy/geodesicx/gxbases.py","description":"","nums":{"precision":0,"n_files":1,"n_statements":58,"n_excluded":1,"n_missing":4,"n_branches":0,"n_partial_branches":0,"n_missing_branches":0}}},"z_4d2bca0ead806276_gxline_py":{"hash":"b967f1433f84b812e5ae23d8774611eb","index":{"url":"z_4d2bca0ead806276_gxline_py.html","file":"pygeodesy/geodesicx/gxline.py","description":"","nums":{"precision":0,"n_files":1,"n_statements":250,"n_excluded":26,"n_missing":20,"n_branches":0,"n_partial_branches":0,"n_missing_branches":0}}},"z_4569faf12939b165_geodsolve_py":{"hash":"eee782e2cea5193610e34b48f4f72a24","index":{"url":"z_4569faf12939b165_geodsolve_py.html","file":"pygeodesy/geodsolve.py","description":"","nums":{"precision":0,"n_files":1,"n_statements":97,"n_excluded":71,"n_missing":12,"n_branches":0,"n_partial_branches":0,"n_missing_branches":0}}},"z_4569faf12939b165_geohash_py":{"hash":"3596b29b207a8d319ff56c213b280b8d","index":{"url":"z_4569faf12939b165_geohash_py.html","file":"pygeodesy/geohash.py","description":"","nums":{"precision":0,"n_files":1,"n_statements":365,"n_excluded":42,"n_missing":9,"n_branches":0,"n_partial_branches":0,"n_missing_branches":0}}},"z_4569faf12939b165_geoids_py":{"hash":"c88abc83475b7232941de9157f0aa9ce","index":{"url":"z_4569faf12939b165_geoids_py.html","file":"pygeodesy/geoids.py","description":"","nums":{"precision":0,"n_files":1,"n_statements":674,"n_excluded":109,"n_missing":30,"n_branches":0,"n_partial_branches":0,"n_missing_branches":0}}},"z_4569faf12939b165_hausdorff_py":{"hash":"6cf48d3db4ca173fa604a04e17af17f5","index":{"url":"z_4569faf12939b165_hausdorff_py.html","file":"pygeodesy/hausdorff.py","description":"","nums":{"precision":0,"n_files":1,"n_statements":243,"n_excluded":63,"n_missing":11,"n_branches":0,"n_partial_branches":0,"n_missing_branches":0}}},"z_4569faf12939b165_heights_py":{"hash":"d469181dcabf6fac7278fab0dfc4c14c","index":{"url":"z_4569faf12939b165_heights_py.html","file":"pygeodesy/heights.py","description":"","nums":{"precision":0,"n_files":1,"n_statements":304,"n_excluded":147,"n_missing":12,"n_branches":0,"n_partial_branches":0,"n_missing_branches":0}}},"z_4569faf12939b165_internals_py":{"hash":"932e90934883739f742d68c813f86972","index":{"url":"z_4569faf12939b165_internals_py.html","file":"pygeodesy/internals.py","description":"","nums":{"precision":0,"n_files":1,"n_statements":236,"n_excluded":81,"n_missing":31,"n_branches":0,"n_partial_branches":0,"n_missing_branches":0}}},"z_4569faf12939b165_interns_py":{"hash":"707a3e778b14a614f038d445aab42d75","index":{"url":"z_4569faf12939b165_interns_py.html","file":"pygeodesy/interns.py","description":"","nums":{"precision":0,"n_files":1,"n_statements":347,"n_excluded":15,"n_missing":2,"n_branches":0,"n_partial_branches":0,"n_missing_branches":0}}},"z_4569faf12939b165_iters_py":{"hash":"94f462c171e4dcc70a26e988deb61a34","index":{"url":"z_4569faf12939b165_iters_py.html","file":"pygeodesy/iters.py","description":"","nums":{"precision":0,"n_files":1,"n_statements":204,"n_excluded":27,"n_missing":7,"n_branches":0,"n_partial_branches":0,"n_missing_branches":0}}},"z_4569faf12939b165_karney_py":{"hash":"7449db665b2eac455097411b795a8670","index":{"url":"z_4569faf12939b165_karney_py.html","file":"pygeodesy/karney.py","description":"","nums":{"precision":0,"n_files":1,"n_statements":319,"n_excluded":65,"n_missing":19,"n_branches":0,"n_partial_branches":0,"n_missing_branches":0}}},"z_4569faf12939b165_ktm_py":{"hash":"1b114b9df16bd9a51cf2529d514d26a6","index":{"url":"z_4569faf12939b165_ktm_py.html","file":"pygeodesy/ktm.py","description":"","nums":{"precision":0,"n_files":1,"n_statements":234,"n_excluded":39,"n_missing":9,"n_branches":0,"n_partial_branches":0,"n_missing_branches":0}}},"z_4569faf12939b165_latlonBase_py":{"hash":"ff6024f2fe45d5ea22a5b4e6bd13e644","index":{"url":"z_4569faf12939b165_latlonBase_py.html","file":"pygeodesy/latlonBase.py","description":"","nums":{"precision":0,"n_files":1,"n_statements":464,"n_excluded":79,"n_missing":31,"n_branches":0,"n_partial_branches":0,"n_missing_branches":0}}},"z_4569faf12939b165_lazily_py":{"hash":"34b90550009b376170f39b35e6562dcb","index":{"url":"z_4569faf12939b165_lazily_py.html","file":"pygeodesy/lazily.py","description":"","nums":{"precision":0,"n_files":1,"n_statements":208,"n_excluded":72,"n_missing":6,"n_branches":0,"n_partial_branches":0,"n_missing_branches":0}}},"z_4569faf12939b165_lcc_py":{"hash":"a3b7db5bd25979b9be3cc30be632633d","index":{"url":"z_4569faf12939b165_lcc_py.html","file":"pygeodesy/lcc.py","description":"","nums":{"precision":0,"n_files":1,"n_statements":280,"n_excluded":25,"n_missing":11,"n_branches":0,"n_partial_branches":0,"n_missing_branches":0}}},"z_4569faf12939b165_ltp_py":{"hash":"d0cc602a37aedcd5a414cdffe28a8487","index":{"url":"z_4569faf12939b165_ltp_py.html","file":"pygeodesy/ltp.py","description":"","nums":{"precision":0,"n_files":1,"n_statements":428,"n_excluded":76,"n_missing":23,"n_branches":0,"n_partial_branches":0,"n_missing_branches":0}}},"z_4569faf12939b165_ltpTuples_py":{"hash":"c484653a627ff9b5ec2ec85f5c5d2fda","index":{"url":"z_4569faf12939b165_ltpTuples_py.html","file":"pygeodesy/ltpTuples.py","description":"","nums":{"precision":0,"n_files":1,"n_statements":562,"n_excluded":49,"n_missing":29,"n_branches":0,"n_partial_branches":0,"n_missing_branches":0}}},"z_4569faf12939b165_mgrs_py":{"hash":"f82a98555f5c37df61bda7f79bf63315","index":{"url":"z_4569faf12939b165_mgrs_py.html","file":"pygeodesy/mgrs.py","description":"","nums":{"precision":0,"n_files":1,"n_statements":266,"n_excluded":52,"n_missing":2,"n_branches":0,"n_partial_branches":0,"n_missing_branches":0}}},"z_4569faf12939b165_named_py":{"hash":"d9d1f42db8b1f744216bac5cea326d7b","index":{"url":"z_4569faf12939b165_named_py.html","file":"pygeodesy/named.py","description":"","nums":{"precision":0,"n_files":1,"n_statements":523,"n_excluded":140,"n_missing":23,"n_branches":0,"n_partial_branches":0,"n_missing_branches":0}}},"z_4569faf12939b165_namedTuples_py":{"hash":"b2ff9b76a1fd7a2d144da8874665e9fe","index":{"url":"z_4569faf12939b165_namedTuples_py.html","file":"pygeodesy/namedTuples.py","description":"","nums":{"precision":0,"n_files":1,"n_statements":219,"n_excluded":1,"n_missing":6,"n_branches":0,"n_partial_branches":0,"n_missing_branches":0}}},"z_4569faf12939b165_nvectorBase_py":{"hash":"beada8f8c2a150a047469a1ce4638da1","index":{"url":"z_4569faf12939b165_nvectorBase_py.html","file":"pygeodesy/nvectorBase.py","description":"","nums":{"precision":0,"n_files":1,"n_statements":242,"n_excluded":53,"n_missing":11,"n_branches":0,"n_partial_branches":0,"n_missing_branches":0}}},"z_4569faf12939b165_osgr_py":{"hash":"bedd9de8ec87301cfe1e03d506ddd612","index":{"url":"z_4569faf12939b165_osgr_py.html","file":"pygeodesy/osgr.py","description":"","nums":{"precision":0,"n_files":1,"n_statements":305,"n_excluded":65,"n_missing":8,"n_branches":0,"n_partial_branches":0,"n_missing_branches":0}}},"z_4569faf12939b165_points_py":{"hash":"42f6eddcc513c4dc029c58e96b55a40b","index":{"url":"z_4569faf12939b165_points_py.html","file":"pygeodesy/points.py","description":"","nums":{"precision":0,"n_files":1,"n_statements":529,"n_excluded":100,"n_missing":36,"n_branches":0,"n_partial_branches":0,"n_missing_branches":0}}},"z_4569faf12939b165_props_py":{"hash":"0a310e616381ede746b10c085fa83830","index":{"url":"z_4569faf12939b165_props_py.html","file":"pygeodesy/props.py","description":"","nums":{"precision":0,"n_files":1,"n_statements":232,"n_excluded":64,"n_missing":6,"n_branches":0,"n_partial_branches":0,"n_missing_branches":0}}},"z_4569faf12939b165_resections_py":{"hash":"89443bd8b30564e5d28c647f914bd3d1","index":{"url":"z_4569faf12939b165_resections_py.html","file":"pygeodesy/resections.py","description":"","nums":{"precision":0,"n_files":1,"n_statements":365,"n_excluded":65,"n_missing":10,"n_branches":0,"n_partial_branches":0,"n_missing_branches":0}}},"z_5cf368818b86873a___init___py":{"hash":"4b10f11db078f5a54edcf2972afaa635","index":{"url":"z_5cf368818b86873a___init___py.html","file":"pygeodesy/rhumb/__init__.py","description":"","nums":{"precision":0,"n_files":1,"n_statements":10,"n_excluded":0,"n_missing":0,"n_branches":0,"n_partial_branches":0,"n_missing_branches":0}}},"z_5cf368818b86873a_aux__py":{"hash":"62d47d08b7b292ff383b57e46643b581","index":{"url":"z_5cf368818b86873a_aux__py.html","file":"pygeodesy/rhumb/aux_.py","description":"","nums":{"precision":0,"n_files":1,"n_statements":141,"n_excluded":2,"n_missing":6,"n_branches":0,"n_partial_branches":0,"n_missing_branches":0}}},"z_5cf368818b86873a_bases_py":{"hash":"3f121bf99c9df09f1331c2688f410bb4","index":{"url":"z_5cf368818b86873a_bases_py.html","file":"pygeodesy/rhumb/bases.py","description":"","nums":{"precision":0,"n_files":1,"n_statements":373,"n_excluded":116,"n_missing":24,"n_branches":0,"n_partial_branches":0,"n_missing_branches":0}}},"z_5cf368818b86873a_ekx_py":{"hash":"b29134ad10fe765feb5260065f9a4ff1","index":{"url":"z_5cf368818b86873a_ekx_py.html","file":"pygeodesy/rhumb/ekx.py","description":"","nums":{"precision":0,"n_files":1,"n_statements":226,"n_excluded":46,"n_missing":4,"n_branches":0,"n_partial_branches":0,"n_missing_branches":0}}},"z_5cf368818b86873a_solve_py":{"hash":"0cb2313eb4b70158c690abe4786c1e6b","index":{"url":"z_5cf368818b86873a_solve_py.html","file":"pygeodesy/rhumb/solve.py","description":"","nums":{"precision":0,"n_files":1,"n_statements":100,"n_excluded":67,"n_missing":11,"n_branches":0,"n_partial_branches":0,"n_missing_branches":0}}},"z_4569faf12939b165_simplify_py":{"hash":"23beea291f1816a79b2cfcffe86fcda5","index":{"url":"z_4569faf12939b165_simplify_py.html","file":"pygeodesy/simplify.py","description":"","nums":{"precision":0,"n_files":1,"n_statements":226,"n_excluded":4,"n_missing":2,"n_branches":0,"n_partial_branches":0,"n_missing_branches":0}}},"z_4569faf12939b165_solveBase_py":{"hash":"40a6721ba8439333245ca75783d23613","index":{"url":"z_4569faf12939b165_solveBase_py.html","file":"pygeodesy/solveBase.py","description":"","nums":{"precision":0,"n_files":1,"n_statements":247,"n_excluded":41,"n_missing":20,"n_branches":0,"n_partial_branches":0,"n_missing_branches":0}}},"z_4569faf12939b165_sphericalBase_py":{"hash":"9a63f29b1b60d3feb8e37fc5a0ead1d5","index":{"url":"z_4569faf12939b165_sphericalBase_py.html","file":"pygeodesy/sphericalBase.py","description":"","nums":{"precision":0,"n_files":1,"n_statements":250,"n_excluded":11,"n_missing":14,"n_branches":0,"n_partial_branches":0,"n_missing_branches":0}}},"z_4569faf12939b165_sphericalNvector_py":{"hash":"09e38a3117b3304480992307b2b83cc0","index":{"url":"z_4569faf12939b165_sphericalNvector_py.html","file":"pygeodesy/sphericalNvector.py","description":"","nums":{"precision":0,"n_files":1,"n_statements":316,"n_excluded":38,"n_missing":27,"n_branches":0,"n_partial_branches":0,"n_missing_branches":0}}},"z_4569faf12939b165_sphericalTrigonometry_py":{"hash":"dc94c8e808349885380ce6ff3492b969","index":{"url":"z_4569faf12939b165_sphericalTrigonometry_py.html","file":"pygeodesy/sphericalTrigonometry.py","description":"","nums":{"precision":0,"n_files":1,"n_statements":386,"n_excluded":71,"n_missing":26,"n_branches":0,"n_partial_branches":0,"n_missing_branches":0}}},"z_4569faf12939b165_streprs_py":{"hash":"d2af3fde9260c7dcdcf30b4ce7bbb36a","index":{"url":"z_4569faf12939b165_streprs_py.html","file":"pygeodesy/streprs.py","description":"","nums":{"precision":0,"n_files":1,"n_statements":262,"n_excluded":18,"n_missing":9,"n_branches":0,"n_partial_branches":0,"n_missing_branches":0}}},"z_4569faf12939b165_trf_py":{"hash":"030ee0d7550e777fc566c4bb92232f0d","index":{"url":"z_4569faf12939b165_trf_py.html","file":"pygeodesy/trf.py","description":"","nums":{"precision":0,"n_files":1,"n_statements":620,"n_excluded":63,"n_missing":31,"n_branches":0,"n_partial_branches":0,"n_missing_branches":0}}},"z_4569faf12939b165_triaxials_py":{"hash":"90e897fb0d72d292487c00d3ff0c50ad","index":{"url":"z_4569faf12939b165_triaxials_py.html","file":"pygeodesy/triaxials.py","description":"","nums":{"precision":0,"n_files":1,"n_statements":589,"n_excluded":48,"n_missing":27,"n_branches":0,"n_partial_branches":0,"n_missing_branches":0}}},"z_4569faf12939b165_units_py":{"hash":"4cc85b9f46d4d5abbf0892e3c61ba64c","index":{"url":"z_4569faf12939b165_units_py.html","file":"pygeodesy/units.py","description":"","nums":{"precision":0,"n_files":1,"n_statements":300,"n_excluded":12,"n_missing":13,"n_branches":0,"n_partial_branches":0,"n_missing_branches":0}}},"z_4569faf12939b165_unitsBase_py":{"hash":"c869c3d75d30260dc7db453866a21c6a","index":{"url":"z_4569faf12939b165_unitsBase_py.html","file":"pygeodesy/unitsBase.py","description":"","nums":{"precision":0,"n_files":1,"n_statements":119,"n_excluded":9,"n_missing":6,"n_branches":0,"n_partial_branches":0,"n_missing_branches":0}}},"z_4569faf12939b165_ups_py":{"hash":"4ca0aa060e5dc55ac12dfa2022fffa8f","index":{"url":"z_4569faf12939b165_ups_py.html","file":"pygeodesy/ups.py","description":"","nums":{"precision":0,"n_files":1,"n_statements":162,"n_excluded":10,"n_missing":5,"n_branches":0,"n_partial_branches":0,"n_missing_branches":0}}},"z_4569faf12939b165_utily_py":{"hash":"2b6f196eac68acdad88da3177775efdf","index":{"url":"z_4569faf12939b165_utily_py.html","file":"pygeodesy/utily.py","description":"","nums":{"precision":0,"n_files":1,"n_statements":336,"n_excluded":14,"n_missing":33,"n_branches":0,"n_partial_branches":0,"n_missing_branches":0}}},"z_4569faf12939b165_utm_py":{"hash":"056bae8ac4cb61ae25699cd16d56f9b5","index":{"url":"z_4569faf12939b165_utm_py.html","file":"pygeodesy/utm.py","description":"","nums":{"precision":0,"n_files":1,"n_statements":259,"n_excluded":21,"n_missing":8,"n_branches":0,"n_partial_branches":0,"n_missing_branches":0}}},"z_4569faf12939b165_utmups_py":{"hash":"98ece817919f4da808ec7429ee307e50","index":{"url":"z_4569faf12939b165_utmups_py.html","file":"pygeodesy/utmups.py","description":"","nums":{"precision":0,"n_files":1,"n_statements":86,"n_excluded":13,"n_missing":2,"n_branches":0,"n_partial_branches":0,"n_missing_branches":0}}},"z_4569faf12939b165_utmupsBase_py":{"hash":"0e694673cb90890359cf17cddccfec22","index":{"url":"z_4569faf12939b165_utmupsBase_py.html","file":"pygeodesy/utmupsBase.py","description":"","nums":{"precision":0,"n_files":1,"n_statements":231,"n_excluded":29,"n_missing":5,"n_branches":0,"n_partial_branches":0,"n_missing_branches":0}}},"z_4569faf12939b165_vector2d_py":{"hash":"f4d0148d5d4563ece4b2f65a98833499","index":{"url":"z_4569faf12939b165_vector2d_py.html","file":"pygeodesy/vector2d.py","description":"","nums":{"precision":0,"n_files":1,"n_statements":317,"n_excluded":24,"n_missing":7,"n_branches":0,"n_partial_branches":0,"n_missing_branches":0}}},"z_4569faf12939b165_vector3d_py":{"hash":"0480de962957453466a76f408428aa18","index":{"url":"z_4569faf12939b165_vector3d_py.html","file":"pygeodesy/vector3d.py","description":"","nums":{"precision":0,"n_files":1,"n_statements":235,"n_excluded":44,"n_missing":8,"n_branches":0,"n_partial_branches":0,"n_missing_branches":0}}},"z_4569faf12939b165_vector3dBase_py":{"hash":"b5da44cbf82b3072d74c719c9498d905","index":{"url":"z_4569faf12939b165_vector3dBase_py.html","file":"pygeodesy/vector3dBase.py","description":"","nums":{"precision":0,"n_files":1,"n_statements":271,"n_excluded":128,"n_missing":20,"n_branches":0,"n_partial_branches":0,"n_missing_branches":0}}},"z_4569faf12939b165_webmercator_py":{"hash":"437f528896c3d0f6a9d8bc36412d05e8","index":{"url":"z_4569faf12939b165_webmercator_py.html","file":"pygeodesy/webmercator.py","description":"","nums":{"precision":0,"n_files":1,"n_statements":126,"n_excluded":18,"n_missing":1,"n_branches":0,"n_partial_branches":0,"n_missing_branches":0}}},"z_4569faf12939b165_wgrs_py":{"hash":"f78bd60066d6cf8a195c90455f4beccc","index":{"url":"z_4569faf12939b165_wgrs_py.html","file":"pygeodesy/wgrs.py","description":"","nums":{"precision":0,"n_files":1,"n_statements":189,"n_excluded":9,"n_missing":6,"n_branches":0,"n_partial_branches":0,"n_missing_branches":0}}}}}