{"format":1,"version":"4.5.4","settings":"18265ad5be2873c392077a5747ef1e6d","files":{"pygeodesy___init___py":{"hash":"f8d50f938559534e6df8a797c0448029","index":{"nums":[1,127,3,3,0,0,0],"html_filename":"pygeodesy___init___py.html","relative_filename":"pygeodesy/__init__.py"}},"pygeodesy_albers_py":{"hash":"f5e6151945112069bdfcf8ad98f64f6f","index":{"nums":[1,370,6,17,0,0,0],"html_filename":"pygeodesy_albers_py.html","relative_filename":"pygeodesy/albers.py"}},"pygeodesy_azimuthal_py":{"hash":"e91285f977b093466c2cbc746b19adc1","index":{"nums":[1,271,12,12,0,0,0],"html_filename":"pygeodesy_azimuthal_py.html","relative_filename":"pygeodesy/azimuthal.py"}},"pygeodesy_bases_py":{"hash":"0e9da6f8f421164aef4ddbeed8bfd5eb","index":{"nums":[1,6,0,0,0,0,0],"html_filename":"pygeodesy_bases_py.html","relative_filename":"pygeodesy/bases.py"}},"pygeodesy_basics_py":{"hash":"7e9d26b8b5ddcac5681624bd36eb9d33","index":{"nums":[1,130,28,5,0,0,0],"html_filename":"pygeodesy_basics_py.html","relative_filename":"pygeodesy/basics.py"}},"pygeodesy_cartesianBase_py":{"hash":"7dacae895831ac9bb5fcdfe25703e9d0","index":{"nums":[1,128,9,6,0,0,0],"html_filename":"pygeodesy_cartesianBase_py.html","relative_filename":"pygeodesy/cartesianBase.py"}},"pygeodesy_clipy_py":{"hash":"13047562691f0bbad6ca83b2bbd642a1","index":{"nums":[1,242,16,15,0,0,0],"html_filename":"pygeodesy_clipy_py.html","relative_filename":"pygeodesy/clipy.py"}},"pygeodesy_css_py":{"hash":"64fe68b3e985df1e0b99e72b1c52e82b","index":{"nums":[1,192,0,7,0,0,0],"html_filename":"pygeodesy_css_py.html","relative_filename":"pygeodesy/css.py"}},"pygeodesy_datum_py":{"hash":"47ec410a7b439d6849bfd6ed586fe524","index":{"nums":[1,7,0,0,0,0,0],"html_filename":"pygeodesy_datum_py.html","relative_filename":"pygeodesy/datum.py"}},"pygeodesy_datums_py":{"hash":"d43686b7057bf26817d112cc6f5d3778","index":{"nums":[1,141,6,7,0,0,0],"html_filename":"pygeodesy_datums_py.html","relative_filename":"pygeodesy/datums.py"}},"pygeodesy_deprecated_py":{"hash":"5135051e4c8cb75833e6654e6eec354e","index":{"nums":[1,97,40,0,0,0,0],"html_filename":"pygeodesy_deprecated_py.html","relative_filename":"pygeodesy/deprecated.py"}},"pygeodesy_dms_py":{"hash":"3ed3321c0a02d5c8a43c41ce93d97187","index":{"nums":[1,267,7,7,0,0,0],"html_filename":"pygeodesy_dms_py.html","relative_filename":"pygeodesy/dms.py"}},"pygeodesy_ecef_py":{"hash":"0ae1b6b91983333908eec7e341ea0157","index":{"nums":[1,365,25,15,0,0,0],"html_filename":"pygeodesy_ecef_py.html","relative_filename":"pygeodesy/ecef.py"}},"pygeodesy_elevations_py":{"hash":"d1058a48732c637e6a989b6ea5936afb","index":{"nums":[1,79,23,4,0,0,0],"html_filename":"pygeodesy_elevations_py.html","relative_filename":"pygeodesy/elevations.py"}},"pygeodesy_ellipsoidalBase_py":{"hash":"7e5f030765bc1de9e6dabd129914cd2e","index":{"nums":[1,259,18,12,0,0,0],"html_filename":"pygeodesy_ellipsoidalBase_py.html","relative_filename":"pygeodesy/ellipsoidalBase.py"}},"pygeodesy_ellipsoidalKarney_py":{"hash":"9a6639a96e976f4db1bbd2726a8fa750","index":{"nums":[1,82,5,0,0,0,0],"html_filename":"pygeodesy_ellipsoidalKarney_py.html","relative_filename":"pygeodesy/ellipsoidalKarney.py"}},"pygeodesy_ellipsoidalNvector_py":{"hash":"77ffa1e3e8ef9d50b484467a028ae1fc","index":{"nums":[1,172,6,5,0,0,0],"html_filename":"pygeodesy_ellipsoidalNvector_py.html","relative_filename":"pygeodesy/ellipsoidalNvector.py"}},"pygeodesy_ellipsoidalVincenty_py":{"hash":"592a94bedebebe8ef84715869b8a1242","index":{"nums":[1,150,16,2,0,0,0],"html_filename":"pygeodesy_ellipsoidalVincenty_py.html","relative_filename":"pygeodesy/ellipsoidalVincenty.py"}},"pygeodesy_ellipsoids_py":{"hash":"0258291e6ddbc14a5c396d002ea18174","index":{"nums":[1,562,22,13,0,0,0],"html_filename":"pygeodesy_ellipsoids_py.html","relative_filename":"pygeodesy/ellipsoids.py"}},"pygeodesy_elliptic_py":{"hash":"e4c33fd1febcfadf96ad881711105e52","index":{"nums":[1,342,25,10,0,0,0],"html_filename":"pygeodesy_elliptic_py.html","relative_filename":"pygeodesy/elliptic.py"}},"pygeodesy_epsg_py":{"hash":"be771d204d88daa5e30f522c733c6606","index":{"nums":[1,97,5,4,0,0,0],"html_filename":"pygeodesy_epsg_py.html","relative_filename":"pygeodesy/epsg.py"}},"pygeodesy_errors_py":{"hash":"6ab3b84e7f0fd90313574d682e8ad3ef","index":{"nums":[1,184,18,7,0,0,0],"html_filename":"pygeodesy_errors_py.html","relative_filename":"pygeodesy/errors.py"}},"pygeodesy_etm_py":{"hash":"f563ec38ff2970868a7f01a260f686bb","index":{"nums":[1,359,6,21,0,0,0],"html_filename":"pygeodesy_etm_py.html","relative_filename":"pygeodesy/etm.py"}},"pygeodesy_fmath_py":{"hash":"5ce39ffc505ed33f8f48cd7c59216f85","index":{"nums":[1,269,46,6,0,0,0],"html_filename":"pygeodesy_fmath_py.html","relative_filename":"pygeodesy/fmath.py"}},"pygeodesy_formy_py":{"hash":"5fff89691ef58d420bc7fcd090a67cd1","index":{"nums":[1,287,7,3,0,0,0],"html_filename":"pygeodesy_formy_py.html","relative_filename":"pygeodesy/formy.py"}},"pygeodesy_frechet_py":{"hash":"0b250ac823992ce3e15e702cfbb4d049","index":{"nums":[1,272,52,8,0,0,0],"html_filename":"pygeodesy_frechet_py.html","relative_filename":"pygeodesy/frechet.py"}},"pygeodesy_gars_py":{"hash":"540abfe0945257249f5c5e300690a863","index":{"nums":[1,158,8,6,0,0,0],"html_filename":"pygeodesy_gars_py.html","relative_filename":"pygeodesy/gars.py"}},"pygeodesy_geohash_py":{"hash":"6d10a3e997948a0a8e33821e27eef1f5","index":{"nums":[1,241,17,7,0,0,0],"html_filename":"pygeodesy_geohash_py.html","relative_filename":"pygeodesy/geohash.py"}},"pygeodesy_geoids_py":{"hash":"4a9c7b4478cbbdb004a40173c71da208","index":{"nums":[1,645,80,40,0,0,0],"html_filename":"pygeodesy_geoids_py.html","relative_filename":"pygeodesy/geoids.py"}},"pygeodesy_hausdorff_py":{"hash":"569a5ef95b580d5f1116a9c4377752b5","index":{"nums":[1,253,59,7,0,0,0],"html_filename":"pygeodesy_hausdorff_py.html","relative_filename":"pygeodesy/hausdorff.py"}},"pygeodesy_heights_py":{"hash":"c73b7d86fa369702d7e69ce437332e30","index":{"nums":[1,351,73,15,0,0,0],"html_filename":"pygeodesy_heights_py.html","relative_filename":"pygeodesy/heights.py"}},"pygeodesy_interns_py":{"hash":"1e1bd59310e0a159541219ef296dea9c","index":{"nums":[1,225,6,6,0,0,0],"html_filename":"pygeodesy_interns_py.html","relative_filename":"pygeodesy/interns.py"}},"pygeodesy_karney_py":{"hash":"e428e29093e11a3e6848cbdddbeed6dc","index":{"nums":[1,116,0,4,0,0,0],"html_filename":"pygeodesy_karney_py.html","relative_filename":"pygeodesy/karney.py"}},"pygeodesy_latlonBase_py":{"hash":"2029e564e26f95846317968fe0dc19b4","index":{"nums":[1,213,37,0,0,0,0],"html_filename":"pygeodesy_latlonBase_py.html","relative_filename":"pygeodesy/latlonBase.py"}},"pygeodesy_lazily_py":{"hash":"7c228fd03cf3f144fd08822580e052ab","index":{"nums":[1,104,19,5,0,0,0],"html_filename":"pygeodesy_lazily_py.html","relative_filename":"pygeodesy/lazily.py"}},"pygeodesy_lcc_py":{"hash":"ccbae8fbb25ab74e7cc1e56d08aebb93","index":{"nums":[1,241,13,7,0,0,0],"html_filename":"pygeodesy_lcc_py.html","relative_filename":"pygeodesy/lcc.py"}},"pygeodesy_mgrs_py":{"hash":"e798608d9d1c06360ccc06c1e23117b8","index":{"nums":[1,135,4,3,0,0,0],"html_filename":"pygeodesy_mgrs_py.html","relative_filename":"pygeodesy/mgrs.py"}},"pygeodesy_named_py":{"hash":"8fd81945bbafb7eebe4cec1ad0d8065d","index":{"nums":[1,306,50,19,0,0,0],"html_filename":"pygeodesy_named_py.html","relative_filename":"pygeodesy/named.py"}},"pygeodesy_namedTuples_py":{"hash":"902fab0b75804671c88743e88b8f9ea2","index":{"nums":[1,100,1,1,0,0,0],"html_filename":"pygeodesy_namedTuples_py.html","relative_filename":"pygeodesy/namedTuples.py"}},"pygeodesy_nvector_py":{"hash":"0fcb1462bc94903727777a6fbac9d8d1","index":{"nums":[1,6,0,0,0,0,0],"html_filename":"pygeodesy_nvector_py.html","relative_filename":"pygeodesy/nvector.py"}},"pygeodesy_nvectorBase_py":{"hash":"bdf5f01c1cf11b4e0571827bc4f1a158","index":{"nums":[1,142,16,3,0,0,0],"html_filename":"pygeodesy_nvectorBase_py.html","relative_filename":"pygeodesy/nvectorBase.py"}},"pygeodesy_osgr_py":{"hash":"7973b264f6121321fc29795700069847","index":{"nums":[1,206,9,12,0,0,0],"html_filename":"pygeodesy_osgr_py.html","relative_filename":"pygeodesy/osgr.py"}},"pygeodesy_points_py":{"hash":"edc61f7824e5d01dc75da1ac66d4e5e7","index":{"nums":[1,513,43,31,0,0,0],"html_filename":"pygeodesy_points_py.html","relative_filename":"pygeodesy/points.py"}},"pygeodesy_simplify_py":{"hash":"d24a1e8839b611a3deb3141b35017950","index":{"nums":[1,224,3,4,0,0,0],"html_filename":"pygeodesy_simplify_py.html","relative_filename":"pygeodesy/simplify.py"}},"pygeodesy_sphericalBase_py":{"hash":"12865ff05319285f21f44a693aeef999","index":{"nums":[1,144,6,9,0,0,0],"html_filename":"pygeodesy_sphericalBase_py.html","relative_filename":"pygeodesy/sphericalBase.py"}},"pygeodesy_sphericalNvector_py":{"hash":"88e70b3cea4812cd3a29de903edc079a","index":{"nums":[1,301,20,11,0,0,0],"html_filename":"pygeodesy_sphericalNvector_py.html","relative_filename":"pygeodesy/sphericalNvector.py"}},"pygeodesy_sphericalTrigonometry_py":{"hash":"d5226a2959ebfb48c7a9f668e1ae4a83","index":{"nums":[1,315,33,13,0,0,0],"html_filename":"pygeodesy_sphericalTrigonometry_py.html","relative_filename":"pygeodesy/sphericalTrigonometry.py"}},"pygeodesy_streprs_py":{"hash":"42a71855ad02ebf2d5c08d6fef36bd38","index":{"nums":[1,97,5,1,0,0,0],"html_filename":"pygeodesy_streprs_py.html","relative_filename":"pygeodesy/streprs.py"}},"pygeodesy_trf_py":{"hash":"15ce3e7bc1d590c9a0f3e6cd95b6a36d","index":{"nums":[1,110,10,2,0,0,0],"html_filename":"pygeodesy_trf_py.html","relative_filename":"pygeodesy/trf.py"}},"pygeodesy_units_py":{"hash":"4e7f7b8b89971f3e95e8693e868f8294","index":{"nums":[1,276,19,13,0,0,0],"html_filename":"pygeodesy_units_py.html","relative_filename":"pygeodesy/units.py"}},"pygeodesy_ups_py":{"hash":"e0524fcf684bcb9f0d3b9de49e275582","index":{"nums":[1,171,5,7,0,0,0],"html_filename":"pygeodesy_ups_py.html","relative_filename":"pygeodesy/ups.py"}},"pygeodesy_utily_py":{"hash":"0fe6c9c579bc1065fe51d4619d5f0910","index":{"nums":[1,157,3,4,0,0,0],"html_filename":"pygeodesy_utily_py.html","relative_filename":"pygeodesy/utily.py"}},"pygeodesy_utm_py":{"hash":"a0046cebab1f132a81717f83be5ae100","index":{"nums":[1,251,14,7,0,0,0],"html_filename":"pygeodesy_utm_py.html","relative_filename":"pygeodesy/utm.py"}},"pygeodesy_utmups_py":{"hash":"b1f353b2f07ee95ee0f89e9d9ee0c806","index":{"nums":[1,97,4,5,0,0,0],"html_filename":"pygeodesy_utmups_py.html","relative_filename":"pygeodesy/utmups.py"}},"pygeodesy_utmupsBase_py":{"hash":"107230257005478e4843374c1395e038","index":{"nums":[1,206,12,11,0,0,0],"html_filename":"pygeodesy_utmupsBase_py.html","relative_filename":"pygeodesy/utmupsBase.py"}},"pygeodesy_vector3d_py":{"hash":"302635d79475593de205d3d44dc3de51","index":{"nums":[1,252,27,13,0,0,0],"html_filename":"pygeodesy_vector3d_py.html","relative_filename":"pygeodesy/vector3d.py"}},"pygeodesy_webmercator_py":{"hash":"2341335d55dd003c0960e6d041466403","index":{"nums":[1,123,7,1,0,0,0],"html_filename":"pygeodesy_webmercator_py.html","relative_filename":"pygeodesy/webmercator.py"}},"pygeodesy_wgrs_py":{"hash":"727dd4cbf17800c360b6abbcd080d350","index":{"nums":[1,201,5,8,0,0,0],"html_filename":"pygeodesy_wgrs_py.html","relative_filename":"pygeodesy/wgrs.py"}}}}