{"format":1,"version":"4.5.4","settings":"f8327b47a203c356dfa99e766baaab49","files":{"pygeodesy___init___py":{"hash":"0bd9c0c5eaccd02bb3043b783f4d8c95","index":{"nums":[1,107,3,3,0,0,0],"html_filename":"pygeodesy___init___py.html","relative_filename":"pygeodesy/__init__.py"}},"pygeodesy_bases_py":{"hash":"596b5e3e8befc65af13ec19f5e492823","index":{"nums":[1,6,0,0,0,0,0],"html_filename":"pygeodesy_bases_py.html","relative_filename":"pygeodesy/bases.py"}},"pygeodesy_cartesianBase_py":{"hash":"92a7c914ed0c723f02bb2c1a9179b996","index":{"nums":[1,102,4,9,0,0,0],"html_filename":"pygeodesy_cartesianBase_py.html","relative_filename":"pygeodesy/cartesianBase.py"}},"pygeodesy_clipy_py":{"hash":"effc96b95bf3c959f4eed2f6b03acbb0","index":{"nums":[1,198,8,12,0,0,0],"html_filename":"pygeodesy_clipy_py.html","relative_filename":"pygeodesy/clipy.py"}},"pygeodesy_css_py":{"hash":"1b72c716bbc38a8bb94203d41a7d1aa8","index":{"nums":[1,177,4,19,0,0,0],"html_filename":"pygeodesy_css_py.html","relative_filename":"pygeodesy/css.py"}},"pygeodesy_datum_py":{"hash":"c7073a207c9c0e74384d6bc733de22b6","index":{"nums":[1,405,24,34,0,0,0],"html_filename":"pygeodesy_datum_py.html","relative_filename":"pygeodesy/datum.py"}},"pygeodesy_deprecated_py":{"hash":"3d7ecc406e4f2b5ec59352800166e273","index":{"nums":[1,77,0,0,0,0,0],"html_filename":"pygeodesy_deprecated_py.html","relative_filename":"pygeodesy/deprecated.py"}},"pygeodesy_dms_py":{"hash":"ad2560a3c612945d3f47ee8d31323517","index":{"nums":[1,201,12,17,0,0,0],"html_filename":"pygeodesy_dms_py.html","relative_filename":"pygeodesy/dms.py"}},"pygeodesy_ecef_py":{"hash":"2f251c02a318b4d6e92c837e69b93610","index":{"nums":[1,298,9,21,0,0,0],"html_filename":"pygeodesy_ecef_py.html","relative_filename":"pygeodesy/ecef.py"}},"pygeodesy_elevations_py":{"hash":"72c0212b7606b8306cc79997a535c6a8","index":{"nums":[1,72,19,7,0,0,0],"html_filename":"pygeodesy_elevations_py.html","relative_filename":"pygeodesy/elevations.py"}},"pygeodesy_ellipsoidalBase_py":{"hash":"638eb06f365a4887e7e5d86bf41faa8e","index":{"nums":[1,187,3,12,0,0,0],"html_filename":"pygeodesy_ellipsoidalBase_py.html","relative_filename":"pygeodesy/ellipsoidalBase.py"}},"pygeodesy_ellipsoidalKarney_py":{"hash":"0fdc3dcd0c1ef65ae3109f6a5b9d8e94","index":{"nums":[1,88,2,3,0,0,0],"html_filename":"pygeodesy_ellipsoidalKarney_py.html","relative_filename":"pygeodesy/ellipsoidalKarney.py"}},"pygeodesy_ellipsoidalNvector_py":{"hash":"05e6b703d466785d1a130a325f808b65","index":{"nums":[1,158,0,17,0,0,0],"html_filename":"pygeodesy_ellipsoidalNvector_py.html","relative_filename":"pygeodesy/ellipsoidalNvector.py"}},"pygeodesy_ellipsoidalVincenty_py":{"hash":"5318f2c5c65fd02d908c666c5a3a1a65","index":{"nums":[1,148,5,4,0,0,0],"html_filename":"pygeodesy_ellipsoidalVincenty_py.html","relative_filename":"pygeodesy/ellipsoidalVincenty.py"}},"pygeodesy_elliptic_py":{"hash":"71400aa0f4bf5894689de43686abc8bd","index":{"nums":[1,328,17,38,0,0,0],"html_filename":"pygeodesy_elliptic_py.html","relative_filename":"pygeodesy/elliptic.py"}},"pygeodesy_epsg_py":{"hash":"e1de7d2ab3d26fb4f0e2f12e42dae63a","index":{"nums":[1,92,5,4,0,0,0],"html_filename":"pygeodesy_epsg_py.html","relative_filename":"pygeodesy/epsg.py"}},"pygeodesy_etm_py":{"hash":"41e01d17785ea1b692eff939d4c7fd07","index":{"nums":[1,370,6,72,0,0,0],"html_filename":"pygeodesy_etm_py.html","relative_filename":"pygeodesy/etm.py"}},"pygeodesy_fmath_py":{"hash":"24d706c60663a01e51de49f26c909f9c","index":{"nums":[1,368,33,54,0,0,0],"html_filename":"pygeodesy_fmath_py.html","relative_filename":"pygeodesy/fmath.py"}},"pygeodesy_formy_py":{"hash":"5e055e2baae7f321255b5bfc4bd37b8e","index":{"nums":[1,109,5,8,0,0,0],"html_filename":"pygeodesy_formy_py.html","relative_filename":"pygeodesy/formy.py"}},"pygeodesy_frechet_py":{"hash":"2efd2487bda0cde274585478c9184a91","index":{"nums":[1,171,8,15,0,0,0],"html_filename":"pygeodesy_frechet_py.html","relative_filename":"pygeodesy/frechet.py"}},"pygeodesy_gars_py":{"hash":"2e3eae96caf5a8d40cb016807e0aa68f","index":{"nums":[1,158,10,8,0,0,0],"html_filename":"pygeodesy_gars_py.html","relative_filename":"pygeodesy/gars.py"}},"pygeodesy_geohash_py":{"hash":"867ed491bed456c6c29b5b67a2841f75","index":{"nums":[1,240,12,10,0,0,0],"html_filename":"pygeodesy_geohash_py.html","relative_filename":"pygeodesy/geohash.py"}},"pygeodesy_geoids_py":{"hash":"78912c8aa63039a96756220d8ae029c3","index":{"nums":[1,633,68,60,0,0,0],"html_filename":"pygeodesy_geoids_py.html","relative_filename":"pygeodesy/geoids.py"}},"pygeodesy_hausdorff_py":{"hash":"3c36f37c120a4a0c0afdf07189cc9c89","index":{"nums":[1,184,6,18,0,0,0],"html_filename":"pygeodesy_hausdorff_py.html","relative_filename":"pygeodesy/hausdorff.py"}},"pygeodesy_heights_py":{"hash":"c6498352aa7b667f57ce2cf25ae672e4","index":{"nums":[1,286,31,25,0,0,0],"html_filename":"pygeodesy_heights_py.html","relative_filename":"pygeodesy/heights.py"}},"pygeodesy_latlonBase_py":{"hash":"b8adef411a06932735dacefacdac32da","index":{"nums":[1,197,2,20,0,0,0],"html_filename":"pygeodesy_latlonBase_py.html","relative_filename":"pygeodesy/latlonBase.py"}},"pygeodesy_lazily_py":{"hash":"0711d1675f2aef4b4e8136d51f6c91d1","index":{"nums":[1,109,11,8,0,0,0],"html_filename":"pygeodesy_lazily_py.html","relative_filename":"pygeodesy/lazily.py"}},"pygeodesy_lcc_py":{"hash":"03aba23a35517c4f7c707412521851ee","index":{"nums":[1,211,7,20,0,0,0],"html_filename":"pygeodesy_lcc_py.html","relative_filename":"pygeodesy/lcc.py"}},"pygeodesy_mgrs_py":{"hash":"b3c95d3c4b941a01082db71f9d353f86","index":{"nums":[1,114,5,12,0,0,0],"html_filename":"pygeodesy_mgrs_py.html","relative_filename":"pygeodesy/mgrs.py"}},"pygeodesy_named_py":{"hash":"04e70d01b6f4179629471e95bfc9c2af","index":{"nums":[1,345,36,51,0,0,0],"html_filename":"pygeodesy_named_py.html","relative_filename":"pygeodesy/named.py"}},"pygeodesy_nvector_py":{"hash":"8b41402cd96860195b168236897eab8b","index":{"nums":[1,5,0,0,0,0,0],"html_filename":"pygeodesy_nvector_py.html","relative_filename":"pygeodesy/nvector.py"}},"pygeodesy_nvectorBase_py":{"hash":"1357bf045732c39b36b9a0a407b4fa88","index":{"nums":[1,100,1,14,0,0,0],"html_filename":"pygeodesy_nvectorBase_py.html","relative_filename":"pygeodesy/nvectorBase.py"}},"pygeodesy_osgr_py":{"hash":"6d015f3ec5475c5f990cfcea1970b626","index":{"nums":[1,177,8,8,0,0,0],"html_filename":"pygeodesy_osgr_py.html","relative_filename":"pygeodesy/osgr.py"}},"pygeodesy_points_py":{"hash":"9ac43f7f9b6de2e2e07669ef9a0614c3","index":{"nums":[1,475,23,50,0,0,0],"html_filename":"pygeodesy_points_py.html","relative_filename":"pygeodesy/points.py"}},"pygeodesy_simplify_py":{"hash":"99f3fa5215e79819109dae422c5e0477","index":{"nums":[1,220,3,19,0,0,0],"html_filename":"pygeodesy_simplify_py.html","relative_filename":"pygeodesy/simplify.py"}},"pygeodesy_sphericalBase_py":{"hash":"824ce9680c7e49a736f5586415150a76","index":{"nums":[1,103,3,7,0,0,0],"html_filename":"pygeodesy_sphericalBase_py.html","relative_filename":"pygeodesy/sphericalBase.py"}},"pygeodesy_sphericalNvector_py":{"hash":"1e99065dbf2d5bc238be1977a7fa92ee","index":{"nums":[1,298,4,19,0,0,0],"html_filename":"pygeodesy_sphericalNvector_py.html","relative_filename":"pygeodesy/sphericalNvector.py"}},"pygeodesy_sphericalTrigonometry_py":{"hash":"570c54f12750da665796799ecbd339a8","index":{"nums":[1,275,10,26,0,0,0],"html_filename":"pygeodesy_sphericalTrigonometry_py.html","relative_filename":"pygeodesy/sphericalTrigonometry.py"}},"pygeodesy_trf_py":{"hash":"08870240be58f16ae7d15f20de3c6864","index":{"nums":[1,76,11,6,0,0,0],"html_filename":"pygeodesy_trf_py.html","relative_filename":"pygeodesy/trf.py"}},"pygeodesy_ups_py":{"hash":"6ed1367841f6526edfb4ac4861d5229c","index":{"nums":[1,174,9,19,0,0,0],"html_filename":"pygeodesy_ups_py.html","relative_filename":"pygeodesy/ups.py"}},"pygeodesy_utily_py":{"hash":"f5746a26c32445f0d281b77a15dee553","index":{"nums":[1,205,12,7,0,0,0],"html_filename":"pygeodesy_utily_py.html","relative_filename":"pygeodesy/utily.py"}},"pygeodesy_utm_py":{"hash":"44653db4dd90080bc60e12d3f5cc606f","index":{"nums":[1,255,15,8,0,0,0],"html_filename":"pygeodesy_utm_py.html","relative_filename":"pygeodesy/utm.py"}},"pygeodesy_utmups_py":{"hash":"844ec6720485cd792a033c969c3b8001","index":{"nums":[1,100,4,10,0,0,0],"html_filename":"pygeodesy_utmups_py.html","relative_filename":"pygeodesy/utmups.py"}},"pygeodesy_utmupsBase_py":{"hash":"483048e263dda85a408634872def9e9a","index":{"nums":[1,127,4,6,0,0,0],"html_filename":"pygeodesy_utmupsBase_py.html","relative_filename":"pygeodesy/utmupsBase.py"}},"pygeodesy_vector3d_py":{"hash":"3a69b59e8242dc0ca3c7ba0a013e27b8","index":{"nums":[1,210,8,19,0,0,0],"html_filename":"pygeodesy_vector3d_py.html","relative_filename":"pygeodesy/vector3d.py"}},"pygeodesy_webmercator_py":{"hash":"7d3c48bebdb21673bbfef69702b7c30c","index":{"nums":[1,97,7,7,0,0,0],"html_filename":"pygeodesy_webmercator_py.html","relative_filename":"pygeodesy/webmercator.py"}},"pygeodesy_wgrs_py":{"hash":"64406252fe4aac91a1d1823164f0dbaa","index":{"nums":[1,214,13,32,0,0,0],"html_filename":"pygeodesy_wgrs_py.html","relative_filename":"pygeodesy/wgrs.py"}}}}