{"format":1,"version":"4.5.4","settings":"3ffaf705191be5a50dd2bdd53ce3b97f","files":{"pygeodesy___init___py":{"hash":"a45b2dfe79a94adea6dc6517dd5a7661","index":{"nums":[1,136,3,6,0,0,0],"html_filename":"pygeodesy___init___py.html","relative_filename":"pygeodesy/__init__.py"}},"pygeodesy_albers_py":{"hash":"1562d0c27177dca67384470e501322d2","index":{"nums":[1,379,6,16,0,0,0],"html_filename":"pygeodesy_albers_py.html","relative_filename":"pygeodesy/albers.py"}},"pygeodesy_azimuthal_py":{"hash":"10cfdba233ee386d819dd3c9b24f3339","index":{"nums":[1,274,12,7,0,0,0],"html_filename":"pygeodesy_azimuthal_py.html","relative_filename":"pygeodesy/azimuthal.py"}},"pygeodesy_basics_py":{"hash":"11daa0048d605fe7f7cee1ecb721f716","index":{"nums":[1,117,26,4,0,0,0],"html_filename":"pygeodesy_basics_py.html","relative_filename":"pygeodesy/basics.py"}},"pygeodesy_cartesianBase_py":{"hash":"5573e33c972a669df9ec996a28ab8098","index":{"nums":[1,154,12,6,0,0,0],"html_filename":"pygeodesy_cartesianBase_py.html","relative_filename":"pygeodesy/cartesianBase.py"}},"pygeodesy_clipy_py":{"hash":"9384d6b38328a71f76d437d33016d81b","index":{"nums":[1,297,16,13,0,0,0],"html_filename":"pygeodesy_clipy_py.html","relative_filename":"pygeodesy/clipy.py"}},"pygeodesy_css_py":{"hash":"f7b73c7533a327f16cf9ce6f3ab8debe","index":{"nums":[1,198,0,7,0,0,0],"html_filename":"pygeodesy_css_py.html","relative_filename":"pygeodesy/css.py"}},"pygeodesy_datums_py":{"hash":"3c6c9a8b11d16331635c50a70f140d85","index":{"nums":[1,164,17,5,0,0,0],"html_filename":"pygeodesy_datums_py.html","relative_filename":"pygeodesy/datums.py"}},"pygeodesy_deprecated___init___py":{"hash":"8ec8bbe31c1134ff37616f274f2d7689","index":{"nums":[1,105,39,4,0,0,0],"html_filename":"pygeodesy_deprecated___init___py.html","relative_filename":"pygeodesy/deprecated/__init__.py"}},"pygeodesy_deprecated_bases_py":{"hash":"15b491bd9179b11dc06ce9570ebca768","index":{"nums":[1,6,0,0,0,0,0],"html_filename":"pygeodesy_deprecated_bases_py.html","relative_filename":"pygeodesy/deprecated/bases.py"}},"pygeodesy_deprecated_datum_py":{"hash":"be109a7a187bb235a8a6147a0ec36ab4","index":{"nums":[1,5,0,0,0,0,0],"html_filename":"pygeodesy_deprecated_datum_py.html","relative_filename":"pygeodesy/deprecated/datum.py"}},"pygeodesy_deprecated_nvector_py":{"hash":"e13d276f0c72ccfb746dffcccc906e0a","index":{"nums":[1,8,0,0,0,0,0],"html_filename":"pygeodesy_deprecated_nvector_py.html","relative_filename":"pygeodesy/deprecated/nvector.py"}},"pygeodesy_dms_py":{"hash":"e506561656681f6f58540eed1a2a4e27","index":{"nums":[1,264,7,7,0,0,0],"html_filename":"pygeodesy_dms_py.html","relative_filename":"pygeodesy/dms.py"}},"pygeodesy_ecef_py":{"hash":"cfc61a488cf7893fba769da8a29eec5a","index":{"nums":[1,391,28,18,0,0,0],"html_filename":"pygeodesy_ecef_py.html","relative_filename":"pygeodesy/ecef.py"}},"pygeodesy_elevations_py":{"hash":"7ff0db5043ed40990898508bedd3fa35","index":{"nums":[1,80,22,4,0,0,0],"html_filename":"pygeodesy_elevations_py.html","relative_filename":"pygeodesy/elevations.py"}},"pygeodesy_ellipsoidalBase_py":{"hash":"7b1281ce8e908fecdebc6b42041a8a91","index":{"nums":[1,339,31,17,0,0,0],"html_filename":"pygeodesy_ellipsoidalBase_py.html","relative_filename":"pygeodesy/ellipsoidalBase.py"}},"pygeodesy_ellipsoidalKarney_py":{"hash":"c30c5545efd1ad055ead9c68f8bb667d","index":{"nums":[1,97,5,0,0,0,0],"html_filename":"pygeodesy_ellipsoidalKarney_py.html","relative_filename":"pygeodesy/ellipsoidalKarney.py"}},"pygeodesy_ellipsoidalNvector_py":{"hash":"ca66c43fae273e21e0f13a3c9eddd646","index":{"nums":[1,179,6,6,0,0,0],"html_filename":"pygeodesy_ellipsoidalNvector_py.html","relative_filename":"pygeodesy/ellipsoidalNvector.py"}},"pygeodesy_ellipsoidalVincenty_py":{"hash":"862cb33b6e459449b2231db559bb236b","index":{"nums":[1,181,15,7,0,0,0],"html_filename":"pygeodesy_ellipsoidalVincenty_py.html","relative_filename":"pygeodesy/ellipsoidalVincenty.py"}},"pygeodesy_ellipsoids_py":{"hash":"72db2e2338306d477cdf8d5f23704b79","index":{"nums":[1,609,21,30,0,0,0],"html_filename":"pygeodesy_ellipsoids_py.html","relative_filename":"pygeodesy/ellipsoids.py"}},"pygeodesy_elliptic_py":{"hash":"120e64c222afda9be61bebc1df471d69","index":{"nums":[1,359,25,13,0,0,0],"html_filename":"pygeodesy_elliptic_py.html","relative_filename":"pygeodesy/elliptic.py"}},"pygeodesy_epsg_py":{"hash":"f2b40e88ce9ba3bcd0799ee7e51b338e","index":{"nums":[1,103,5,4,0,0,0],"html_filename":"pygeodesy_epsg_py.html","relative_filename":"pygeodesy/epsg.py"}},"pygeodesy_errors_py":{"hash":"68b0c25718268d6d8e6f037dc6992629","index":{"nums":[1,206,19,6,0,0,0],"html_filename":"pygeodesy_errors_py.html","relative_filename":"pygeodesy/errors.py"}},"pygeodesy_etm_py":{"hash":"e95fd1a8cbf6997fa3411942c8acdbab","index":{"nums":[1,363,5,22,0,0,0],"html_filename":"pygeodesy_etm_py.html","relative_filename":"pygeodesy/etm.py"}},"pygeodesy_fmath_py":{"hash":"db753d0139122a20f00454be6af0271e","index":{"nums":[1,297,45,10,0,0,0],"html_filename":"pygeodesy_fmath_py.html","relative_filename":"pygeodesy/fmath.py"}},"pygeodesy_formy_py":{"hash":"25ad03e414ad8ab967835fd182eb378c","index":{"nums":[1,261,7,1,0,0,0],"html_filename":"pygeodesy_formy_py.html","relative_filename":"pygeodesy/formy.py"}},"pygeodesy_frechet_py":{"hash":"68c1bb57ff47321c8b66eaa905669cfa","index":{"nums":[1,255,50,5,0,0,0],"html_filename":"pygeodesy_frechet_py.html","relative_filename":"pygeodesy/frechet.py"}},"pygeodesy_gars_py":{"hash":"00f21b38f66de78a329548159d4265bd","index":{"nums":[1,150,8,6,0,0,0],"html_filename":"pygeodesy_gars_py.html","relative_filename":"pygeodesy/gars.py"}},"pygeodesy_geohash_py":{"hash":"73a0e1707103d97afd76c1db49e95944","index":{"nums":[1,275,8,11,0,0,0],"html_filename":"pygeodesy_geohash_py.html","relative_filename":"pygeodesy/geohash.py"}},"pygeodesy_geoids_py":{"hash":"cfd16192095eb8c7dabc5f155460abf9","index":{"nums":[1,672,88,35,0,0,0],"html_filename":"pygeodesy_geoids_py.html","relative_filename":"pygeodesy/geoids.py"}},"pygeodesy_hausdorff_py":{"hash":"9f90369a689aecde15524cf2a58e116a","index":{"nums":[1,261,59,8,0,0,0],"html_filename":"pygeodesy_hausdorff_py.html","relative_filename":"pygeodesy/hausdorff.py"}},"pygeodesy_heights_py":{"hash":"2af0e4f71b5330c5953122ade3c69d87","index":{"nums":[1,368,73,18,0,0,0],"html_filename":"pygeodesy_heights_py.html","relative_filename":"pygeodesy/heights.py"}},"pygeodesy_interns_py":{"hash":"6c86d2006bca43ad680231e3315c3315","index":{"nums":[1,317,5,6,0,0,0],"html_filename":"pygeodesy_interns_py.html","relative_filename":"pygeodesy/interns.py"}},"pygeodesy_karney_py":{"hash":"84a5b864351d12bf3ca264116dbec562","index":{"nums":[1,124,0,6,0,0,0],"html_filename":"pygeodesy_karney_py.html","relative_filename":"pygeodesy/karney.py"}},"pygeodesy_latlonBase_py":{"hash":"63fe11699b01e55c05d14b344dc17a8a","index":{"nums":[1,265,36,7,0,0,0],"html_filename":"pygeodesy_latlonBase_py.html","relative_filename":"pygeodesy/latlonBase.py"}},"pygeodesy_lazily_py":{"hash":"8de2e3821a41f3272bb55c39c5273d30","index":{"nums":[1,111,27,4,0,0,0],"html_filename":"pygeodesy_lazily_py.html","relative_filename":"pygeodesy/lazily.py"}},"pygeodesy_lcc_py":{"hash":"f077f63c91211ce1ef0ed4098631b327","index":{"nums":[1,270,13,10,0,0,0],"html_filename":"pygeodesy_lcc_py.html","relative_filename":"pygeodesy/lcc.py"}},"pygeodesy_mgrs_py":{"hash":"94fb6306de0b45dfcbbacc50d412ad67","index":{"nums":[1,156,4,4,0,0,0],"html_filename":"pygeodesy_mgrs_py.html","relative_filename":"pygeodesy/mgrs.py"}},"pygeodesy_named_py":{"hash":"cc4827bb00c8dbe9848ecfd438a45acb","index":{"nums":[1,406,62,21,0,0,0],"html_filename":"pygeodesy_named_py.html","relative_filename":"pygeodesy/named.py"}},"pygeodesy_namedTuples_py":{"hash":"f4229f9500638c6af23142b7be7cc234","index":{"nums":[1,141,0,1,0,0,0],"html_filename":"pygeodesy_namedTuples_py.html","relative_filename":"pygeodesy/namedTuples.py"}},"pygeodesy_nvectorBase_py":{"hash":"b9843afe353f12796ea3157dec6bed1e","index":{"nums":[1,234,21,12,0,0,0],"html_filename":"pygeodesy_nvectorBase_py.html","relative_filename":"pygeodesy/nvectorBase.py"}},"pygeodesy_osgr_py":{"hash":"da98f1f34b8c19b1dc8ff3535e9b7320","index":{"nums":[1,209,8,12,0,0,0],"html_filename":"pygeodesy_osgr_py.html","relative_filename":"pygeodesy/osgr.py"}},"pygeodesy_points_py":{"hash":"4514d8938bf95833700f489dfb65c153","index":{"nums":[1,558,42,32,0,0,0],"html_filename":"pygeodesy_points_py.html","relative_filename":"pygeodesy/points.py"}},"pygeodesy_props_py":{"hash":"421e3502abb5d14ba39124036d540dce","index":{"nums":[1,92,11,3,0,0,0],"html_filename":"pygeodesy_props_py.html","relative_filename":"pygeodesy/props.py"}},"pygeodesy_simplify_py":{"hash":"98cd0bb4b5996dbdb694b68cb0edf9d3","index":{"nums":[1,225,3,4,0,0,0],"html_filename":"pygeodesy_simplify_py.html","relative_filename":"pygeodesy/simplify.py"}},"pygeodesy_sphericalBase_py":{"hash":"7cb4e68d10fab9872027939b93646963","index":{"nums":[1,145,6,9,0,0,0],"html_filename":"pygeodesy_sphericalBase_py.html","relative_filename":"pygeodesy/sphericalBase.py"}},"pygeodesy_sphericalNvector_py":{"hash":"784ca10d04103e1a457d5e72a90c87be","index":{"nums":[1,258,17,13,0,0,0],"html_filename":"pygeodesy_sphericalNvector_py.html","relative_filename":"pygeodesy/sphericalNvector.py"}},"pygeodesy_sphericalTrigonometry_py":{"hash":"d1705c23bbaaa64b926982030d1c6dc3","index":{"nums":[1,329,36,14,0,0,0],"html_filename":"pygeodesy_sphericalTrigonometry_py.html","relative_filename":"pygeodesy/sphericalTrigonometry.py"}},"pygeodesy_streprs_py":{"hash":"08206c50f7982d57d804557fe2dd4121","index":{"nums":[1,206,10,10,0,0,0],"html_filename":"pygeodesy_streprs_py.html","relative_filename":"pygeodesy/streprs.py"}},"pygeodesy_trf_py":{"hash":"29a053756445f33f20608e03caada3bc","index":{"nums":[1,109,11,2,0,0,0],"html_filename":"pygeodesy_trf_py.html","relative_filename":"pygeodesy/trf.py"}},"pygeodesy_units_py":{"hash":"7cbac434ddf0664eaacb04e64639e149","index":{"nums":[1,354,16,20,0,0,0],"html_filename":"pygeodesy_units_py.html","relative_filename":"pygeodesy/units.py"}},"pygeodesy_ups_py":{"hash":"07e5d37606210cbde080c72e52d42268","index":{"nums":[1,173,5,8,0,0,0],"html_filename":"pygeodesy_ups_py.html","relative_filename":"pygeodesy/ups.py"}},"pygeodesy_utily_py":{"hash":"124aaaeaab506c1cbe098853170faa17","index":{"nums":[1,181,3,4,0,0,0],"html_filename":"pygeodesy_utily_py.html","relative_filename":"pygeodesy/utily.py"}},"pygeodesy_utm_py":{"hash":"ee8f0deae7bbc202f8fe2044041b2881","index":{"nums":[1,258,14,6,0,0,0],"html_filename":"pygeodesy_utm_py.html","relative_filename":"pygeodesy/utm.py"}},"pygeodesy_utmups_py":{"hash":"f25917b05faf6515031455558a814957","index":{"nums":[1,99,4,5,0,0,0],"html_filename":"pygeodesy_utmups_py.html","relative_filename":"pygeodesy/utmups.py"}},"pygeodesy_utmupsBase_py":{"hash":"0d835aa7b8cb5664c1e735b092ceda9e","index":{"nums":[1,185,12,11,0,0,0],"html_filename":"pygeodesy_utmupsBase_py.html","relative_filename":"pygeodesy/utmupsBase.py"}},"pygeodesy_vector3d_py":{"hash":"b8ee65eb94cc7f7691f727a0d95c0a93","index":{"nums":[1,368,34,22,0,0,0],"html_filename":"pygeodesy_vector3d_py.html","relative_filename":"pygeodesy/vector3d.py"}},"pygeodesy_webmercator_py":{"hash":"f91746bb2d19f8aa8edd3d28503d048b","index":{"nums":[1,119,7,1,0,0,0],"html_filename":"pygeodesy_webmercator_py.html","relative_filename":"pygeodesy/webmercator.py"}},"pygeodesy_wgrs_py":{"hash":"22392d6ad6577bf79bad33e727b5eafd","index":{"nums":[1,194,5,7,0,0,0],"html_filename":"pygeodesy_wgrs_py.html","relative_filename":"pygeodesy/wgrs.py"}}}}