{"format":2,"version":"7.2.2","globals":"22ab010c7c2fea586a559cac6ab8185e","files":{"pygeodesy___init___py":{"hash":"5a7e2c515248bf341ae3f445c6ae3c21","index":{"nums":[0,1,185,8,163,0,0,0],"html_filename":"pygeodesy___init___py.html","relative_filename":"pygeodesy/__init__.py"}},"pygeodesy_albers_py":{"hash":"62eecc57c40a3c5abc19ff51d354f473","index":{"nums":[0,1,423,21,13,0,0,0],"html_filename":"pygeodesy_albers_py.html","relative_filename":"pygeodesy/albers.py"}},"pygeodesy_auxilats__CX_4_py":{"hash":"efd313bba3277316ef784bfd160eb05b","index":{"nums":[0,1,9,0,0,0,0,0],"html_filename":"pygeodesy_auxilats__CX_4_py.html","relative_filename":"pygeodesy/auxilats/_CX_4.py"}},"pygeodesy_auxilats__CX_6_py":{"hash":"b6ea48fed92b04eae47216ebc3275eee","index":{"nums":[0,1,9,0,0,0,0,0],"html_filename":"pygeodesy_auxilats__CX_6_py.html","relative_filename":"pygeodesy/auxilats/_CX_6.py"}},"pygeodesy_auxilats__CX_8_py":{"hash":"cb0622622a55fdc354704a13427019c3","index":{"nums":[0,1,9,0,0,0,0,0],"html_filename":"pygeodesy_auxilats__CX_8_py.html","relative_filename":"pygeodesy/auxilats/_CX_8.py"}},"pygeodesy_auxilats___init___py":{"hash":"376d69f10092cef1e52e0524e6edc4d7","index":{"nums":[0,1,9,0,0,0,0,0],"html_filename":"pygeodesy_auxilats___init___py.html","relative_filename":"pygeodesy/auxilats/__init__.py"}},"pygeodesy_auxilats_auxAngle_py":{"hash":"eaa4f7cfbed7d49f9fc82ba46e42d18c","index":{"nums":[0,1,226,31,10,0,0,0],"html_filename":"pygeodesy_auxilats_auxAngle_py.html","relative_filename":"pygeodesy/auxilats/auxAngle.py"}},"pygeodesy_auxilats_auxDLat_py":{"hash":"1aada1773e51d4b54c17bd5731a187b2","index":{"nums":[0,1,149,10,8,0,0,0],"html_filename":"pygeodesy_auxilats_auxDLat_py.html","relative_filename":"pygeodesy/auxilats/auxDLat.py"}},"pygeodesy_auxilats_auxDST_py":{"hash":"913f2294af74e3a1c4a6770d3d3b4a8a","index":{"nums":[0,1,99,16,3,0,0,0],"html_filename":"pygeodesy_auxilats_auxDST_py.html","relative_filename":"pygeodesy/auxilats/auxDST.py"}},"pygeodesy_auxilats_auxLat_py":{"hash":"9bfe171df795175b67583066c617dca1","index":{"nums":[0,1,432,39,30,0,0,0],"html_filename":"pygeodesy_auxilats_auxLat_py.html","relative_filename":"pygeodesy/auxilats/auxLat.py"}},"pygeodesy_auxilats_auxily_py":{"hash":"cbbb449b7fcf18243bb305a19b2c57bb","index":{"nums":[0,1,114,29,8,0,0,0],"html_filename":"pygeodesy_auxilats_auxily_py.html","relative_filename":"pygeodesy/auxilats/auxily.py"}},"pygeodesy_azimuthal_py":{"hash":"1b236d5e39bc8f3d966db0cd3f2348f4","index":{"nums":[0,1,314,55,5,0,0,0],"html_filename":"pygeodesy_azimuthal_py.html","relative_filename":"pygeodesy/azimuthal.py"}},"pygeodesy_basics_py":{"hash":"d6ed9c73f14d347a9515c321b4ebb29f","index":{"nums":[0,1,241,92,21,0,0,0],"html_filename":"pygeodesy_basics_py.html","relative_filename":"pygeodesy/basics.py"}},"pygeodesy_booleans_py":{"hash":"d665e2c7b14caea7f22d7b032af2c143","index":{"nums":[0,1,981,118,60,0,0,0],"html_filename":"pygeodesy_booleans_py.html","relative_filename":"pygeodesy/booleans.py"}},"pygeodesy_cartesianBase_py":{"hash":"afb8308e3169d533f00fcc705de379e3","index":{"nums":[0,1,211,20,12,0,0,0],"html_filename":"pygeodesy_cartesianBase_py.html","relative_filename":"pygeodesy/cartesianBase.py"}},"pygeodesy_clipy_py":{"hash":"6e8c83b3e7a032b776afa431a8b3c431","index":{"nums":[0,1,317,18,14,0,0,0],"html_filename":"pygeodesy_clipy_py.html","relative_filename":"pygeodesy/clipy.py"}},"pygeodesy_constants_py":{"hash":"326b9236d3b75291d96d8c903f250615","index":{"nums":[0,1,194,68,4,0,0,0],"html_filename":"pygeodesy_constants_py.html","relative_filename":"pygeodesy/constants.py"}},"pygeodesy_css_py":{"hash":"b620b3e018fbca5d3eb1eb2d65d94471","index":{"nums":[0,1,235,11,5,0,0,0],"html_filename":"pygeodesy_css_py.html","relative_filename":"pygeodesy/css.py"}},"pygeodesy_datums_py":{"hash":"f46fcb52dce17529fd827fabcdc0cef6","index":{"nums":[0,1,218,17,13,0,0,0],"html_filename":"pygeodesy_datums_py.html","relative_filename":"pygeodesy/datums.py"}},"pygeodesy_deprecated___init___py":{"hash":"8b247c4967ae6bd43b57363f94575def","index":{"nums":[0,1,9,0,0,0,0,0],"html_filename":"pygeodesy_deprecated___init___py.html","relative_filename":"pygeodesy/deprecated/__init__.py"}},"pygeodesy_deprecated_bases_py":{"hash":"d1d59c6f293b66c16be8ab1b7354fd3a","index":{"nums":[0,1,6,0,0,0,0,0],"html_filename":"pygeodesy_deprecated_bases_py.html","relative_filename":"pygeodesy/deprecated/bases.py"}},"pygeodesy_deprecated_classes_py":{"hash":"64c57ba70dfcc9902dfc77630681062e","index":{"nums":[0,1,71,61,5,0,0,0],"html_filename":"pygeodesy_deprecated_classes_py.html","relative_filename":"pygeodesy/deprecated/classes.py"}},"pygeodesy_deprecated_consterns_py":{"hash":"577f80ced57402662d66571cf7853e3c","index":{"nums":[0,1,15,0,0,0,0,0],"html_filename":"pygeodesy_deprecated_consterns_py.html","relative_filename":"pygeodesy/deprecated/consterns.py"}},"pygeodesy_deprecated_datum_py":{"hash":"0feb2b1977af4032370af4fb0e0702fe","index":{"nums":[0,1,6,0,0,0,0,0],"html_filename":"pygeodesy_deprecated_datum_py.html","relative_filename":"pygeodesy/deprecated/datum.py"}},"pygeodesy_deprecated_functions_py":{"hash":"006c9047b21bf648f037ff45b49e34fe","index":{"nums":[0,1,71,121,5,0,0,0],"html_filename":"pygeodesy_deprecated_functions_py.html","relative_filename":"pygeodesy/deprecated/functions.py"}},"pygeodesy_deprecated_nvector_py":{"hash":"fbab890f7c3a6c9a2daa69c2cc167001","index":{"nums":[0,1,8,3,0,0,0,0],"html_filename":"pygeodesy_deprecated_nvector_py.html","relative_filename":"pygeodesy/deprecated/nvector.py"}},"pygeodesy_dms_py":{"hash":"68565b21fa27b20b53f82b52a853f5fa","index":{"nums":[0,1,283,33,13,0,0,0],"html_filename":"pygeodesy_dms_py.html","relative_filename":"pygeodesy/dms.py"}},"pygeodesy_ecef_py":{"hash":"f01904887406ba5e8feac3848b4fb52e","index":{"nums":[0,1,451,48,22,0,0,0],"html_filename":"pygeodesy_ecef_py.html","relative_filename":"pygeodesy/ecef.py"}},"pygeodesy_elevations_py":{"hash":"7fa211cfa02d897c58c76a56edd0c69c","index":{"nums":[0,1,70,36,14,0,0,0],"html_filename":"pygeodesy_elevations_py.html","relative_filename":"pygeodesy/elevations.py"}},"pygeodesy_ellipsoidalBase_py":{"hash":"3d547f519cf5d60ce9ecb1983bdc81ee","index":{"nums":[0,1,291,40,16,0,0,0],"html_filename":"pygeodesy_ellipsoidalBase_py.html","relative_filename":"pygeodesy/ellipsoidalBase.py"}},"pygeodesy_ellipsoidalBaseDI_py":{"hash":"b2bb0e812cdecc4561c32b222546fdcd","index":{"nums":[0,1,337,28,31,0,0,0],"html_filename":"pygeodesy_ellipsoidalBaseDI_py.html","relative_filename":"pygeodesy/ellipsoidalBaseDI.py"}},"pygeodesy_ellipsoidalExact_py":{"hash":"18667d061191e7fa06a1ee9b159b48ac","index":{"nums":[0,1,40,1,0,0,0,0],"html_filename":"pygeodesy_ellipsoidalExact_py.html","relative_filename":"pygeodesy/ellipsoidalExact.py"}},"pygeodesy_ellipsoidalGeodSolve_py":{"hash":"415a73dbeeda6c10d1e5ea5f54fe8dab","index":{"nums":[0,1,40,1,0,0,0,0],"html_filename":"pygeodesy_ellipsoidalGeodSolve_py.html","relative_filename":"pygeodesy/ellipsoidalGeodSolve.py"}},"pygeodesy_ellipsoidalKarney_py":{"hash":"9b5953af97dab04dfe00ac8d597843e0","index":{"nums":[0,1,42,4,0,0,0,0],"html_filename":"pygeodesy_ellipsoidalKarney_py.html","relative_filename":"pygeodesy/ellipsoidalKarney.py"}},"pygeodesy_ellipsoidalNvector_py":{"hash":"5ac4fd3e3777cb8c16d9e160552430c3","index":{"nums":[0,1,133,4,5,0,0,0],"html_filename":"pygeodesy_ellipsoidalNvector_py.html","relative_filename":"pygeodesy/ellipsoidalNvector.py"}},"pygeodesy_ellipsoidalVincenty_py":{"hash":"8b0f2a9122881fdd4f6770a219a45689","index":{"nums":[0,1,175,11,2,0,0,0],"html_filename":"pygeodesy_ellipsoidalVincenty_py.html","relative_filename":"pygeodesy/ellipsoidalVincenty.py"}},"pygeodesy_ellipsoids_py":{"hash":"44658928eba7c11ba1b93937c69d3b2a","index":{"nums":[0,1,751,75,29,0,0,0],"html_filename":"pygeodesy_ellipsoids_py.html","relative_filename":"pygeodesy/ellipsoids.py"}},"pygeodesy_elliptic_py":{"hash":"794d075f81cca43ce4bf130bde9e6343","index":{"nums":[0,1,480,52,19,0,0,0],"html_filename":"pygeodesy_elliptic_py.html","relative_filename":"pygeodesy/elliptic.py"}},"pygeodesy_epsg_py":{"hash":"3113a352cbb8a7af4ef8e86688af3cab","index":{"nums":[0,1,101,7,2,0,0,0],"html_filename":"pygeodesy_epsg_py.html","relative_filename":"pygeodesy/epsg.py"}},"pygeodesy_errors_py":{"hash":"7af40b3064b562f9bddaebfd61dabb64","index":{"nums":[0,1,275,49,20,0,0,0],"html_filename":"pygeodesy_errors_py.html","relative_filename":"pygeodesy/errors.py"}},"pygeodesy_etm_py":{"hash":"fb9e7c802eaed8cd40a13a8f2ba9cc1a","index":{"nums":[0,1,414,83,33,0,0,0],"html_filename":"pygeodesy_etm_py.html","relative_filename":"pygeodesy/etm.py"}},"pygeodesy_fmath_py":{"hash":"74466ef8bc9ea3dc0a2b39bee4563f4b","index":{"nums":[0,1,275,73,20,0,0,0],"html_filename":"pygeodesy_fmath_py.html","relative_filename":"pygeodesy/fmath.py"}},"pygeodesy_formy_py":{"hash":"79589a26fbf8c1ba5064181708431e27","index":{"nums":[0,1,435,19,9,0,0,0],"html_filename":"pygeodesy_formy_py.html","relative_filename":"pygeodesy/formy.py"}},"pygeodesy_frechet_py":{"hash":"a6173643d3306b348ddef361a33168fc","index":{"nums":[0,1,205,82,8,0,0,0],"html_filename":"pygeodesy_frechet_py.html","relative_filename":"pygeodesy/frechet.py"}},"pygeodesy_fstats_py":{"hash":"c6ca970b21de39ea157c34c85c5f1016","index":{"nums":[0,1,307,24,4,0,0,0],"html_filename":"pygeodesy_fstats_py.html","relative_filename":"pygeodesy/fstats.py"}},"pygeodesy_fsums_py":{"hash":"513842a2124f4806d513ab1f114972c4","index":{"nums":[0,1,702,113,36,0,0,0],"html_filename":"pygeodesy_fsums_py.html","relative_filename":"pygeodesy/fsums.py"}},"pygeodesy_gars_py":{"hash":"b6b786ec136156fb00b5d6168ae04383","index":{"nums":[0,1,141,10,3,0,0,0],"html_filename":"pygeodesy_gars_py.html","relative_filename":"pygeodesy/gars.py"}},"pygeodesy_geodesicw_py":{"hash":"35162d740f1ee67cc1446c2769933a80","index":{"nums":[0,1,207,14,22,0,0,0],"html_filename":"pygeodesy_geodesicw_py.html","relative_filename":"pygeodesy/geodesicw.py"}},"pygeodesy_geodesicx__C4_24_py":{"hash":"8f9c52a3e0fb364ea03115104a96e84e","index":{"nums":[0,1,7,2,0,0,0,0],"html_filename":"pygeodesy_geodesicx__C4_24_py.html","relative_filename":"pygeodesy/geodesicx/_C4_24.py"}},"pygeodesy_geodesicx__C4_27_py":{"hash":"1bd01b9c060c9effe0ab0a6630497db3","index":{"nums":[0,1,7,2,0,0,0,0],"html_filename":"pygeodesy_geodesicx__C4_27_py.html","relative_filename":"pygeodesy/geodesicx/_C4_27.py"}},"pygeodesy_geodesicx__C4_30_py":{"hash":"c8f24d6396bd1913d40e70365bcda2fb","index":{"nums":[0,1,7,2,0,0,0,0],"html_filename":"pygeodesy_geodesicx__C4_30_py.html","relative_filename":"pygeodesy/geodesicx/_C4_30.py"}},"pygeodesy_geodesicx___init___py":{"hash":"09bc6ed1662ccfc55ec8c969697205c5","index":{"nums":[0,1,7,0,0,0,0,0],"html_filename":"pygeodesy_geodesicx___init___py.html","relative_filename":"pygeodesy/geodesicx/__init__.py"}},"pygeodesy_geodesicx_gx_py":{"hash":"b5692af9a1ee6158045990c54cc20ae4","index":{"nums":[0,1,518,30,36,0,0,0],"html_filename":"pygeodesy_geodesicx_gx_py.html","relative_filename":"pygeodesy/geodesicx/gx.py"}},"pygeodesy_geodesicx_gxarea_py":{"hash":"e4de111a2f1de7a2e899ab676e0fa14f","index":{"nums":[0,1,213,29,10,0,0,0],"html_filename":"pygeodesy_geodesicx_gxarea_py.html","relative_filename":"pygeodesy/geodesicx/gxarea.py"}},"pygeodesy_geodesicx_gxbases_py":{"hash":"eca33fbfe946f4e65e56fa6baedcb97d","index":{"nums":[0,1,53,1,4,0,0,0],"html_filename":"pygeodesy_geodesicx_gxbases_py.html","relative_filename":"pygeodesy/geodesicx/gxbases.py"}},"pygeodesy_geodesicx_gxline_py":{"hash":"6471c6f7417c3f9ac769250f425d4182","index":{"nums":[0,1,247,28,10,0,0,0],"html_filename":"pygeodesy_geodesicx_gxline_py.html","relative_filename":"pygeodesy/geodesicx/gxline.py"}},"pygeodesy_geodsolve_py":{"hash":"70bcf2418f7dc2f723d7af96e0a24daf","index":{"nums":[0,1,79,45,5,0,0,0],"html_filename":"pygeodesy_geodsolve_py.html","relative_filename":"pygeodesy/geodsolve.py"}},"pygeodesy_geohash_py":{"hash":"4b228a85f970161a7d692f069dfd4612","index":{"nums":[0,1,283,20,11,0,0,0],"html_filename":"pygeodesy_geohash_py.html","relative_filename":"pygeodesy/geohash.py"}},"pygeodesy_geoids_py":{"hash":"4efe0d0ec1710121a08ee4c896f5094c","index":{"nums":[0,1,673,108,33,0,0,0],"html_filename":"pygeodesy_geoids_py.html","relative_filename":"pygeodesy/geoids.py"}},"pygeodesy_hausdorff_py":{"hash":"d195897756b9599c0efcd7e97b2b62b6","index":{"nums":[0,1,233,68,10,0,0,0],"html_filename":"pygeodesy_hausdorff_py.html","relative_filename":"pygeodesy/hausdorff.py"}},"pygeodesy_heights_py":{"hash":"ec6bd3ac59f86b0cad93aa663cd90cc0","index":{"nums":[0,1,312,98,15,0,0,0],"html_filename":"pygeodesy_heights_py.html","relative_filename":"pygeodesy/heights.py"}},"pygeodesy_interns_py":{"hash":"037559b5ef35dc2931c706a6e5b4786a","index":{"nums":[0,1,445,23,13,0,0,0],"html_filename":"pygeodesy_interns_py.html","relative_filename":"pygeodesy/interns.py"}},"pygeodesy_iters_py":{"hash":"3df2f127e3fafe969a2a17d039efd649","index":{"nums":[0,1,203,25,7,0,0,0],"html_filename":"pygeodesy_iters_py.html","relative_filename":"pygeodesy/iters.py"}},"pygeodesy_karney_py":{"hash":"265735ca36b61c5feadb327f6975538b","index":{"nums":[0,1,283,60,17,0,0,0],"html_filename":"pygeodesy_karney_py.html","relative_filename":"pygeodesy/karney.py"}},"pygeodesy_ktm_py":{"hash":"ac919d486aca9bd9fe7374af35083ae1","index":{"nums":[0,1,229,40,8,0,0,0],"html_filename":"pygeodesy_ktm_py.html","relative_filename":"pygeodesy/ktm.py"}},"pygeodesy_latlonBase_py":{"hash":"5a3b2f6f7f50d939a708bbd07dd705ae","index":{"nums":[0,1,463,66,36,0,0,0],"html_filename":"pygeodesy_latlonBase_py.html","relative_filename":"pygeodesy/latlonBase.py"}},"pygeodesy_lazily_py":{"hash":"41afe643416c4b425724858c93ef9ccf","index":{"nums":[0,1,154,77,23,0,0,0],"html_filename":"pygeodesy_lazily_py.html","relative_filename":"pygeodesy/lazily.py"}},"pygeodesy_lcc_py":{"hash":"68467099f9b65f8836885c87b53a12e7","index":{"nums":[0,1,281,14,11,0,0,0],"html_filename":"pygeodesy_lcc_py.html","relative_filename":"pygeodesy/lcc.py"}},"pygeodesy_ltp_py":{"hash":"08702f6a765ea90171e6a0f1380c6c2b","index":{"nums":[0,1,419,42,16,0,0,0],"html_filename":"pygeodesy_ltp_py.html","relative_filename":"pygeodesy/ltp.py"}},"pygeodesy_ltpTuples_py":{"hash":"0413b2feec2df9b40b5e223d05561bfe","index":{"nums":[0,1,556,40,31,0,0,0],"html_filename":"pygeodesy_ltpTuples_py.html","relative_filename":"pygeodesy/ltpTuples.py"}},"pygeodesy_mgrs_py":{"hash":"b6341e91741b5ff15d2f910f859b334e","index":{"nums":[0,1,265,52,2,0,0,0],"html_filename":"pygeodesy_mgrs_py.html","relative_filename":"pygeodesy/mgrs.py"}},"pygeodesy_named_py":{"hash":"53c72a917a21e399314a64b0ea2f35ef","index":{"nums":[0,1,451,109,16,0,0,0],"html_filename":"pygeodesy_named_py.html","relative_filename":"pygeodesy/named.py"}},"pygeodesy_namedTuples_py":{"hash":"0211dfbe1318199fdc27020a16166945","index":{"nums":[0,1,202,1,4,0,0,0],"html_filename":"pygeodesy_namedTuples_py.html","relative_filename":"pygeodesy/namedTuples.py"}},"pygeodesy_nvectorBase_py":{"hash":"c08d3a9dd8265c1216964b3043094994","index":{"nums":[0,1,248,23,12,0,0,0],"html_filename":"pygeodesy_nvectorBase_py.html","relative_filename":"pygeodesy/nvectorBase.py"}},"pygeodesy_osgr_py":{"hash":"caaa5144350641eba75b0f40c9840f92","index":{"nums":[0,1,303,65,9,0,0,0],"html_filename":"pygeodesy_osgr_py.html","relative_filename":"pygeodesy/osgr.py"}},"pygeodesy_points_py":{"hash":"4c2fb242474cfb17b64a6bd2b401d8ca","index":{"nums":[0,1,533,80,37,0,0,0],"html_filename":"pygeodesy_points_py.html","relative_filename":"pygeodesy/points.py"}},"pygeodesy_props_py":{"hash":"3c5c57e3bffa97941115473d53c916c7","index":{"nums":[0,1,207,55,4,0,0,0],"html_filename":"pygeodesy_props_py.html","relative_filename":"pygeodesy/props.py"}},"pygeodesy_resections_py":{"hash":"91107a35515f864c983e91fc9a205310","index":{"nums":[0,1,372,67,11,0,0,0],"html_filename":"pygeodesy_resections_py.html","relative_filename":"pygeodesy/resections.py"}},"pygeodesy_rhumbBase_py":{"hash":"ca260c18eae0c5379f66a8b17433bbda","index":{"nums":[0,1,380,69,28,0,0,0],"html_filename":"pygeodesy_rhumbBase_py.html","relative_filename":"pygeodesy/rhumbBase.py"}},"pygeodesy_rhumbaux_py":{"hash":"660bf4249d1292b295703a76f4171f2d","index":{"nums":[0,1,144,21,7,0,0,0],"html_filename":"pygeodesy_rhumbaux_py.html","relative_filename":"pygeodesy/rhumbaux.py"}},"pygeodesy_rhumbsolve_py":{"hash":"a7e973dde21e0565f356a1763c1e4b0f","index":{"nums":[0,1,102,58,11,0,0,0],"html_filename":"pygeodesy_rhumbsolve_py.html","relative_filename":"pygeodesy/rhumbsolve.py"}},"pygeodesy_rhumbx_py":{"hash":"4b5403b6e9c6d9f1621821e812b550fa","index":{"nums":[0,1,242,26,6,0,0,0],"html_filename":"pygeodesy_rhumbx_py.html","relative_filename":"pygeodesy/rhumbx.py"}},"pygeodesy_simplify_py":{"hash":"df34dfa2344a316b100595cd48e255d0","index":{"nums":[0,1,227,4,2,0,0,0],"html_filename":"pygeodesy_simplify_py.html","relative_filename":"pygeodesy/simplify.py"}},"pygeodesy_solveBase_py":{"hash":"a471902926f5f20ededc9d3a390b97c7","index":{"nums":[0,1,213,31,12,0,0,0],"html_filename":"pygeodesy_solveBase_py.html","relative_filename":"pygeodesy/solveBase.py"}},"pygeodesy_sphericalBase_py":{"hash":"09a7dcf493b9aced46ff2f4cf098d839","index":{"nums":[0,1,251,11,14,0,0,0],"html_filename":"pygeodesy_sphericalBase_py.html","relative_filename":"pygeodesy/sphericalBase.py"}},"pygeodesy_sphericalNvector_py":{"hash":"fb890db9a5947e17939501b29a4393f3","index":{"nums":[0,1,323,23,27,0,0,0],"html_filename":"pygeodesy_sphericalNvector_py.html","relative_filename":"pygeodesy/sphericalNvector.py"}},"pygeodesy_sphericalTrigonometry_py":{"hash":"ec4ac6204317bc791d19eef30dffc8e1","index":{"nums":[0,1,390,50,24,0,0,0],"html_filename":"pygeodesy_sphericalTrigonometry_py.html","relative_filename":"pygeodesy/sphericalTrigonometry.py"}},"pygeodesy_streprs_py":{"hash":"18a127e6e6420a2a25666551d977db50","index":{"nums":[0,1,269,19,12,0,0,0],"html_filename":"pygeodesy_streprs_py.html","relative_filename":"pygeodesy/streprs.py"}},"pygeodesy_trf_py":{"hash":"89263508508516952b13f323f826a13b","index":{"nums":[0,1,177,27,5,0,0,0],"html_filename":"pygeodesy_trf_py.html","relative_filename":"pygeodesy/trf.py"}},"pygeodesy_triaxials_py":{"hash":"a9c44bb87c82d2ce806a7adfb13f88ca","index":{"nums":[0,1,586,41,24,0,0,0],"html_filename":"pygeodesy_triaxials_py.html","relative_filename":"pygeodesy/triaxials.py"}},"pygeodesy_units_py":{"hash":"7dd01eab2894a44a852d62957015120e","index":{"nums":[0,1,299,18,19,0,0,0],"html_filename":"pygeodesy_units_py.html","relative_filename":"pygeodesy/units.py"}},"pygeodesy_unitsBase_py":{"hash":"9988d1c8797fbf50a297f0d26a94d924","index":{"nums":[0,1,101,6,1,0,0,0],"html_filename":"pygeodesy_unitsBase_py.html","relative_filename":"pygeodesy/unitsBase.py"}},"pygeodesy_ups_py":{"hash":"be6a9fdb66af43b44fcbf1177b8f451a","index":{"nums":[0,1,166,9,5,0,0,0],"html_filename":"pygeodesy_ups_py.html","relative_filename":"pygeodesy/ups.py"}},"pygeodesy_utily_py":{"hash":"1bbc1cde9427d64ef35acb38320ea371","index":{"nums":[0,1,339,14,32,0,0,0],"html_filename":"pygeodesy_utily_py.html","relative_filename":"pygeodesy/utily.py"}},"pygeodesy_utm_py":{"hash":"2ac7a1d5f080e26cafe9513dd8e6e14a","index":{"nums":[0,1,266,20,8,0,0,0],"html_filename":"pygeodesy_utm_py.html","relative_filename":"pygeodesy/utm.py"}},"pygeodesy_utmups_py":{"hash":"d6ac77bbadb2cfa0ffeac91f3da61faa","index":{"nums":[0,1,87,13,2,0,0,0],"html_filename":"pygeodesy_utmups_py.html","relative_filename":"pygeodesy/utmups.py"}},"pygeodesy_utmupsBase_py":{"hash":"fec803c1ee7dafc76eed047003ec71f2","index":{"nums":[0,1,236,24,6,0,0,0],"html_filename":"pygeodesy_utmupsBase_py.html","relative_filename":"pygeodesy/utmupsBase.py"}},"pygeodesy_vector2d_py":{"hash":"633e9edeb124fd97acfc58948cba9f99","index":{"nums":[0,1,319,24,7,0,0,0],"html_filename":"pygeodesy_vector2d_py.html","relative_filename":"pygeodesy/vector2d.py"}},"pygeodesy_vector3d_py":{"hash":"b310a3e9fcc80beb58aa57bd1bbfbb44","index":{"nums":[0,1,235,44,9,0,0,0],"html_filename":"pygeodesy_vector3d_py.html","relative_filename":"pygeodesy/vector3d.py"}},"pygeodesy_vector3dBase_py":{"hash":"3913ebfb7b2ff5b635186dc8c0f73953","index":{"nums":[0,1,282,100,21,0,0,0],"html_filename":"pygeodesy_vector3dBase_py.html","relative_filename":"pygeodesy/vector3dBase.py"}},"pygeodesy_webmercator_py":{"hash":"72d7bf76546b17eea01d6add44a63734","index":{"nums":[0,1,129,13,1,0,0,0],"html_filename":"pygeodesy_webmercator_py.html","relative_filename":"pygeodesy/webmercator.py"}},"pygeodesy_wgrs_py":{"hash":"a6da2d2fa7726e3f8d436c8f64f6b107","index":{"nums":[0,1,188,7,4,0,0,0],"html_filename":"pygeodesy_wgrs_py.html","relative_filename":"pygeodesy/wgrs.py"}}}}