{"format":2,"version":"7.2.2","globals":"18d71fb5a560519c5803e400e95226cb","files":{"pygeodesy___init___py":{"hash":"623017dc684b824ae279c0aa22416ee8","index":{"nums":[0,1,183,8,4,0,0,0],"html_filename":"pygeodesy___init___py.html","relative_filename":"pygeodesy/__init__.py"}},"pygeodesy_albers_py":{"hash":"1101f824c803b09e86acce31adcf4f31","index":{"nums":[0,1,420,21,13,0,0,0],"html_filename":"pygeodesy_albers_py.html","relative_filename":"pygeodesy/albers.py"}},"pygeodesy_auxilats__CX_4_py":{"hash":"000da220286bf6a795cb2ee67d2ee533","index":{"nums":[0,1,9,0,0,0,0,0],"html_filename":"pygeodesy_auxilats__CX_4_py.html","relative_filename":"pygeodesy/auxilats/_CX_4.py"}},"pygeodesy_auxilats__CX_6_py":{"hash":"56b62289dac74f9f52ed5dbed9443e9c","index":{"nums":[0,1,9,0,0,0,0,0],"html_filename":"pygeodesy_auxilats__CX_6_py.html","relative_filename":"pygeodesy/auxilats/_CX_6.py"}},"pygeodesy_auxilats__CX_8_py":{"hash":"f6a8144e5aef80ed78c3fab1947004b1","index":{"nums":[0,1,9,0,0,0,0,0],"html_filename":"pygeodesy_auxilats__CX_8_py.html","relative_filename":"pygeodesy/auxilats/_CX_8.py"}},"pygeodesy_auxilats___init___py":{"hash":"5c917d4f3c15c0ca82cea189a060ea4b","index":{"nums":[0,1,9,0,0,0,0,0],"html_filename":"pygeodesy_auxilats___init___py.html","relative_filename":"pygeodesy/auxilats/__init__.py"}},"pygeodesy_auxilats_auxAngle_py":{"hash":"10a5134beb1abe6e8a0b2e553d1e55f1","index":{"nums":[0,1,227,33,10,0,0,0],"html_filename":"pygeodesy_auxilats_auxAngle_py.html","relative_filename":"pygeodesy/auxilats/auxAngle.py"}},"pygeodesy_auxilats_auxDLat_py":{"hash":"e1336c54bf9fa887f8df28a6e799b5aa","index":{"nums":[0,1,149,10,8,0,0,0],"html_filename":"pygeodesy_auxilats_auxDLat_py.html","relative_filename":"pygeodesy/auxilats/auxDLat.py"}},"pygeodesy_auxilats_auxDST_py":{"hash":"7ca1ca5bfca2b839785d3bcbc623672a","index":{"nums":[0,1,100,16,3,0,0,0],"html_filename":"pygeodesy_auxilats_auxDST_py.html","relative_filename":"pygeodesy/auxilats/auxDST.py"}},"pygeodesy_auxilats_auxLat_py":{"hash":"860f4df65e40a78091d0b04323c78007","index":{"nums":[0,1,444,40,34,0,0,0],"html_filename":"pygeodesy_auxilats_auxLat_py.html","relative_filename":"pygeodesy/auxilats/auxLat.py"}},"pygeodesy_auxilats_auxily_py":{"hash":"8c867c37732b0db0e538004896cbd325","index":{"nums":[0,1,114,29,8,0,0,0],"html_filename":"pygeodesy_auxilats_auxily_py.html","relative_filename":"pygeodesy/auxilats/auxily.py"}},"pygeodesy_azimuthal_py":{"hash":"6a66e729cec9508d3a8733dae678017c","index":{"nums":[0,1,320,55,3,0,0,0],"html_filename":"pygeodesy_azimuthal_py.html","relative_filename":"pygeodesy/azimuthal.py"}},"pygeodesy_basics_py":{"hash":"7cdfade8354d013214a0166e9ae75c1b","index":{"nums":[0,1,262,106,28,0,0,0],"html_filename":"pygeodesy_basics_py.html","relative_filename":"pygeodesy/basics.py"}},"pygeodesy_booleans_py":{"hash":"8d6558e864c49cbb1ed33ec14ad651cb","index":{"nums":[0,1,981,117,60,0,0,0],"html_filename":"pygeodesy_booleans_py.html","relative_filename":"pygeodesy/booleans.py"}},"pygeodesy_cartesianBase_py":{"hash":"77df29c018d0670c59cd687650687844","index":{"nums":[0,1,330,23,31,0,0,0],"html_filename":"pygeodesy_cartesianBase_py.html","relative_filename":"pygeodesy/cartesianBase.py"}},"pygeodesy_clipy_py":{"hash":"4c2803e612b9abd07da8ce614d650d09","index":{"nums":[0,1,317,18,14,0,0,0],"html_filename":"pygeodesy_clipy_py.html","relative_filename":"pygeodesy/clipy.py"}},"pygeodesy_constants_py":{"hash":"bdbda780eae97808290a25f17c7be58f","index":{"nums":[0,1,192,67,3,0,0,0],"html_filename":"pygeodesy_constants_py.html","relative_filename":"pygeodesy/constants.py"}},"pygeodesy_css_py":{"hash":"397090e9daec164509034f3415b01cb4","index":{"nums":[0,1,236,11,6,0,0,0],"html_filename":"pygeodesy_css_py.html","relative_filename":"pygeodesy/css.py"}},"pygeodesy_datums_py":{"hash":"6186e6df874f9c1e18496e570ef9a613","index":{"nums":[0,1,253,11,13,0,0,0],"html_filename":"pygeodesy_datums_py.html","relative_filename":"pygeodesy/datums.py"}},"pygeodesy_deprecated___init___py":{"hash":"c54e576f57d478e81e0560884fd3740b","index":{"nums":[0,1,14,0,0,0,0,0],"html_filename":"pygeodesy_deprecated___init___py.html","relative_filename":"pygeodesy/deprecated/__init__.py"}},"pygeodesy_deprecated_bases_py":{"hash":"bb31d151eb672206b09630d28f593737","index":{"nums":[0,1,6,3,0,0,0,0],"html_filename":"pygeodesy_deprecated_bases_py.html","relative_filename":"pygeodesy/deprecated/bases.py"}},"pygeodesy_deprecated_classes_py":{"hash":"9de80f89077b1914a8b334864d166e4c","index":{"nums":[0,1,74,65,5,0,0,0],"html_filename":"pygeodesy_deprecated_classes_py.html","relative_filename":"pygeodesy/deprecated/classes.py"}},"pygeodesy_deprecated_consterns_py":{"hash":"15d12de4c9357639449c83c0fd9106ec","index":{"nums":[0,1,15,0,0,0,0,0],"html_filename":"pygeodesy_deprecated_consterns_py.html","relative_filename":"pygeodesy/deprecated/consterns.py"}},"pygeodesy_deprecated_datum_py":{"hash":"131476290e4bc80b5e13c83472258812","index":{"nums":[0,1,8,0,0,0,0,0],"html_filename":"pygeodesy_deprecated_datum_py.html","relative_filename":"pygeodesy/deprecated/datum.py"}},"pygeodesy_deprecated_functions_py":{"hash":"897d9ebacdc6ba7c698ad27213021d1c","index":{"nums":[0,1,68,122,5,0,0,0],"html_filename":"pygeodesy_deprecated_functions_py.html","relative_filename":"pygeodesy/deprecated/functions.py"}},"pygeodesy_deprecated_nvector_py":{"hash":"e21ef5401b1ef843225f069c033ef19a","index":{"nums":[0,1,7,5,0,0,0,0],"html_filename":"pygeodesy_deprecated_nvector_py.html","relative_filename":"pygeodesy/deprecated/nvector.py"}},"pygeodesy_deprecated_rhumbBase_py":{"hash":"9a531ef9a7bafa8051743fb706f93825","index":{"nums":[0,1,4,0,0,0,0,0],"html_filename":"pygeodesy_deprecated_rhumbBase_py.html","relative_filename":"pygeodesy/deprecated/rhumbBase.py"}},"pygeodesy_deprecated_rhumbaux_py":{"hash":"6b5ea00efacb8b67c2de8d2eeb08b2e4","index":{"nums":[0,1,5,0,0,0,0,0],"html_filename":"pygeodesy_deprecated_rhumbaux_py.html","relative_filename":"pygeodesy/deprecated/rhumbaux.py"}},"pygeodesy_deprecated_rhumbsolve_py":{"hash":"990ea849524ecbe886710e2b69060dbe","index":{"nums":[0,1,5,0,0,0,0,0],"html_filename":"pygeodesy_deprecated_rhumbsolve_py.html","relative_filename":"pygeodesy/deprecated/rhumbsolve.py"}},"pygeodesy_deprecated_rhumbx_py":{"hash":"6d1a1aa9fa1ff9535f65303f2fdac8ab","index":{"nums":[0,1,5,0,0,0,0,0],"html_filename":"pygeodesy_deprecated_rhumbx_py.html","relative_filename":"pygeodesy/deprecated/rhumbx.py"}},"pygeodesy_dms_py":{"hash":"533ec68096d0baf23073eec64241906e","index":{"nums":[0,1,285,34,13,0,0,0],"html_filename":"pygeodesy_dms_py.html","relative_filename":"pygeodesy/dms.py"}},"pygeodesy_ecef_py":{"hash":"bdadc8950a13c56f05b50cc1888562c1","index":{"nums":[0,1,456,45,22,0,0,0],"html_filename":"pygeodesy_ecef_py.html","relative_filename":"pygeodesy/ecef.py"}},"pygeodesy_elevations_py":{"hash":"a836e989ea2881f165d1cb5b195dea6a","index":{"nums":[0,1,70,36,14,0,0,0],"html_filename":"pygeodesy_elevations_py.html","relative_filename":"pygeodesy/elevations.py"}},"pygeodesy_ellipsoidalBase_py":{"hash":"6e006d0c510fdb3ee7bbee5e43d80ed0","index":{"nums":[0,1,302,46,28,0,0,0],"html_filename":"pygeodesy_ellipsoidalBase_py.html","relative_filename":"pygeodesy/ellipsoidalBase.py"}},"pygeodesy_ellipsoidalBaseDI_py":{"hash":"1f629122d3a5f78b456ad70453d7a843","index":{"nums":[0,1,330,28,31,0,0,0],"html_filename":"pygeodesy_ellipsoidalBaseDI_py.html","relative_filename":"pygeodesy/ellipsoidalBaseDI.py"}},"pygeodesy_ellipsoidalExact_py":{"hash":"81c1f77ec3b997516d1ef695ddc2f9ac","index":{"nums":[0,1,40,1,0,0,0,0],"html_filename":"pygeodesy_ellipsoidalExact_py.html","relative_filename":"pygeodesy/ellipsoidalExact.py"}},"pygeodesy_ellipsoidalGeodSolve_py":{"hash":"491ad3724ab95146e26127a4f6a27616","index":{"nums":[0,1,40,1,0,0,0,0],"html_filename":"pygeodesy_ellipsoidalGeodSolve_py.html","relative_filename":"pygeodesy/ellipsoidalGeodSolve.py"}},"pygeodesy_ellipsoidalKarney_py":{"hash":"6af130cb8c722e0fb00c22ef8eca49c9","index":{"nums":[0,1,42,4,0,0,0,0],"html_filename":"pygeodesy_ellipsoidalKarney_py.html","relative_filename":"pygeodesy/ellipsoidalKarney.py"}},"pygeodesy_ellipsoidalNvector_py":{"hash":"3023e96cfc14b112257ce85d2de0898f","index":{"nums":[0,1,136,4,5,0,0,0],"html_filename":"pygeodesy_ellipsoidalNvector_py.html","relative_filename":"pygeodesy/ellipsoidalNvector.py"}},"pygeodesy_ellipsoidalVincenty_py":{"hash":"ac7697049c8206e0f9aea8a408d13957","index":{"nums":[0,1,178,11,2,0,0,0],"html_filename":"pygeodesy_ellipsoidalVincenty_py.html","relative_filename":"pygeodesy/ellipsoidalVincenty.py"}},"pygeodesy_ellipsoids_py":{"hash":"e1b05f4dcf99257f57d439a9f1ef0bc4","index":{"nums":[0,1,758,75,27,0,0,0],"html_filename":"pygeodesy_ellipsoids_py.html","relative_filename":"pygeodesy/ellipsoids.py"}},"pygeodesy_elliptic_py":{"hash":"88486ab573f2ca2fec139ca2ffdaec48","index":{"nums":[0,1,485,52,19,0,0,0],"html_filename":"pygeodesy_elliptic_py.html","relative_filename":"pygeodesy/elliptic.py"}},"pygeodesy_epsg_py":{"hash":"3849de41942b635bc9ad93d29d7ace90","index":{"nums":[0,1,101,7,2,0,0,0],"html_filename":"pygeodesy_epsg_py.html","relative_filename":"pygeodesy/epsg.py"}},"pygeodesy_errors_py":{"hash":"8232a6d7b20f5b1b16c0b3e89a18d147","index":{"nums":[0,1,291,43,20,0,0,0],"html_filename":"pygeodesy_errors_py.html","relative_filename":"pygeodesy/errors.py"}},"pygeodesy_etm_py":{"hash":"f01a558852e43b9600b65958862d6293","index":{"nums":[0,1,413,87,33,0,0,0],"html_filename":"pygeodesy_etm_py.html","relative_filename":"pygeodesy/etm.py"}},"pygeodesy_fmath_py":{"hash":"8a5837c8d97bf9683b9c694a2009829d","index":{"nums":[0,1,314,74,32,0,0,0],"html_filename":"pygeodesy_fmath_py.html","relative_filename":"pygeodesy/fmath.py"}},"pygeodesy_formy_py":{"hash":"fa864489fdec95b2de415b318c6f1850","index":{"nums":[0,1,440,22,10,0,0,0],"html_filename":"pygeodesy_formy_py.html","relative_filename":"pygeodesy/formy.py"}},"pygeodesy_frechet_py":{"hash":"b37a6644aea98c5336c5a59ebb1202fc","index":{"nums":[0,1,217,76,9,0,0,0],"html_filename":"pygeodesy_frechet_py.html","relative_filename":"pygeodesy/frechet.py"}},"pygeodesy_fstats_py":{"hash":"f47771f9f4c16bf4b9d4caf806e30c54","index":{"nums":[0,1,327,26,6,0,0,0],"html_filename":"pygeodesy_fstats_py.html","relative_filename":"pygeodesy/fstats.py"}},"pygeodesy_fsums_py":{"hash":"97fc1a161218cc46d5a79e1370e65516","index":{"nums":[0,1,895,104,28,0,0,0],"html_filename":"pygeodesy_fsums_py.html","relative_filename":"pygeodesy/fsums.py"}},"pygeodesy_gars_py":{"hash":"984f24476c75d405fc53159caad5b968","index":{"nums":[0,1,142,10,3,0,0,0],"html_filename":"pygeodesy_gars_py.html","relative_filename":"pygeodesy/gars.py"}},"pygeodesy_geodesicw_py":{"hash":"4d46ac3d2291b9e956f49830f2685eda","index":{"nums":[0,1,222,15,24,0,0,0],"html_filename":"pygeodesy_geodesicw_py.html","relative_filename":"pygeodesy/geodesicw.py"}},"pygeodesy_geodesicx__C4_24_py":{"hash":"75440ebcfb98ece6decfb99eadc997c1","index":{"nums":[0,1,7,2,0,0,0,0],"html_filename":"pygeodesy_geodesicx__C4_24_py.html","relative_filename":"pygeodesy/geodesicx/_C4_24.py"}},"pygeodesy_geodesicx__C4_27_py":{"hash":"27b14f614a0dac585cdf878a0e82a462","index":{"nums":[0,1,7,2,0,0,0,0],"html_filename":"pygeodesy_geodesicx__C4_27_py.html","relative_filename":"pygeodesy/geodesicx/_C4_27.py"}},"pygeodesy_geodesicx__C4_30_py":{"hash":"66d1fa1dd5e4f2a870967e2a50037b1b","index":{"nums":[0,1,7,2,0,0,0,0],"html_filename":"pygeodesy_geodesicx__C4_30_py.html","relative_filename":"pygeodesy/geodesicx/_C4_30.py"}},"pygeodesy_geodesicx___init___py":{"hash":"49d893f410c1d1878916286c7413f9e1","index":{"nums":[0,1,7,0,0,0,0,0],"html_filename":"pygeodesy_geodesicx___init___py.html","relative_filename":"pygeodesy/geodesicx/__init__.py"}},"pygeodesy_geodesicx_gx_py":{"hash":"bd0f3e45820351425d95aaeb2fc053ff","index":{"nums":[0,1,522,30,35,0,0,0],"html_filename":"pygeodesy_geodesicx_gx_py.html","relative_filename":"pygeodesy/geodesicx/gx.py"}},"pygeodesy_geodesicx_gxarea_py":{"hash":"1a6bebde9e9422b7b1abde9795fa860d","index":{"nums":[0,1,213,29,10,0,0,0],"html_filename":"pygeodesy_geodesicx_gxarea_py.html","relative_filename":"pygeodesy/geodesicx/gxarea.py"}},"pygeodesy_geodesicx_gxbases_py":{"hash":"c73a73aabfcfe08b7f1a0e23ac359056","index":{"nums":[0,1,55,1,4,0,0,0],"html_filename":"pygeodesy_geodesicx_gxbases_py.html","relative_filename":"pygeodesy/geodesicx/gxbases.py"}},"pygeodesy_geodesicx_gxline_py":{"hash":"63a53dc1dc228cc77cab735ee376e354","index":{"nums":[0,1,237,28,7,0,0,0],"html_filename":"pygeodesy_geodesicx_gxline_py.html","relative_filename":"pygeodesy/geodesicx/gxline.py"}},"pygeodesy_geodsolve_py":{"hash":"fefcf028a8518bb6962acb61d43d57ea","index":{"nums":[0,1,81,46,5,0,0,0],"html_filename":"pygeodesy_geodsolve_py.html","relative_filename":"pygeodesy/geodsolve.py"}},"pygeodesy_geohash_py":{"hash":"f4157d276041e044dadf376ddb037f9a","index":{"nums":[0,1,294,20,9,0,0,0],"html_filename":"pygeodesy_geohash_py.html","relative_filename":"pygeodesy/geohash.py"}},"pygeodesy_geoids_py":{"hash":"a10db9b80ca7cfa434166773d330b3bb","index":{"nums":[0,1,673,108,29,0,0,0],"html_filename":"pygeodesy_geoids_py.html","relative_filename":"pygeodesy/geoids.py"}},"pygeodesy_hausdorff_py":{"hash":"262b0c26b70a575a78ac4403230e31c8","index":{"nums":[0,1,244,63,11,0,0,0],"html_filename":"pygeodesy_hausdorff_py.html","relative_filename":"pygeodesy/hausdorff.py"}},"pygeodesy_heights_py":{"hash":"da21accbad800a61eb4a199917dbc5ee","index":{"nums":[0,1,322,107,12,0,0,0],"html_filename":"pygeodesy_heights_py.html","relative_filename":"pygeodesy/heights.py"}},"pygeodesy_internals_py":{"hash":"80a6c638881a7a3ae5dafd256b478094","index":{"nums":[0,1,210,71,13,0,0,0],"html_filename":"pygeodesy_internals_py.html","relative_filename":"pygeodesy/internals.py"}},"pygeodesy_interns_py":{"hash":"3d36d4f255f4ee79a3d0e2f44f76a83d","index":{"nums":[0,1,354,15,2,0,0,0],"html_filename":"pygeodesy_interns_py.html","relative_filename":"pygeodesy/interns.py"}},"pygeodesy_iters_py":{"hash":"a722aea7e1ad4c4fa1e77416210ff45d","index":{"nums":[0,1,205,25,7,0,0,0],"html_filename":"pygeodesy_iters_py.html","relative_filename":"pygeodesy/iters.py"}},"pygeodesy_karney_py":{"hash":"9df376205a23d7d80a04d6ad270472e0","index":{"nums":[0,1,287,61,17,0,0,0],"html_filename":"pygeodesy_karney_py.html","relative_filename":"pygeodesy/karney.py"}},"pygeodesy_ktm_py":{"hash":"da52cf2010bf8fe8bb277ae186b1a9d9","index":{"nums":[0,1,235,38,9,0,0,0],"html_filename":"pygeodesy_ktm_py.html","relative_filename":"pygeodesy/ktm.py"}},"pygeodesy_latlonBase_py":{"hash":"e6b4e9f5a661b3422aa39b8353d7733f","index":{"nums":[0,1,477,66,30,0,0,0],"html_filename":"pygeodesy_latlonBase_py.html","relative_filename":"pygeodesy/latlonBase.py"}},"pygeodesy_lazily_py":{"hash":"deeecda72fac4c7c42dd23c81ba53b0f","index":{"nums":[0,1,191,75,14,0,0,0],"html_filename":"pygeodesy_lazily_py.html","relative_filename":"pygeodesy/lazily.py"}},"pygeodesy_lcc_py":{"hash":"7884dc6033e0e8b8a6961f919132029b","index":{"nums":[0,1,282,14,11,0,0,0],"html_filename":"pygeodesy_lcc_py.html","relative_filename":"pygeodesy/lcc.py"}},"pygeodesy_ltp_py":{"hash":"ea92671b7e9e9e79d437079075d950f1","index":{"nums":[0,1,421,41,19,0,0,0],"html_filename":"pygeodesy_ltp_py.html","relative_filename":"pygeodesy/ltp.py"}},"pygeodesy_ltpTuples_py":{"hash":"dbbea9ef58c70635816eadb0b52f3866","index":{"nums":[0,1,570,40,32,0,0,0],"html_filename":"pygeodesy_ltpTuples_py.html","relative_filename":"pygeodesy/ltpTuples.py"}},"pygeodesy_mgrs_py":{"hash":"f4b0218a57d52bf3e899fadc8f33877b","index":{"nums":[0,1,266,52,2,0,0,0],"html_filename":"pygeodesy_mgrs_py.html","relative_filename":"pygeodesy/mgrs.py"}},"pygeodesy_named_py":{"hash":"1905292f594dc78120c9342783cdfb7d","index":{"nums":[0,1,507,116,22,0,0,0],"html_filename":"pygeodesy_named_py.html","relative_filename":"pygeodesy/named.py"}},"pygeodesy_namedTuples_py":{"hash":"66c9d325e4bdee44b4eccca8b7419f88","index":{"nums":[0,1,202,1,6,0,0,0],"html_filename":"pygeodesy_namedTuples_py.html","relative_filename":"pygeodesy/namedTuples.py"}},"pygeodesy_nvectorBase_py":{"hash":"42f9887f167eb8379bf3891da3de417d","index":{"nums":[0,1,249,23,11,0,0,0],"html_filename":"pygeodesy_nvectorBase_py.html","relative_filename":"pygeodesy/nvectorBase.py"}},"pygeodesy_osgr_py":{"hash":"e4b1ec391945655dec69f05d1354a808","index":{"nums":[0,1,306,65,8,0,0,0],"html_filename":"pygeodesy_osgr_py.html","relative_filename":"pygeodesy/osgr.py"}},"pygeodesy_points_py":{"hash":"b371677fea99db57cff8af341bb0504a","index":{"nums":[0,1,532,80,36,0,0,0],"html_filename":"pygeodesy_points_py.html","relative_filename":"pygeodesy/points.py"}},"pygeodesy_props_py":{"hash":"3a8434d906884ed84a70ec5e48b0e3a0","index":{"nums":[0,1,212,54,4,0,0,0],"html_filename":"pygeodesy_props_py.html","relative_filename":"pygeodesy/props.py"}},"pygeodesy_resections_py":{"hash":"89443bd8b30564e5d28c647f914bd3d1","index":{"nums":[0,1,366,65,10,0,0,0],"html_filename":"pygeodesy_resections_py.html","relative_filename":"pygeodesy/resections.py"}},"pygeodesy_rhumb___init___py":{"hash":"03e87610e605e12d0494853525947eb0","index":{"nums":[0,1,11,0,0,0,0,0],"html_filename":"pygeodesy_rhumb___init___py.html","relative_filename":"pygeodesy/rhumb/__init__.py"}},"pygeodesy_rhumb_aux__py":{"hash":"1ed97a98e023fcb04ef072cab66301ae","index":{"nums":[0,1,142,2,6,0,0,0],"html_filename":"pygeodesy_rhumb_aux__py.html","relative_filename":"pygeodesy/rhumb/aux_.py"}},"pygeodesy_rhumb_bases_py":{"hash":"ed496a4a8a7d3bf9e72c0234a86b3f6d","index":{"nums":[0,1,383,97,24,0,0,0],"html_filename":"pygeodesy_rhumb_bases_py.html","relative_filename":"pygeodesy/rhumb/bases.py"}},"pygeodesy_rhumb_ekx_py":{"hash":"17e443693b6c50aea9199b053fdb7c5d","index":{"nums":[0,1,231,24,4,0,0,0],"html_filename":"pygeodesy_rhumb_ekx_py.html","relative_filename":"pygeodesy/rhumb/ekx.py"}},"pygeodesy_rhumb_solve_py":{"hash":"9504594ae0f6aed87fd03b19445ac3ad","index":{"nums":[0,1,103,58,11,0,0,0],"html_filename":"pygeodesy_rhumb_solve_py.html","relative_filename":"pygeodesy/rhumb/solve.py"}},"pygeodesy_simplify_py":{"hash":"23beea291f1816a79b2cfcffe86fcda5","index":{"nums":[0,1,227,4,2,0,0,0],"html_filename":"pygeodesy_simplify_py.html","relative_filename":"pygeodesy/simplify.py"}},"pygeodesy_solveBase_py":{"hash":"3a74b2505c72bb8a82dfb2d8985cf167","index":{"nums":[0,1,216,31,12,0,0,0],"html_filename":"pygeodesy_solveBase_py.html","relative_filename":"pygeodesy/solveBase.py"}},"pygeodesy_sphericalBase_py":{"hash":"07cdafdf06606da1b01fea0ae9c64f66","index":{"nums":[0,1,248,11,14,0,0,0],"html_filename":"pygeodesy_sphericalBase_py.html","relative_filename":"pygeodesy/sphericalBase.py"}},"pygeodesy_sphericalNvector_py":{"hash":"35e4982c65b1f836773f5214d349af26","index":{"nums":[0,1,321,23,27,0,0,0],"html_filename":"pygeodesy_sphericalNvector_py.html","relative_filename":"pygeodesy/sphericalNvector.py"}},"pygeodesy_sphericalTrigonometry_py":{"hash":"afa5adecc7e99f3f6e1113fac3e22a8d","index":{"nums":[0,1,392,51,26,0,0,0],"html_filename":"pygeodesy_sphericalTrigonometry_py.html","relative_filename":"pygeodesy/sphericalTrigonometry.py"}},"pygeodesy_streprs_py":{"hash":"820bf767945225062423ba7e3516f284","index":{"nums":[0,1,275,20,11,0,0,0],"html_filename":"pygeodesy_streprs_py.html","relative_filename":"pygeodesy/streprs.py"}},"pygeodesy_trf_py":{"hash":"4dbbc29efa56817dcda7d4956db2ff3c","index":{"nums":[0,1,621,57,31,0,0,0],"html_filename":"pygeodesy_trf_py.html","relative_filename":"pygeodesy/trf.py"}},"pygeodesy_triaxials_py":{"hash":"83df677d0e611837b64e7cc243d33ab1","index":{"nums":[0,1,586,48,28,0,0,0],"html_filename":"pygeodesy_triaxials_py.html","relative_filename":"pygeodesy/triaxials.py"}},"pygeodesy_units_py":{"hash":"30660b9a841f3d384eeac12c3d98b2f5","index":{"nums":[0,1,330,18,18,0,0,0],"html_filename":"pygeodesy_units_py.html","relative_filename":"pygeodesy/units.py"}},"pygeodesy_unitsBase_py":{"hash":"df6eb4664a4a6a529101eaacc2b1c5f8","index":{"nums":[0,1,107,7,1,0,0,0],"html_filename":"pygeodesy_unitsBase_py.html","relative_filename":"pygeodesy/unitsBase.py"}},"pygeodesy_ups_py":{"hash":"9e66d8f3201e9ddd71a334d04a4bc114","index":{"nums":[0,1,164,9,5,0,0,0],"html_filename":"pygeodesy_ups_py.html","relative_filename":"pygeodesy/ups.py"}},"pygeodesy_utily_py":{"hash":"568f6b8f53d167a85617cda5f2791abb","index":{"nums":[0,1,336,14,30,0,0,0],"html_filename":"pygeodesy_utily_py.html","relative_filename":"pygeodesy/utily.py"}},"pygeodesy_utm_py":{"hash":"21273f6b710efb87eaf7d00a0faa7775","index":{"nums":[0,1,261,20,8,0,0,0],"html_filename":"pygeodesy_utm_py.html","relative_filename":"pygeodesy/utm.py"}},"pygeodesy_utmups_py":{"hash":"d9ac7d46ab51881f8b1adc497ea75af7","index":{"nums":[0,1,87,13,2,0,0,0],"html_filename":"pygeodesy_utmups_py.html","relative_filename":"pygeodesy/utmups.py"}},"pygeodesy_utmupsBase_py":{"hash":"b790b9e0cc011d2880a2b25ad1f7c7f9","index":{"nums":[0,1,234,24,5,0,0,0],"html_filename":"pygeodesy_utmupsBase_py.html","relative_filename":"pygeodesy/utmupsBase.py"}},"pygeodesy_vector2d_py":{"hash":"f4d0148d5d4563ece4b2f65a98833499","index":{"nums":[0,1,318,24,7,0,0,0],"html_filename":"pygeodesy_vector2d_py.html","relative_filename":"pygeodesy/vector2d.py"}},"pygeodesy_vector3d_py":{"hash":"f3804165c6d4fcb0568d1fa715dec16f","index":{"nums":[0,1,233,44,8,0,0,0],"html_filename":"pygeodesy_vector3d_py.html","relative_filename":"pygeodesy/vector3d.py"}},"pygeodesy_vector3dBase_py":{"hash":"b90af05bf1990f7baf8f313c17ebc3b4","index":{"nums":[0,1,274,94,20,0,0,0],"html_filename":"pygeodesy_vector3dBase_py.html","relative_filename":"pygeodesy/vector3dBase.py"}},"pygeodesy_webmercator_py":{"hash":"220c49290bd8ff8c058b2b27ad516358","index":{"nums":[0,1,129,13,1,0,0,0],"html_filename":"pygeodesy_webmercator_py.html","relative_filename":"pygeodesy/webmercator.py"}},"pygeodesy_wgrs_py":{"hash":"19f29f0454703a836c12fbf8cca20a4b","index":{"nums":[0,1,188,7,4,0,0,0],"html_filename":"pygeodesy_wgrs_py.html","relative_filename":"pygeodesy/wgrs.py"}}}}