{"format":1,"version":"4.5.4","settings":"8772a54b90e42195dad9a4be94d66a8e","files":{"pygeodesy___init___py":{"hash":"1a8c55b0000a9c7662cc48512c5a714e","index":{"nums":[1,107,3,3,0,0,0],"html_filename":"pygeodesy___init___py.html","relative_filename":"pygeodesy/__init__.py"}},"pygeodesy_bases_py":{"hash":"596b5e3e8befc65af13ec19f5e492823","index":{"nums":[1,6,0,0,0,0,0],"html_filename":"pygeodesy_bases_py.html","relative_filename":"pygeodesy/bases.py"}},"pygeodesy_cartesianBase_py":{"hash":"8d1f5166f3de4d9ef6a2d9bb900e9c8c","index":{"nums":[1,98,9,2,0,0,0],"html_filename":"pygeodesy_cartesianBase_py.html","relative_filename":"pygeodesy/cartesianBase.py"}},"pygeodesy_clipy_py":{"hash":"effc96b95bf3c959f4eed2f6b03acbb0","index":{"nums":[1,198,8,12,0,0,0],"html_filename":"pygeodesy_clipy_py.html","relative_filename":"pygeodesy/clipy.py"}},"pygeodesy_css_py":{"hash":"b76b93af71819429470838189fdd93ac","index":{"nums":[1,176,4,8,0,0,0],"html_filename":"pygeodesy_css_py.html","relative_filename":"pygeodesy/css.py"}},"pygeodesy_datum_py":{"hash":"69eb3fea62adfec88a1794867300ae54","index":{"nums":[1,403,26,10,0,0,0],"html_filename":"pygeodesy_datum_py.html","relative_filename":"pygeodesy/datum.py"}},"pygeodesy_deprecated_py":{"hash":"34d5f0e4acaab422005c003a2ab0d511","index":{"nums":[1,77,0,0,0,0,0],"html_filename":"pygeodesy_deprecated_py.html","relative_filename":"pygeodesy/deprecated.py"}},"pygeodesy_dms_py":{"hash":"c00d73e2e9b78816921e0bf3ca105890","index":{"nums":[1,201,12,11,0,0,0],"html_filename":"pygeodesy_dms_py.html","relative_filename":"pygeodesy/dms.py"}},"pygeodesy_ecef_py":{"hash":"05acb736a903ca3d9127d25ea40dc351","index":{"nums":[1,298,9,16,0,0,0],"html_filename":"pygeodesy_ecef_py.html","relative_filename":"pygeodesy/ecef.py"}},"pygeodesy_elevations_py":{"hash":"62cbedd1055aaedf271cc271f3069062","index":{"nums":[1,74,19,6,0,0,0],"html_filename":"pygeodesy_elevations_py.html","relative_filename":"pygeodesy/elevations.py"}},"pygeodesy_ellipsoidalBase_py":{"hash":"c85b3c65d96d6b50dad79ec11a19fb06","index":{"nums":[1,184,9,11,0,0,0],"html_filename":"pygeodesy_ellipsoidalBase_py.html","relative_filename":"pygeodesy/ellipsoidalBase.py"}},"pygeodesy_ellipsoidalKarney_py":{"hash":"4074ffe54e75f007133ddbdbb6e9c397","index":{"nums":[1,87,3,2,0,0,0],"html_filename":"pygeodesy_ellipsoidalKarney_py.html","relative_filename":"pygeodesy/ellipsoidalKarney.py"}},"pygeodesy_ellipsoidalNvector_py":{"hash":"84d53a8398e0b42d3bb65799a97833fa","index":{"nums":[1,157,1,9,0,0,0],"html_filename":"pygeodesy_ellipsoidalNvector_py.html","relative_filename":"pygeodesy/ellipsoidalNvector.py"}},"pygeodesy_ellipsoidalVincenty_py":{"hash":"1f22610952d5b5ae5318b663e5472501","index":{"nums":[1,144,14,2,0,0,0],"html_filename":"pygeodesy_ellipsoidalVincenty_py.html","relative_filename":"pygeodesy/ellipsoidalVincenty.py"}},"pygeodesy_elliptic_py":{"hash":"5ee168e0283e234a1ff1fddf1f85446b","index":{"nums":[1,336,21,9,0,0,0],"html_filename":"pygeodesy_elliptic_py.html","relative_filename":"pygeodesy/elliptic.py"}},"pygeodesy_epsg_py":{"hash":"e1de7d2ab3d26fb4f0e2f12e42dae63a","index":{"nums":[1,92,5,4,0,0,0],"html_filename":"pygeodesy_epsg_py.html","relative_filename":"pygeodesy/epsg.py"}},"pygeodesy_etm_py":{"hash":"326ef38862e1e2b5e20d4493634cbddc","index":{"nums":[1,366,6,18,0,0,0],"html_filename":"pygeodesy_etm_py.html","relative_filename":"pygeodesy/etm.py"}},"pygeodesy_fmath_py":{"hash":"f72b580a3cd6e69c3b299fd72714babf","index":{"nums":[1,343,70,13,0,0,0],"html_filename":"pygeodesy_fmath_py.html","relative_filename":"pygeodesy/fmath.py"}},"pygeodesy_formy_py":{"hash":"8788487572083f53c9367dbbe00fe856","index":{"nums":[1,113,5,8,0,0,0],"html_filename":"pygeodesy_formy_py.html","relative_filename":"pygeodesy/formy.py"}},"pygeodesy_frechet_py":{"hash":"4358893f6c91ca40b3788e3f045f3f94","index":{"nums":[1,171,8,15,0,0,0],"html_filename":"pygeodesy_frechet_py.html","relative_filename":"pygeodesy/frechet.py"}},"pygeodesy_gars_py":{"hash":"d32f9419a14b429e99a95ad4475651c3","index":{"nums":[1,158,10,8,0,0,0],"html_filename":"pygeodesy_gars_py.html","relative_filename":"pygeodesy/gars.py"}},"pygeodesy_geohash_py":{"hash":"68676a644bd97a9bf764dad86bc271f3","index":{"nums":[1,237,15,10,0,0,0],"html_filename":"pygeodesy_geohash_py.html","relative_filename":"pygeodesy/geohash.py"}},"pygeodesy_geoids_py":{"hash":"98b6aec20967db29f5d7881b14ae8717","index":{"nums":[1,650,73,48,0,0,0],"html_filename":"pygeodesy_geoids_py.html","relative_filename":"pygeodesy/geoids.py"}},"pygeodesy_hausdorff_py":{"hash":"9eda08978d83d8bad511a30d7084b288","index":{"nums":[1,184,6,12,0,0,0],"html_filename":"pygeodesy_hausdorff_py.html","relative_filename":"pygeodesy/hausdorff.py"}},"pygeodesy_heights_py":{"hash":"2c096718a8607a8da0f4067faa9041d5","index":{"nums":[1,287,31,17,0,0,0],"html_filename":"pygeodesy_heights_py.html","relative_filename":"pygeodesy/heights.py"}},"pygeodesy_latlonBase_py":{"hash":"ac8d10f8f8db34e9cb5cce2ff3573627","index":{"nums":[1,188,11,2,0,0,0],"html_filename":"pygeodesy_latlonBase_py.html","relative_filename":"pygeodesy/latlonBase.py"}},"pygeodesy_lazily_py":{"hash":"35bc2cf6125bba2c98cd1bb51067c5a9","index":{"nums":[1,109,11,8,0,0,0],"html_filename":"pygeodesy_lazily_py.html","relative_filename":"pygeodesy/lazily.py"}},"pygeodesy_lcc_py":{"hash":"32e3067de874b021210a7017014f4b38","index":{"nums":[1,211,7,8,0,0,0],"html_filename":"pygeodesy_lcc_py.html","relative_filename":"pygeodesy/lcc.py"}},"pygeodesy_mgrs_py":{"hash":"c54566e5a75fff60cb9d67ded0d88abc","index":{"nums":[1,114,5,7,0,0,0],"html_filename":"pygeodesy_mgrs_py.html","relative_filename":"pygeodesy/mgrs.py"}},"pygeodesy_named_py":{"hash":"dea4cdbe95ed636a38863edc9e736161","index":{"nums":[1,342,42,14,0,0,0],"html_filename":"pygeodesy_named_py.html","relative_filename":"pygeodesy/named.py"}},"pygeodesy_nvector_py":{"hash":"3dffc014e408f96a6ad1b7328c4d2dfd","index":{"nums":[1,5,0,0,0,0,0],"html_filename":"pygeodesy_nvector_py.html","relative_filename":"pygeodesy/nvector.py"}},"pygeodesy_nvectorBase_py":{"hash":"1489d97022bd176242a813947eacaac4","index":{"nums":[1,100,1,3,0,0,0],"html_filename":"pygeodesy_nvectorBase_py.html","relative_filename":"pygeodesy/nvectorBase.py"}},"pygeodesy_osgr_py":{"hash":"92876f4bc197fc2cab3cddaa78ffd958","index":{"nums":[1,179,9,9,0,0,0],"html_filename":"pygeodesy_osgr_py.html","relative_filename":"pygeodesy/osgr.py"}},"pygeodesy_points_py":{"hash":"d3f6bc79aead4cccf46431a4b9bc50f9","index":{"nums":[1,464,41,34,0,0,0],"html_filename":"pygeodesy_points_py.html","relative_filename":"pygeodesy/points.py"}},"pygeodesy_simplify_py":{"hash":"357042d929a2fd41cb5d774946cd9660","index":{"nums":[1,220,3,9,0,0,0],"html_filename":"pygeodesy_simplify_py.html","relative_filename":"pygeodesy/simplify.py"}},"pygeodesy_sphericalBase_py":{"hash":"334625bfe1d40990e94fecf30f12dc64","index":{"nums":[1,103,3,7,0,0,0],"html_filename":"pygeodesy_sphericalBase_py.html","relative_filename":"pygeodesy/sphericalBase.py"}},"pygeodesy_sphericalNvector_py":{"hash":"406a6e1cedcdf54b2a2fc86d78cdffb7","index":{"nums":[1,295,7,12,0,0,0],"html_filename":"pygeodesy_sphericalNvector_py.html","relative_filename":"pygeodesy/sphericalNvector.py"}},"pygeodesy_sphericalTrigonometry_py":{"hash":"2a9eaf345ce0a26aa0e7d54b1af7be1c","index":{"nums":[1,266,21,11,0,0,0],"html_filename":"pygeodesy_sphericalTrigonometry_py.html","relative_filename":"pygeodesy/sphericalTrigonometry.py"}},"pygeodesy_trf_py":{"hash":"f1c03a4eae085ea4026ffb1e8109f791","index":{"nums":[1,83,16,6,0,0,0],"html_filename":"pygeodesy_trf_py.html","relative_filename":"pygeodesy/trf.py"}},"pygeodesy_ups_py":{"hash":"ae1309e103c10debb63b4ba6bf4ec1e2","index":{"nums":[1,174,9,8,0,0,0],"html_filename":"pygeodesy_ups_py.html","relative_filename":"pygeodesy/ups.py"}},"pygeodesy_utily_py":{"hash":"89f128e329e8d393e7204c6cbb19533b","index":{"nums":[1,205,12,7,0,0,0],"html_filename":"pygeodesy_utily_py.html","relative_filename":"pygeodesy/utily.py"}},"pygeodesy_utm_py":{"hash":"d2f28950198e09f9dcf89832d61f51cb","index":{"nums":[1,255,15,8,0,0,0],"html_filename":"pygeodesy_utm_py.html","relative_filename":"pygeodesy/utm.py"}},"pygeodesy_utmups_py":{"hash":"cf716a0efb6e8317d09fde686e1aa8eb","index":{"nums":[1,100,4,4,0,0,0],"html_filename":"pygeodesy_utmups_py.html","relative_filename":"pygeodesy/utmups.py"}},"pygeodesy_utmupsBase_py":{"hash":"5bc0f6cdc1d559e9bef4c705480f7145","index":{"nums":[1,127,6,6,0,0,0],"html_filename":"pygeodesy_utmupsBase_py.html","relative_filename":"pygeodesy/utmupsBase.py"}},"pygeodesy_vector3d_py":{"hash":"58e889d5be6cb930a5d7a3cdb5f320d0","index":{"nums":[1,208,10,17,0,0,0],"html_filename":"pygeodesy_vector3d_py.html","relative_filename":"pygeodesy/vector3d.py"}},"pygeodesy_webmercator_py":{"hash":"7d3c48bebdb21673bbfef69702b7c30c","index":{"nums":[1,97,7,7,0,0,0],"html_filename":"pygeodesy_webmercator_py.html","relative_filename":"pygeodesy/webmercator.py"}},"pygeodesy_wgrs_py":{"hash":"5c56ea0287eb14cc8acca3b257277e78","index":{"nums":[1,208,12,13,0,0,0],"html_filename":"pygeodesy_wgrs_py.html","relative_filename":"pygeodesy/wgrs.py"}}}}